learningArea,contentKey,questionType,status,difficulty,conceptKeys,promptMarkdown,finalClassification,assessmentBasis,scenarioContextReviewed,contentCorrectionFields,modelAnswerChars,explanationChars,normalizedSimilarity
backend-engineering,backend.core.api.resource-endpoint.q2,DESCRIPTIVE,PUBLISHED,MEDIUM,backend.core.api.resource-endpoint,`/orders/{id}/cancel`과 `/orders/{id}/cancellations` 중 하나가 무조건 옳지 않은 이유를 설명하라.,MODEL_ANSWER_SUFFICIENT,하나의 중심 판단으로 수렴해 모델답변·설명으로 직접 대조 가능: “취소가 단순 command인지 별도 이력·조회가 필요한 resource인지 product 의미에 따라 표현이 달라지기 때문이다.”,NOT_APPLICABLE,NO_CONTENT_CHANGE,71,180,0.287
backend-engineering,backend.core.api.resource-endpoint.q3,SCENARIO,PUBLISHED,MEDIUM,backend.core.api.resource-endpoint,`/members/7/orders/42/items/3`처럼 중첩이 계속 깊어지고 동일 item에 여러 URI가 생긴다. 무엇을 기준으로 단순화하겠는가?,MODEL_ANSWER_SUFFICIENT,"하나의 중심 판단으로 수렴해 모델답변·설명으로 직접 대조 가능: “부모 ID가 resource 식별/authorization에 실제 필요한지, canonical URI가 무엇인지 기준으로 depth를 줄인다.”",YES_CONTEXT_USED,NO_CONTENT_CHANGE,79,182,0.493
backend-engineering,backend.core.api.methods-status.q2,DESCRIPTIVE,PUBLISHED,MEDIUM,backend.core.api.methods-status,"`201 Created`, `202 Accepted`, `409 Conflict`가 각각 어떤 계약을 표현하는지 설명하라.",STRUCTURED_CRITERIA_USEFUL,생성 완료와 생성 결과 위치 | 아직 완료되지 않은 접수 | 현재 resource state와 충돌하는 요청,NOT_APPLICABLE,NO_CONTENT_CHANGE,90,164,0.577
backend-engineering,backend.core.api.methods-status.q3,SCENARIO,PUBLISHED,MEDIUM,backend.core.api.methods-status,결제 요청을 모든 실패 포함 `200 {success:false}`로 반환한다. 어떤 interoperability/contract 문제가 생기는가?,MODEL_ANSWER_SUFFICIENT,하나의 중심 판단으로 수렴해 모델답변·설명으로 직접 대조 가능: “HTTP client/proxy가 transport-level 성공으로만 해석하고 일반적인 실패 처리가 어려워진다. 적절한 status와 안정적 error body를 분리해야 한다.”,YES_CONTEXT_USED,NO_CONTENT_CHANGE,101,199,0.335
backend-engineering,backend.core.api.compatibility.q2,DESCRIPTIVE,PUBLISHED,MEDIUM,backend.core.api.compatibility,enum 값 추가가 왜 일부 client에게 breaking change가 될 수 있는지 설명하라.,MODEL_ANSWER_SUFFICIENT,하나의 중심 판단으로 수렴해 모델답변·설명으로 직접 대조 가능: “strict deserializer나 exhaustive switch가 unknown value를 처리하지 못하면 schema상 작은 확장도 runtime 실패가 될 수 있다.”,NOT_APPLICABLE,NO_CONTENT_CHANGE,98,209,0.459
backend-engineering,backend.core.api.compatibility.q3,SCENARIO,PUBLISHED,HARD,backend.core.api.compatibility,old/new client가 한 달간 공존해야 하는 필드를 교체하려 한다. 안전한 rollout 순서를 제시하라.,MODEL_ANSWER_SUFFICIENT,하나의 중심 판단으로 수렴해 모델답변·설명으로 직접 대조 가능: “새 field additive 제공→server가 old/new 동시 지원→client migration→usage 관측/deprecation→old field 제거 순으로 공존 기간을 둔다.”,YES_CONTEXT_USED,NO_CONTENT_CHANGE,107,179,0.524
backend-engineering,backend.core.bulk-batch.batch-recovery.q1,DESCRIPTIVE,PUBLISHED,MEDIUM,backend.core.bulk-batch.batch-recovery,checkpoint와 idempotency의 차이를 설명하고 둘이 모두 필요한 batch 사례를 하나 들어라.,STRUCTURED_CRITERIA_USEFUL,재시작 위치 checkpoint | 항목별 중복 side effect 방지 | 송금 사례에서 두 보장의 결합,NOT_APPLICABLE,NO_CONTENT_CHANGE,187,174,0.386
backend-engineering,backend.core.bulk-batch.bulk-processing.q2,DESCRIPTIVE,PUBLISHED,HARD,backend.core.bulk-batch.bulk-processing|backend.core.bulk-batch.batch-recovery,"다음 두 transaction 단위를 비교하라.

| 방식 | 단위 |
| --- | ---: |
| 하나의 transaction | 1,000,000건 |
| chunk transaction | 1,000건 |

질문: 두 방식의 trade-off를 설명하라.",STRUCTURED_CRITERIA_USEFUL,전체 atomicity와 rollback 범위 | 장기 lock·WAL·persistence 자원 | chunk partial commit의 checkpoint·idempotency·복구,NOT_APPLICABLE,NO_CONTENT_CHANGE,207,199,0.589
backend-engineering,backend.core.bulk-batch.file-api.q2,SCENARIO,PUBLISHED,HARD,backend.core.bulk-batch.file-api,2GB 파일 업로드 API가 요청 하나를 15분 동안 점유한다. 업로드와 후처리 경계를 어떻게 바꿀지 설명하라.,MODEL_ANSWER_SUFFICIENT,하나의 중심 판단으로 수렴해 모델답변·설명으로 직접 대조 가능: “크기 제한과 임시 저장 정책을 명시하고 업로드 완료와 데이터 처리 완료를 분리한다. 업로드가 끝나면 식별자를 반환한 뒤 별도 작업으로 parse/검증/import를 수행하고 진행 상태와 실패 원인을 조회할 수 있게 한다. 파일명은 서버가 생성하고 임시 자원 정리도 실패 경로에 포함한다.”,YES_CONTEXT_USED,NO_CONTENT_CHANGE,160,162,0.189
backend-engineering,backend.core.bulk-batch.batch-recovery.q2,SCENARIO,PUBLISHED,HARD,backend.core.bulk-batch.batch-recovery,"다음 batch 상태를 생각하자.

1. 전체 10만 건 중 8만 건을 처리한다.
2. 그 시점에 프로세스가 죽는다.
3. 재시작 후 앞 8만 건의 외부 알림이 다시 전송될 수 있다.

질문: 중복 알림을 피하려면 어떤 상태가 필요할까?",STRUCTURED_CRITERIA_USEFUL,durable progress checkpoint | 알림별 business identity와 처리 상태 | 전송 후 checkpoint 전 crash의 중복 방지,YES_CONTEXT_USED,NO_CONTENT_CHANGE,180,189,0.355
backend-engineering,backend.core.concurrency-transaction.lost-update.q2,DESCRIPTIVE,PUBLISHED,MEDIUM,backend.core.concurrency-transaction.lost-update,단순 view count 증가에 atomic SQL이 적합할 수 있는 이유를 설명하라.,MODEL_ANSWER_SUFFICIENT,하나의 중심 판단으로 수렴해 모델답변·설명으로 직접 대조 가능: “`SET count=count+1`을 DB 한 statement로 수행해 read와 write 사이 race를 제거하고 복잡한 객체 merge가 필요 없기 때문이다.”,NOT_APPLICABLE,NO_CONTENT_CHANGE,92,173,0.394
backend-engineering,backend.core.concurrency-transaction.lost-update.q3,SCENARIO,PUBLISHED,HARD,backend.core.concurrency-transaction.lost-update,`@Transactional`을 붙였는데도 두 요청 결과가 101로 끝났다. 왜 transaction만으로 해결되지 않았는가?,MODEL_ANSWER_SUFFICIENT,하나의 중심 판단으로 수렴해 모델답변·설명으로 직접 대조 가능: “기본 isolation이 모든 read-modify-write를 직렬화하지 않기 때문이다. atomic update/version/lock 등 invariant에 맞는 concurrency control이 필요하다.”,YES_CONTEXT_USED,NO_CONTENT_CHANGE,120,204,0.453
backend-engineering,backend.core.concurrency-transaction.optimistic.q2,DESCRIPTIVE,PUBLISHED,MEDIUM,backend.core.concurrency-transaction.optimistic,optimistic conflict 감지 후 자동 retry가 항상 안전하지 않은 이유를 설명하라.,MODEL_ANSWER_SUFFICIENT,하나의 중심 판단으로 수렴해 모델답변·설명으로 직접 대조 가능: “사용자 의도나 business state가 바뀌었을 수 있어 최신 state에 같은 명령을 다시 적용하는 것이 동일 의미가 아닐 수 있기 때문이다.”,NOT_APPLICABLE,NO_CONTENT_CHANGE,82,150,0.149
backend-engineering,backend.core.concurrency-transaction.optimistic.q3,SCENARIO,PUBLISHED,MEDIUM,backend.core.concurrency-transaction.optimistic,"다음 version 흐름을 생각하자.

1. 두 관리자가 모두 v7을 읽어 수정한다.
2. 첫 요청이 v8로 update에 성공한다.
3. 두 번째 update의 affected row가 0이다.

질문: API는 무엇을 고려해야 하는가?",MODEL_ANSWER_SUFFICIENT,하나의 중심 판단으로 수렴해 모델답변·설명으로 직접 대조 가능: “stale write conflict를 명시하고 최신 representation을 다시 보여주거나 use-case상 안전한 경우에만 재시도한다.”,YES_CONTEXT_USED,NO_CONTENT_CHANGE,80,215,0.237
backend-engineering,backend.core.concurrency-transaction.usecase-transaction.q2,DESCRIPTIVE,PUBLISHED,MEDIUM,backend.core.concurrency-transaction.usecase-transaction,DB transaction 안에서 느린 remote call을 수행할 때 생길 수 있는 자원 문제를 설명하라.,MODEL_ANSWER_SUFFICIENT,하나의 중심 판단으로 수렴해 모델답변·설명으로 직접 대조 가능: “transaction이 끝날 때까지 DB connection이 반환되지 않으면 점유 시간이 길어져 pool pressure가 커질 수 있다. 이미 row를 갱신했거나 lock을 획득했다면 그 lock도 remote call 동안 유지되어 다른 transaction을 막을 수 있다.”,NOT_APPLICABLE,modelAnswer|explanationMarkdown,157,281,0.097
backend-engineering,backend.core.concurrency-transaction.usecase-transaction.q3,SCENARIO,PUBLISHED,HARD,backend.core.concurrency-transaction.usecase-transaction,"다음 순서로 local DB와 message publish가 진행됐다.

1. DB commit 성공
2. message publish 실패
3. 후속 작업이 사라짐

질문: local transaction만으로 해결할 수 있는가?",MODEL_ANSWER_SUFFICIENT,하나의 중심 판단으로 수렴해 모델답변·설명으로 직접 대조 가능: “아니다. DB와 broker는 별도 resource이므로 outbox 같은 durable handoff나 reconciliation이 필요하다.”,YES_CONTEXT_USED,NO_CONTENT_CHANGE,80,192,0.416
backend-engineering,backend.core.domain.entity.q2,DESCRIPTIVE,PUBLISHED,MEDIUM,backend.core.domain.entity,DB surrogate key와 외부 주문 번호를 분리할 수 있는 이유를 설명하라.,MODEL_ANSWER_SUFFICIENT,하나의 중심 판단으로 수렴해 모델답변·설명으로 직접 대조 가능: “DB 관계/저장 최적화용 identity와 business/external identity의 변경 이유와 노출 범위가 다를 수 있기 때문이다.”,NOT_APPLICABLE,NO_CONTENT_CHANGE,79,168,0.237
backend-engineering,backend.core.domain.entity.q3,SCENARIO,PUBLISHED,MEDIUM,backend.core.domain.entity,`setStatus(PAID)` 같은 setter가 많은 Order Entity에서 어떤 lifecycle 문제가 생길 수 있는가?,MODEL_ANSWER_SUFFICIENT,"하나의 중심 판단으로 수렴해 모델답변·설명으로 직접 대조 가능: “호출자가 허용되지 않은 상태를 직접 만들 수 있어 transition invariant를 우회한다. `pay`, `ship`, `cancel`처럼 의도를 드러내는 동작으로 상태 전이를 소유하게 한다.”",YES_CONTEXT_USED,NO_CONTENT_CHANGE,111,180,0.332
backend-engineering,backend.core.domain.value-object.q2,DESCRIPTIVE,PUBLISHED,MEDIUM,backend.core.domain.value-object,`Money`를 단순 `BigDecimal` 대신 Value Object로 만들 때 얻는 경계상의 장점을 설명하라.,MODEL_ANSWER_SUFFICIENT,"하나의 중심 판단으로 수렴해 모델답변·설명으로 직접 대조 가능: “통화, 음수 여부, scale/rounding 같은 규칙을 생성 경계에 묶고 method signature에서 의미를 명시하며 값 동등성을 일관되게 만든다.”",NOT_APPLICABLE,NO_CONTENT_CHANGE,87,188,0.356
backend-engineering,backend.core.domain.value-object.q3,SCENARIO,PUBLISHED,MEDIUM,backend.core.domain.value-object,외부 List를 그대로 저장하는 Value Object를 만들었더니 생성 후 원본 List 수정으로 값이 바뀐다. 무엇이 깨졌는가?,MODEL_ANSWER_SUFFICIENT,하나의 중심 판단으로 수렴해 모델답변·설명으로 직접 대조 가능: “Value Object의 값 안정성과 equality 전제가 깨졌다. defensive copy/immutable collection으로 ownership을 분리해야 한다.”,YES_CONTEXT_USED,NO_CONTENT_CHANGE,96,178,0.622
backend-engineering,backend.core.domain.invariant-lifecycle.q2,DESCRIPTIVE,PUBLISHED,MEDIUM,backend.core.domain.invariant-lifecycle,상태 enum을 선언하는 것만으로 lifecycle 모델링이 충분하지 않은 이유를 설명하라.,MODEL_ANSWER_SUFFICIENT,"하나의 중심 판단으로 수렴해 모델답변·설명으로 직접 대조 가능: “허용된 transition, transition 조건, 실패 시 기존 상태 보존, side effect 경계가 계약되어야 실제 lifecycle을 보호하기 때문이다.”",NOT_APPLICABLE,NO_CONTENT_CHANGE,92,169,0.273
backend-engineering,backend.core.domain.invariant-lifecycle.q3,SCENARIO,PUBLISHED,MEDIUM,backend.core.domain.invariant-lifecycle,`Order.place()`는 items empty를 막지만 public `setItems()`가 남아 있다. 무엇을 수정해야 하는가?,MODEL_ANSWER_SUFFICIENT,하나의 중심 판단으로 수렴해 모델답변·설명으로 직접 대조 가능: “다른 생성/변경 경로가 invariant를 우회한다. mutable setter를 제거하거나 invariant를 지키는 intention-revealing method로 제한한다.”,YES_CONTEXT_USED,NO_CONTENT_CHANGE,100,184,0.311
backend-engineering,backend.core.dto-validation-error.dto-boundary.q2,DESCRIPTIVE,PUBLISHED,MEDIUM,backend.core.dto-validation-error.dto-boundary,응답 DTO와 query projection이 Domain Entity graph와 달라도 되는 이유를 설명하라.,MODEL_ANSWER_SUFFICIENT,하나의 중심 판단으로 수렴해 모델답변·설명으로 직접 대조 가능: “조회 use-case는 외부 representation에 필요한 데이터만 읽는 것이 목적이며 domain lifecycle을 복원할 필요가 없는 경우가 있기 때문이다.”,NOT_APPLICABLE,NO_CONTENT_CHANGE,93,198,0.429
backend-engineering,backend.core.dto-validation-error.dto-boundary.q3,SCENARIO,PUBLISHED,MEDIUM,backend.core.dto-validation-error.dto-boundary,"요청 DTO에 `role`, `status`, `createdAt`까지 Entity field를 그대로 넣었다. 어떤 공격/설계 문제가 생길 수 있는가?",MODEL_ANSWER_SUFFICIENT,하나의 중심 판단으로 수렴해 모델답변·설명으로 직접 대조 가능: “over-posting과 invariant 우회 위험이 생긴다. client가 설정 가능한 field만 DTO에 두고 server/domain이 소유하는 상태는 생성/전이 로직에서 결정한다.”,YES_CONTEXT_USED,NO_CONTENT_CHANGE,106,179,0.429
backend-engineering,backend.core.dto-validation-error.validation-layers.q2,DESCRIPTIVE,PUBLISHED,MEDIUM,backend.core.dto-validation-error.validation-layers,요청 검증과 domain invariant가 같은 검증이 아닌 이유를 예시와 함께 설명하라.,STRUCTURED_CRITERIA_USEFUL,요청 shape 검증 | state-dependent domain invariant | 각 규칙을 모든 진입 경로에서 보호하는 위치,NOT_APPLICABLE,NO_CONTENT_CHANGE,84,166,0.308
backend-engineering,backend.core.dto-validation-error.validation-layers.q3,SCENARIO,PUBLISHED,MEDIUM,backend.core.dto-validation-error.validation-layers,두 요청이 동시에 같은 email 가입을 통과해 한쪽이 unique violation으로 실패했다. client에 SQL 메시지를 그대로 보여줘야 하는가?,MODEL_ANSWER_SUFFICIENT,하나의 중심 판단으로 수렴해 모델답변·설명으로 직접 대조 가능: “아니다. DB exception을 의미 있는 conflict/error code로 번역하고 내부 SQL/constraint 세부는 숨긴다.”,YES_CONTEXT_USED,NO_CONTENT_CHANGE,77,189,0.177
backend-engineering,backend.core.dto-validation-error.error-contract.q2,DESCRIPTIVE,PUBLISHED,MEDIUM,backend.core.dto-validation-error.error-contract,HTTP status와 product error code를 함께 쓰는 이유를 설명하라.,MODEL_ANSWER_SUFFICIENT,"하나의 중심 판단으로 수렴해 모델답변·설명으로 직접 대조 가능: “status는 generic HTTP 의미를, product code는 구체적인 business 실패를 제공해 client와 중간 software 모두 해석할 수 있게 한다.”",NOT_APPLICABLE,NO_CONTENT_CHANGE,97,169,0.351
backend-engineering,backend.core.dto-validation-error.error-contract.q3,SCENARIO,PUBLISHED,HARD,backend.core.dto-validation-error.error-contract,5xx면 모두 자동 retry하는 client가 중복 결제를 만들었다. error contract와 operation contract에서 무엇이 부족했는가?,STRUCTURED_CRITERIA_USEFUL,재시도 가능성의 error 분류 | 동일 논리 작업의 idempotency identity,YES_CONTEXT_USED,NO_CONTENT_CHANGE,96,194,0.270
backend-engineering,backend.core.evolution.api-evolution.q1,DESCRIPTIVE,PUBLISHED,MEDIUM,backend.core.evolution.api-evolution,응답 JSON에 새 optional field를 추가하는 변경과 기존 field의 단위를 원→센트로 바꾸는 변경의 호환성 차이를 설명하라.,STRUCTURED_CRITERIA_USEFUL,unknown optional field의 소비자 호환성 | 기존 field 단위의 의미 안정성,NOT_APPLICABLE,NO_CONTENT_CHANGE,153,175,0.292
backend-engineering,backend.core.evolution.async-adoption.q1,DESCRIPTIVE,PUBLISHED,HARD,backend.core.evolution.async-adoption,DB에 주문을 commit한 뒤 broker publish 전에 프로세스가 죽으면 어떤 문제가 생기며 어떤 패턴을 검토할 수 있는가?,MODEL_ANSWER_SUFFICIENT,하나의 중심 판단으로 수렴해 모델답변·설명으로 직접 대조 가능: “주문 상태는 존재하지만 대응 event가 발행되지 않아 downstream이 영원히 모를 수 있다. business row와 outbox row를 같은 DB transaction에 저장하고 별도 publisher가 outbox를 broker에 전달하는 transactional outbox를 검토할 수 있다.”,NOT_APPLICABLE,NO_CONTENT_CHANGE,172,223,0.369
backend-engineering,backend.core.evolution.cache-adoption.q2,SCENARIO,PUBLISHED,HARD,backend.core.evolution.cache-adoption,재고 수량을 cache-aside로 읽는데 DB update 후 cache delete가 실패했다. 어떤 위험이 생기고 어떤 원칙으로 설계해야 하는가?,MODEL_ANSWER_SUFFICIENT,"하나의 중심 판단으로 수렴해 모델답변·설명으로 직접 대조 가능: “cache에 이전 재고가 남아 stale read가 발생할 수 있다. 재고처럼 강한 최신성이 필요한 상태는 cache를 source of truth로 두지 않고 TTL/invalidation 실패를 관측하며, 필요한 경우 해당 경로에서 cache 사용 자체를 피하거나 더 강한 일관성 전략을 선택한다.”",YES_CONTEXT_USED,NO_CONTENT_CHANGE,168,181,0.588
backend-engineering,backend.core.evolution.migration.q2,SCENARIO,PUBLISHED,HARD,backend.core.evolution.migration,수억 row table에 NOT NULL column을 추가하고 즉시 모든 row를 backfill하려 한다. 배포 전에 무엇을 확인해야 하는가?,MODEL_ANSWER_SUFFICIENT,"하나의 중심 판단으로 수렴해 모델답변·설명으로 직접 대조 가능: “해당 DB 버전의 ALTER/lock 동작, table 크기와 IO, backfill 시간, replication 영향, 기존 애플리케이션 호환성을 확인한다. 필요하면 nullable column 추가→점진적 backfill→새 코드 전환→constraint 추가처럼 단계를 나눈다.”",YES_CONTEXT_USED,NO_CONTENT_CHANGE,158,216,0.481
backend-engineering,backend.core.evolution.async-adoption.q2,SCENARIO,PUBLISHED,MEDIUM,backend.core.evolution.async-adoption,검색 색인 갱신을 비동기로 옮겼더니 같은 event가 두 번 처리되어 duplicate document 작업이 발생한다. 어디에서 해결 책임을 두어야 하는가?,MODEL_ANSWER_SUFFICIENT,하나의 중심 판단으로 수렴해 모델답변·설명으로 직접 대조 가능: “at-least-once delivery 가능성을 정상 조건으로 보고 consumer가 event/business key 기준으로 idempotent하게 처리하도록 한다. retry 횟수와 실패 상태를 관측하고 동일 event 재처리 결과가 canonical projection을 깨뜨리지 않게 설계한다.”,YES_CONTEXT_USED,NO_CONTENT_CHANGE,170,189,0.407
backend-engineering,backend.core.evolution.api-evolution.q2,SCENARIO,PUBLISHED,MEDIUM,backend.core.evolution.api-evolution,모바일 앱 구버전이 수개월 유지되는 상황에서 enum 응답에 새 값을 추가하려 한다. 어떤 호환성 위험을 확인할 것인가?,MODEL_ANSWER_SUFFICIENT,"하나의 중심 판단으로 수렴해 모델답변·설명으로 직접 대조 가능: “구버전 클라이언트가 unknown enum을 안전하게 처리하는지 확인해야 한다. exhaustive switch나 strict decoder가 실패한다면 새 값 추가도 breaking change가 될 수 있으므로 대체 처리 값, capability/version negotiation, 단계적 rollout 같은 대안을 검토한다.”",YES_CONTEXT_USED,NO_CONTENT_CHANGE,185,175,0.478
backend-engineering,backend.core.evolution.migration.q3,DESCRIPTIVE,PUBLISHED,MEDIUM,backend.core.evolution.migration,이미 production과 staging에 적용된 versioned migration 파일의 SQL을 수정하는 것이 위험한 이유를 설명하라.,MODEL_ANSWER_SUFFICIENT,하나의 중심 판단으로 수렴해 모델답변·설명으로 직접 대조 가능: “이미 적용된 migration 파일을 바꾸면 환경마다 같은 version이 서로 다른 schema history를 의미하게 되어 재현성과 감사 가능성이 깨질 수 있다. 적용 후 오류를 발견했다면 기존 파일을 고치기보다 새 migration으로 forward fix를 추가하는 편이 안전하다.”,NOT_APPLICABLE,NO_CONTENT_CHANGE,162,198,0.379
backend-engineering,backend.core.external.timeouts.q2,SCENARIO,PUBLISHED,MEDIUM,backend.core.external.timeouts,"현재 설정은 다음과 같다.

- 상위 API deadline: 800ms
- 외부 client connect timeout: 1초
- 외부 client 응답 타임아웃: 2초

질문: 이 설정의 위험을 설명하라.",MODEL_ANSWER_SUFFICIENT,하나의 중심 판단으로 수렴해 모델답변·설명으로 직접 대조 가능: “하위 호출이 상위 요청이 이미 종료된 뒤에도 worker와 connection을 점유할 수 있고 전체 API deadline을 지키지 못한다. 상위 deadline에서 이미 사용한 시간을 빼 남은 budget 안에서 connect/read/retry를 판단해야 한다.”,YES_CONTEXT_USED,NO_CONTENT_CHANGE,149,177,0.412
backend-engineering,backend.core.external.timeouts.q3,DESCRIPTIVE,PUBLISHED,HARD,backend.core.external.timeouts,"상황: 결제 요청이 timeout되어 retry하려 한다.

질문: timeout이 remote에서 작업되지 않았다는 증거가 아닌 이유와 먼저 확인할 설계 요소를 설명하라.",STRUCTURED_CRITERIA_USEFUL,timeout 뒤 remote 결과의 불명확성 | operation key 또는 결과 조회 | 남은 deadline·retry 횟수·backoff 예산,NOT_APPLICABLE,NO_CONTENT_CHANGE,147,186,0.523
backend-engineering,backend.core.external.remote-errors.q2,SCENARIO,PUBLISHED,MEDIUM,backend.core.external.remote-errors,외부 API가 `200`과 `success=false`를 반환하는 경우 HTTP status만 검사하면 안 되는 이유와 adapter의 책임을 설명하라.,MODEL_ANSWER_SUFFICIENT,"하나의 중심 판단으로 수렴해 모델답변·설명으로 직접 대조 가능: “HTTP status가 transport-level 성공을 나타내도 business operation은 실패했을 수 있다. adapter가 body schema, required field, business status를 검증하고 내부의 typed 실패나 application 결과로 번역해야 한다.”",YES_CONTEXT_USED,NO_CONTENT_CHANGE,167,192,0.583
backend-engineering,backend.core.external.remote-errors.q3,DESCRIPTIVE,PUBLISHED,MEDIUM,backend.core.external.remote-errors,"외부 API의 malformed body, 429, 500, timeout을 모두 같은 `ExternalApiException`으로 던질 때 생기는 운영·정책 문제와 개선 방향을 설명하라.",STRUCTURED_CRITERIA_USEFUL,malformed body의 계약 실패 | 429 rate limit | 500 가용성 실패 | timeout 결과 불명과 복구 정책,NOT_APPLICABLE,NO_CONTENT_CHANGE,177,211,0.431
backend-engineering,backend.core.external.circuit-fallback.q2,SCENARIO,PUBLISHED,MEDIUM,backend.core.external.circuit-fallback,추천 API가 circuit OPEN으로 차단되었을 때 오래된 추천 목록을 `stale`로 표시해 반환하는 대체 처리와 결제 승인 실패를 성공으로 반환하는 대체 처리가 다른 이유는?,MODEL_ANSWER_SUFFICIENT,"하나의 중심 판단으로 수렴해 모델답변·설명으로 직접 대조 가능: “읽기 전용 추천은 stale임을 표시하고 사용자가 허용할 수 있는 degraded result가 될 수 있지만, 결제 성공은 canonical side effect를 의미하므로 추정해서 반환하면 데이터와 금전 상태를 오염시킨다. 대체 처리 가능 여부는 domain 의미와 recovery 계약으로 판단한다.”",YES_CONTEXT_USED,NO_CONTENT_CHANGE,171,154,0.425
backend-engineering,backend.core.external.circuit-fallback.q3,DESCRIPTIVE,PUBLISHED,HARD,backend.core.external.circuit-fallback,"Circuit breaker의 CLOSED, OPEN, HALF_OPEN 상태 전이를 실패 window와 probe 관점에서 설명하고, bulkhead의 resource isolation이 별도인 이유를 설명하라.",STRUCTURED_CRITERIA_USEFUL,failure window threshold와 HALF_OPEN probe 전이 | breaker와 분리된 bulkhead 동시 자원 한도,NOT_APPLICABLE,NO_CONTENT_CHANGE,362,199,0.553
backend-engineering,backend.core.idempotency.repeat-request.q2,DESCRIPTIVE,PUBLISHED,MEDIUM,backend.core.idempotency.repeat-request,frontend 버튼 disable만으로 duplicate operation을 막을 수 없는 이유를 설명하라.,MODEL_ANSWER_SUFFICIENT,하나의 중심 판단으로 수렴해 모델답변·설명으로 직접 대조 가능: “network/client library/reverse proxy retry나 다중 device 요청 등 server 밖에서 중복이 생길 수 있어 server-side identity/invariant가 필요하다.”,NOT_APPLICABLE,NO_CONTENT_CHANGE,119,175,0.468
backend-engineering,backend.core.idempotency.repeat-request.q3,SCENARIO,PUBLISHED,MEDIUM,backend.core.idempotency.repeat-request,주문 생성 응답이 유실됐고 client가 재시도했다. natural order number가 이미 unique하다면 어떤 단순한 방어가 가능한가?,MODEL_ANSWER_SUFFICIENT,하나의 중심 판단으로 수렴해 모델답변·설명으로 직접 대조 가능: “order number unique constraint와 existing result 조회로 duplicate create를 막고 같은 logical operation을 재인식할 수 있다.”,YES_CONTEXT_USED,NO_CONTENT_CHANGE,105,206,0.312
backend-engineering,backend.core.idempotency.idempotency-key.q2,DESCRIPTIVE,PUBLISHED,MEDIUM,backend.core.idempotency.idempotency-key,PROCESSING/COMPLETED 상태를 별도로 두는 이유를 설명하라.,MODEL_ANSWER_SUFFICIENT,하나의 중심 판단으로 수렴해 모델답변·설명으로 직접 대조 가능: “동시 요청이 operation ownership을 확인하고 이미 완료된 결과 재사용과 아직 실행 중인 요청을 구분하기 위해서다.”,NOT_APPLICABLE,NO_CONTENT_CHANGE,71,172,0.311
backend-engineering,backend.core.idempotency.idempotency-key.q3,SCENARIO,PUBLISHED,MEDIUM,backend.core.idempotency.idempotency-key,tenant A와 B가 우연히 같은 UUID key를 사용했다. 전역 unique key 때문에 충돌했다. 어떻게 수정하겠는가?,MODEL_ANSWER_SUFFICIENT,하나의 중심 판단으로 수렴해 모델답변·설명으로 직접 대조 가능: “tenant/account scope와 key를 복합 identity로 사용해 서로 다른 logical namespace를 분리한다.”,YES_CONTEXT_USED,NO_CONTENT_CHANGE,74,162,0.272
backend-engineering,backend.core.idempotency.race-expiry.q2,DESCRIPTIVE,PUBLISHED,MEDIUM,backend.core.idempotency.race-expiry,key reservation을 side effect보다 먼저 원자적으로 확보해야 하는 이유를 설명하라.,MODEL_ANSWER_SUFFICIENT,하나의 중심 판단으로 수렴해 모델답변·설명으로 직접 대조 가능: “동시 duplicate 중 단 하나만 operation owner가 되게 해야 외부/DB side effect가 두 번 시작되는 것을 막을 수 있기 때문이다.”,NOT_APPLICABLE,NO_CONTENT_CHANGE,88,193,0.142
backend-engineering,backend.core.idempotency.race-expiry.q3,SCENARIO,PUBLISHED,MEDIUM,backend.core.idempotency.race-expiry,key TTL이 1시간인데 mobile client는 24시간 뒤까지 같은 operation을 retry할 수 있다. 어떤 semantic 문제가 생기는가?,MODEL_ANSWER_SUFFICIENT,하나의 중심 판단으로 수렴해 모델답변·설명으로 직접 대조 가능: “record가 만료된 뒤 동일 key가 새 operation으로 실행될 수 있어 duplicate 효과가 생긴다. retry horizon과 business identity에 맞게 retention을 정해야 한다.”,YES_CONTEXT_USED,NO_CONTENT_CHANGE,119,190,0.558
backend-engineering,backend.core.layering.dependency-direction.q2,DESCRIPTIVE,PUBLISHED,MEDIUM,backend.core.layering.dependency-direction,"API DTO, Application command, Domain object를 분리하는 이유를 변경 이유 관점에서 설명하라.",MODEL_ANSWER_SUFFICIENT,하나의 중심 판단으로 수렴해 모델답변·설명으로 직접 대조 가능: “HTTP 표현 변경과 domain/persistence 변경의 전파 범위를 제한하고 각 경계가 허용하는 입력·출력을 명확히 하기 위해서다.”,NOT_APPLICABLE,NO_CONTENT_CHANGE,77,209,0.256
backend-engineering,backend.core.layering.dependency-direction.q3,SCENARIO,PUBLISHED,MEDIUM,backend.core.layering.dependency-direction,Controller가 JPA Entity를 요청/응답으로 직접 사용하는 API에서 status 필드를 외부가 수정할 수 있게 되었다. 어느 경계가 새고 있으며 어떻게 고치겠는가?,MODEL_ANSWER_SUFFICIENT,하나의 중심 판단으로 수렴해 모델답변·설명으로 직접 대조 가능: “API가 persistence model을 직접 노출한 문제다. 요청 DTO에서 client가 바꿀 수 있는 field만 받고 Application command로 변환한 뒤 Domain의 의도 있는 상태 전이를 호출한다.”,YES_CONTEXT_USED,NO_CONTENT_CHANGE,124,223,0.371
backend-engineering,backend.core.layering.orchestration-rule.q2,DESCRIPTIVE,PUBLISHED,MEDIUM,backend.core.layering.orchestration-rule,주문 취소에서 배송 시작 후 취소 금지와 repository 조회→상태 변경→저장의 책임이 왜 다른지 설명하라.,MODEL_ANSWER_SUFFICIENT,하나의 중심 판단으로 수렴해 모델답변·설명으로 직접 대조 가능: “전자는 객체가 항상 지켜야 할 invariant이고 후자는 유스케이스 협력 순서이므로 변경 이유와 재사용 범위가 다르다.”,NOT_APPLICABLE,NO_CONTENT_CHANGE,67,182,0.202
backend-engineering,backend.core.layering.orchestration-rule.q3,SCENARIO,PUBLISHED,HARD,backend.core.layering.orchestration-rule,"다음 순서로 취소 작업이 진행됐다.

1. DB transaction 안에서 외부 환불 API가 성공한다.
2. 그 뒤 local DB commit이 실패한다.

질문: 어떤 종류의 책임 문제가 드러났는가?",STRUCTURED_CRITERIA_USEFUL,성공한 외부 환불과 실패한 local commit의 분리 상태 | 재실행 방지 idempotency | 보상·재조정·event 복구 경계,YES_CONTEXT_USED,NO_CONTENT_CHANGE,145,194,0.319
backend-engineering,backend.core.layering.infrastructure-boundary.q2,DESCRIPTIVE,PUBLISHED,MEDIUM,backend.core.layering.infrastructure-boundary,"HTTP 429, vendor error code, 요청 ID를 내부에서 각각 어떻게 다루는 것이 좋은지 설명하라.",MODEL_ANSWER_SUFFICIENT,하나의 중심 판단으로 수렴해 모델답변·설명으로 직접 대조 가능: “429는 retry 가능성 등 내부 실패 type으로 번역하고 vendor code는 필요한 의미만 보존하며 요청 ID는 진단 metadata로 남기되 Domain contract로 누수시키지 않는다.”,NOT_APPLICABLE,NO_CONTENT_CHANGE,112,189,0.454
backend-engineering,backend.core.layering.infrastructure-boundary.q3,SCENARIO,PUBLISHED,MEDIUM,backend.core.layering.infrastructure-boundary,결제 Domain method가 StripePaymentIntent를 직접 받는다. provider 교체 요구가 생겼다. 최소 수정 방향을 설명하라.,MODEL_ANSWER_SUFFICIENT,하나의 중심 판단으로 수렴해 모델답변·설명으로 직접 대조 가능: “Infrastructure adapter에서 vendor 응답을 PaymentResult 같은 내부 모델로 번역하고 Application/Domain은 PaymentGateway 계약과 내부 타입만 알도록 경계를 둔다.”,YES_CONTEXT_USED,NO_CONTENT_CHANGE,122,184,0.465
backend-engineering,backend.core.list.pagination.q2,DESCRIPTIVE,PUBLISHED,MEDIUM,backend.core.list.pagination,`ORDER BY created_at DESC`만 쓸 때 stable ordering이 깨질 수 있는 이유와 해결책을 설명하라.,MODEL_ANSWER_SUFFICIENT,하나의 중심 판단으로 수렴해 모델답변·설명으로 직접 대조 가능: “동일 created_at 행의 상대 순서가 보장되지 않을 수 있으므로 unique tie-breaker인 id 등을 함께 정렬한다.”,NOT_APPLICABLE,NO_CONTENT_CHANGE,73,183,0.352
backend-engineering,backend.core.list.pagination.q3,SCENARIO,PUBLISHED,MEDIUM,backend.core.list.pagination,목록 UI는 다음 페이지 존재 여부만 필요하지만 매번 비싼 count query가 실행된다. 어떤 대안을 검토할 수 있는가?,MODEL_ANSWER_SUFFICIENT,하나의 중심 판단으로 수렴해 모델답변·설명으로 직접 대조 가능: “`size+1` 조회로 hasNext를 판단하는 Slice 형태나 별도 count 전략을 검토한다.”,YES_CONTEXT_USED,NO_CONTENT_CHANGE,55,186,0.303
backend-engineering,backend.core.list.filter-sort.q2,DESCRIPTIVE,PUBLISHED,MEDIUM,backend.core.list.filter-sort,filter와 sort가 pagination 안정성과 연결되는 이유를 설명하라.,MODEL_ANSWER_SUFFICIENT,"하나의 중심 판단으로 수렴해 모델답변·설명으로 직접 대조 가능: “filter가 후보 집합을, sort가 순서를 결정하므로 page/cursor boundary가 둘의 조합에 종속되기 때문이다.”",NOT_APPLICABLE,NO_CONTENT_CHANGE,71,155,0.486
backend-engineering,backend.core.list.filter-sort.q3,SCENARIO,PUBLISHED,MEDIUM,backend.core.list.filter-sort,`sort=recent`를 API에 유지하면서 DB column을 바꾸고 싶다. 어떤 boundary가 도움이 되는가?,MODEL_ANSWER_SUFFICIENT,하나의 중심 판단으로 수렴해 모델답변·설명으로 직접 대조 가능: “API logical sort 이름을 내부 SortField/column order로 매핑해 persistence 구현 세부를 숨긴다.”,YES_CONTEXT_USED,NO_CONTENT_CHANGE,75,214,0.252
backend-engineering,backend.core.list.cursor.q2,DESCRIPTIVE,PUBLISHED,MEDIUM,backend.core.list.cursor,"`(created_at, id)` tuple을 cursor 조건에 사용하는 이유를 설명하라.",MODEL_ANSWER_SUFFICIENT,하나의 중심 판단으로 수렴해 모델답변·설명으로 직접 대조 가능: “created_at 동률을 id가 안정적으로 구분해 deterministic total ordering과 다음 boundary를 만들기 때문이다.”,NOT_APPLICABLE,NO_CONTENT_CHANGE,81,142,0.346
backend-engineering,backend.core.list.cursor.q3,SCENARIO,PUBLISHED,MEDIUM,backend.core.list.cursor,사용자가 임의 37페이지 jump를 요구한다. cursor가 항상 최선인가?,MODEL_ANSWER_SUFFICIENT,하나의 중심 판단으로 수렴해 모델답변·설명으로 직접 대조 가능: “아니다. random page navigation이 중요하고 volume이 감당 가능하면 offset이 더 적합할 수 있다.”,YES_CONTEXT_USED,NO_CONTENT_CHANGE,69,170,0.272
backend-engineering,backend.core.retry.transient-permanent.q2,DESCRIPTIVE,PUBLISHED,MEDIUM,backend.core.retry.transient-permanent,`429 Too Many Requests`가 무조건 permanent 4xx가 아닌 이유를 설명하라.,MODEL_ANSWER_SUFFICIENT,하나의 중심 판단으로 수렴해 모델답변·설명으로 직접 대조 가능: “rate limit은 Retry-After나 시간이 지난 뒤 조건이 해소될 수 있어 transient 성격을 가질 수 있기 때문이다.”,NOT_APPLICABLE,NO_CONTENT_CHANGE,74,184,0.337
backend-engineering,backend.core.retry.transient-permanent.q3,SCENARIO,PUBLISHED,MEDIUM,backend.core.retry.transient-permanent,잘못된 API credential에 5회 retry 중이다. 어떤 문제가 있으며 어떻게 바꾸겠는가?,MODEL_ANSWER_SUFFICIENT,하나의 중심 판단으로 수렴해 모델답변·설명으로 직접 대조 가능: “조건이 바뀌지 않는 permanent 실패에 재시도해 지연 시간/부하만 키운다. 빠르게 실패시키고 credential/configuration 문제로 분류한다.”,YES_CONTEXT_USED,NO_CONTENT_CHANGE,89,171,0.364
backend-engineering,backend.core.retry.backoff-jitter.q2,DESCRIPTIVE,PUBLISHED,MEDIUM,backend.core.retry.backoff-jitter,upstream과 downstream 모두 3회씩 retry할 때 호출 수가 왜 폭증할 수 있는지 설명하라.,STRUCTURED_CRITERIA_USEFUL,각 계층의 retry 횟수 결합 | 원 요청당 하위 attempt 증폭 | retry ownership/budget 제한,NOT_APPLICABLE,NO_CONTENT_CHANGE,92,160,0.236
backend-engineering,backend.core.retry.backoff-jitter.q3,SCENARIO,PUBLISHED,MEDIUM,backend.core.retry.backoff-jitter,1000 client가 정확히 1초 간격으로 retry해 recovery 직후 다시 overload된다. 어떤 정책을 제안하겠는가?,MODEL_ANSWER_SUFFICIENT,하나의 중심 판단으로 수렴해 모델답변·설명으로 직접 대조 가능: “exponential backoff에 jitter와 max delay를 적용하고 retry ownership/budget을 제한해 시간축에 분산한다.”,YES_CONTEXT_USED,NO_CONTENT_CHANGE,83,184,0.448
backend-engineering,backend.core.retry.deadline.q2,DESCRIPTIVE,PUBLISHED,MEDIUM,backend.core.retry.deadline,3회 retry 정책의 최악 시간을 상위 SLA와 함께 계산해야 하는 이유를 설명하라.,MODEL_ANSWER_SUFFICIENT,하나의 중심 판단으로 수렴해 모델답변·설명으로 직접 대조 가능: “각 attempt timeout과 backoff가 누적되어 사용자 deadline을 넘길 수 있으므로 전체 budget 안에서 정책을 구성해야 한다.”,NOT_APPLICABLE,NO_CONTENT_CHANGE,83,170,0.446
backend-engineering,backend.core.retry.deadline.q3,SCENARIO,PUBLISHED,HARD,backend.core.retry.deadline,deadline이 지나 client가 취소됐지만 provider job은 계속 실행 중이다. 어떤 오해를 피해야 하는가?,MODEL_ANSWER_SUFFICIENT,하나의 중심 판단으로 수렴해 모델답변·설명으로 직접 대조 가능: “기다림 취소와 remote side-effect 취소는 다르다. status 조회/idempotency/reconciliation으로 실제 결과를 확인해야 한다.”,YES_CONTEXT_USED,NO_CONTENT_CHANGE,90,192,0.483
backend-engineering,backend.core.testing-recovery.failure-recovery.q1,DESCRIPTIVE,PUBLISHED,HARD,backend.core.testing-recovery.failure-recovery,"다음 partial-success 상태를 생각하자.

1. DB commit 성공
2. 외부 결제 성공
3. event publish 실패

질문: 단순히 전체 요청을 처음부터 retry하는 것이 위험한 이유를 설명하라.",STRUCTURED_CRITERIA_USEFUL,이미 commit된 DB·결제 side effect | event 발행만 재시도하는 복구 경로 | 단계별 idempotency·durable state 확인,NOT_APPLICABLE,NO_CONTENT_CHANGE,163,263,0.112
backend-engineering,backend.core.testing-recovery.testing-strategy.q2,DESCRIPTIVE,PUBLISHED,MEDIUM,backend.core.testing-recovery.testing-strategy,모든 테스트를 end-to-end 하나의 방식으로 통일하지 않는 이유를 설명하라.,MODEL_ANSWER_SUFFICIENT,"하나의 중심 판단으로 수렴해 모델답변·설명으로 직접 대조 가능: “E2E는 실제 경로 신뢰도가 높지만 느리고 실패 원인 격리가 어렵다. 순수 도메인 규칙은 빠른 단위 테스트로, persistence 계약은 DB integration으로, 핵심 사용자 흐름만 제한된 E2E로 확인하면 피드백 속도와 경계 신뢰도를 함께 확보할 수 있다.”",NOT_APPLICABLE,NO_CONTENT_CHANGE,149,197,0.276
backend-engineering,backend.core.testing-recovery.failure-recovery.q2,SCENARIO,PUBLISHED,HARD,backend.core.testing-recovery.failure-recovery,외부 시스템 응답 timeout 후 실제로는 요청이 성공했는지 실패했는지 알 수 없다. 복구 설계에서 무엇을 추가할 것인가?,MODEL_ANSWER_SUFFICIENT,하나의 중심 판단으로 수렴해 모델답변·설명으로 직접 대조 가능: “blind retry 전에 idempotency key나 외부 조회 API로 기존 처리 결과를 확인할 수 있게 한다. 내부에는 처리 상태와 마지막 시도 정보를 남기고 결과가 불명확하면 reconciliation이나 수동 복구 대상으로 전환하는 정책을 둔다.”,YES_CONTEXT_USED,NO_CONTENT_CHANGE,143,181,0.456
backend-engineering,backend.core.testing-recovery.tradeoffs.q2,SCENARIO,PUBLISHED,HARD,backend.core.testing-recovery.tradeoffs,새 message broker 도입을 검토하는 ADR에 최소한 어떤 내용을 기록해야 하는가?,MODEL_ANSWER_SUFFICIENT,"하나의 중심 판단으로 수렴해 모델답변·설명으로 직접 대조 가능: “현재 동기 경로의 구체적 문제와 측정 근거, broker가 해결할 책임, DB/outbox 등 일관성 모델, retry/중복/운영 관측 비용, 대안, 적용 후 검증 지표, 재검토 조건을 기록해야 한다.”",YES_CONTEXT_USED,NO_CONTENT_CHANGE,112,177,0.383
backend-engineering,backend.core.time-money.money-rounding.q1,DESCRIPTIVE,PUBLISHED,MEDIUM,backend.core.time-money.money-rounding,`new BigDecimal(0.1)`을 금액 literal에 바로 사용하는 것을 피하는 이유를 설명하라.,MODEL_ANSWER_SUFFICIENT,"하나의 중심 판단으로 수렴해 모델답변·설명으로 직접 대조 가능: “0.1이라는 double 자체가 이진 부동소수점 근사값이므로 BigDecimal 생성자가 그 근사값을 정확히 받아 예상보다 긴 10진 값이 될 수 있다. 문자열 생성이나 BigDecimal.valueOf, 또는 minor unit 정수 모델을 사용하고 별도의 scale/rounding 정책을 둔다.”",NOT_APPLICABLE,NO_CONTENT_CHANGE,167,293,0.105
backend-engineering,backend.core.time-money.instant-zone.q2,DESCRIPTIVE,PUBLISHED,MEDIUM,backend.core.time-money.instant-zone,'매일 오전 9시 서울 시간에 리포트 생성'이라는 규칙을 Instant 하나로만 저장하기 어려운 이유는?,MODEL_ANSWER_SUFFICIENT,하나의 중심 판단으로 수렴해 모델답변·설명으로 직접 대조 가능: “Instant는 한 번의 절대 시점을 나타내지만 반복 일정은 지역의 달력 규칙을 보존해야 한다. LocalTime/LocalDateTime과 Asia/Seoul 같은 ZoneId 또는 schedule rule을 함께 저장하고 각 실행 시점의 Instant를 계산해야 한다.”,NOT_APPLICABLE,NO_CONTENT_CHANGE,152,169,0.526
backend-engineering,backend.core.time-money.clock-expiry.q2,SCENARIO,PUBLISHED,MEDIUM,backend.core.time-money.clock-expiry,쿠폰 정책이 `now == expiresAt`인 순간에 테스트마다 흔들린다. 코드와 테스트를 어떻게 바꿀 것인가?,MODEL_ANSWER_SUFFICIENT,"하나의 중심 판단으로 수렴해 모델답변·설명으로 직접 대조 가능: “만료 비교의 포함/배제 규칙을 먼저 계약으로 정하고, 도메인 로직이 Clock을 받도록 만든다. 테스트에서는 Clock.fixed로 expiresAt 직전·동일·직후 시각을 각각 주입해 경계 조건을 검증한다.”",YES_CONTEXT_USED,NO_CONTENT_CHANGE,116,168,0.181
backend-engineering,backend.core.time-money.money-rounding.q2,SCENARIO,PUBLISHED,MEDIUM,backend.core.time-money.money-rounding,"10,000원을 세 주문 항목에 동일 비율로 배분해야 한다. 단순 divide 후 각 항목을 반올림하면 무엇을 추가 검증해야 하는가?",MODEL_ANSWER_SUFFICIENT,"하나의 중심 판단으로 수렴해 모델답변·설명으로 직접 대조 가능: “각 항목의 rounding 후 합계가 원래 10,000원과 일치하는지 확인해야 한다. remainder를 어떤 항목에 배분할지 정책을 정해 총액 보존 불변식을 유지해야 한다.”",YES_CONTEXT_USED,NO_CONTENT_CHANGE,97,146,0.237
cache,cache.core.consistency.ttl-freshness.q2,DESCRIPTIVE,PUBLISHED,MEDIUM,cache.core.consistency.ttl-freshness,invalidation이 실패하면 TTL이 어떤 역할을 하고 어떤 보장을 하지 않는가?,MODEL_ANSWER_SUFFICIENT,하나의 중심 판단으로 수렴해 모델답변·설명으로 직접 대조 가능: “TTL은 old value가 cache에 남을 수 있는 보존 시간을 제한하는 안전망이지만 update와 delete를 원자적으로 만들거나 즉시 최신 값을 보장하지는 않는다. freshness가 중요한 data는 invalidation 성공 관측·재시도나 cache bypass를 함께 설계해야 한다.”,NOT_APPLICABLE,NO_CONTENT_CHANGE,167,162,0.144
cache,cache.core.consistency.ttl-freshness.q3,SCENARIO,PUBLISHED,HARD,cache.core.consistency.ttl-freshness,"다음 설정과 결과가 관찰됐다.

- 설정: 모든 인기 key의 TTL이 같은 시각에 만료됨
- 결과: 만료 시점에 origin query가 순간적으로 폭증함

이 현상의 원인과 완화책을 설명하라.",MODEL_ANSWER_SUFFICIENT,"하나의 중심 판단으로 수렴해 모델답변·설명으로 직접 대조 가능: “동시 expiry가 많은 cache miss와 origin fill을 만들어 stampede를 유발했다. TTL jitter, refresh-ahead, 요청 coalescing을 검토하고 stale 허용 범위·origin capacity·fill 실패를 함께 측정해야 한다.”",YES_CONTEXT_USED,NO_CONTENT_CHANGE,154,156,0.437
cache,cache.core.consistency.invalidation.q2,SCENARIO,PUBLISHED,HARD,cache.core.consistency.invalidation,"다음 순서로 실행됐다.

1. reader가 origin에서 오래된 v1 read를 시작했다.
2. writer가 v2를 commit했다.
3. writer가 cache를 삭제했다.
4. reader가 뒤늦게 v1 read를 마치고 cache fill을 시도했다.

reader가 v1을 cache에 되살릴 수 있는 이유와, version으로 막을 때 필요한 추가 조건은?",STRUCTURED_CRITERIA_USEFUL,in-flight stale read의 cache 재기록 | 현재 generation을 보존하는 metadata | stale version conditional fill 거부,YES_CONTEXT_USED,NO_CONTENT_CHANGE,278,182,0.398
cache,cache.core.consistency.invalidation.q3,DESCRIPTIVE,PUBLISHED,HARD,cache.core.consistency.invalidation,"다음 실패 window가 있다.

1. DB 변경이 commit됐다.
2. invalidation event를 발행하기 전에 process가 종료됐다.

event 기반 invalidation에서 필요한 recovery 계약을 설명하라.",STRUCTURED_CRITERIA_USEFUL,DB 변경과 publish intent의 원자 기록 | 재시도 가능한 relay | consumer의 duplicate·역순 event 처리,NOT_APPLICABLE,NO_CONTENT_CHANGE,199,207,0.543
cache,cache.core.consistency.stampede.q2,SCENARIO,PUBLISHED,MEDIUM,cache.core.consistency.stampede,single-flight lock을 도입했는데 lock owner가 origin read 중 죽었다. 다른 요청이 영원히 기다리지 않게 하려면 어떤 경계를 설계해야 하는가?,STRUCTURED_CRITERIA_USEFUL,유한 lock lease와 owner 확인 | waiter timeout 또는 takeover | lease 만료 뒤 duplicate fill/origin 부하 제어,YES_CONTEXT_USED,NO_CONTENT_CHANGE,152,165,0.248
cache,cache.core.consistency.stampede.q3,DESCRIPTIVE,PUBLISHED,HARD,cache.core.consistency.stampede,stale-while-refresh와 요청 coalescing을 비교해 어떤 상황에서 각각 유리한지 설명하라.,STRUCTURED_CRITERIA_USEFUL,stale 허용과 background refresh | single fill owner와 waiter 정책 | owner 장애·timeout의 복구,NOT_APPLICABLE,NO_CONTENT_CHANGE,191,177,0.553
cache,cache.core.models.cache-aside.q2,SCENARIO,PUBLISHED,MEDIUM,cache.core.models.cache-aside,"다음 순서로 쓰기 작업이 진행됐다.

1. PostgreSQL update가 commit됐다.
2. 이어진 cache delete가 실패했다.

이때 가능한 상태와 기본 대응 원칙을 설명하라.",MODEL_ANSWER_SUFFICIENT,"하나의 중심 판단으로 수렴해 모델답변·설명으로 직접 대조 가능: “cache에 이전 representation이 TTL 동안 남아 stale read가 될 수 있다. cache를 source of truth로 두지 않고 invalidation 실패를 관측·재시도하며, freshness가 중요한 요청은 cache bypass나 더 강한 version 전략을 선택해야 한다.”",YES_CONTEXT_USED,NO_CONTENT_CHANGE,171,169,0.610
cache,cache.core.models.cache-aside.q3,DESCRIPTIVE,PUBLISHED,HARD,cache.core.models.cache-aside,"다음 지표가 관찰됐다.

- cache hit ratio: 98%
- API p99 지연 시간: cache 도입 전과 차이 없음

cache만 보고 성공으로 판단하면 안 되는 이유와 추가로 확인할 지표를 설명하라.",MODEL_ANSWER_SUFFICIENT,"하나의 중심 판단으로 수렴해 모델답변·설명으로 직접 대조 가능: “cache hit가 높아도 network/serialization, hot key node, lock 대기, 상위 호출이나 외부 I/O가 병목일 수 있다. endpoint 단계별 지연 시간, cache access·serialization 비용, origin 대체 처리, node CPU/network와 p95/p99를 함께 확인해야 한다.”",NOT_APPLICABLE,NO_CONTENT_CHANGE,190,161,0.338
cache,cache.core.models.write-strategies.q2,SCENARIO,PUBLISHED,MEDIUM,cache.core.models.write-strategies,재고 차감에 write-behind를 적용하려 한다. 검토해야 할 실패 순서와 선택 기준을 설명하라.,STRUCTURED_CRITERIA_USEFUL,cache ack 뒤 origin 반영 전 장애의 data loss/order 실패 | durable queue·outbox·origin transaction의 retry/replay 보장 | durability와 latency 이득의 선택,YES_CONTEXT_USED,NO_CONTENT_CHANGE,198,160,0.279
cache,cache.core.models.write-strategies.q3,DESCRIPTIVE,PUBLISHED,HARD,cache.core.models.write-strategies,write-through layer가 cache와 DB를 모두 업데이트하므로 두 변경이 항상 원자적이라고 설명하면 안 되는 이유는?,STRUCTURED_CRITERIA_USEFUL,cache와 DB의 개별 성공/실패 순서 | 공통 transaction resource 부재 | canonical/derived copy 불일치의 복구 계약,NOT_APPLICABLE,NO_CONTENT_CHANGE,194,173,0.318
cache,cache.core.models.key-serialization.q2,SCENARIO,PUBLISHED,MEDIUM,cache.core.models.key-serialization,"배포 전환 중 다음 두 application version이 함께 실행된다.

- 새 version: cache value의 field type을 변경함
- 이전 version: 기존 schema로 cache value를 계속 읽고 씀

안전한 전환 전략을 설명하라.",MODEL_ANSWER_SUFFICIENT,하나의 중심 판단으로 수렴해 모델답변·설명으로 직접 대조 가능: “old/new reader가 서로의 값을 읽을 수 있는 backward-compatible schema를 두거나 key에 representation version을 넣어 새 code가 miss 후 새 형식으로 재생성하게 해야 한다. 배포 중 old value parsing 실패와 invalidation 범위를 metric으로 확인한다.”,YES_CONTEXT_USED,NO_CONTENT_CHANGE,188,142,0.297
cache,cache.core.models.key-serialization.q3,DESCRIPTIVE,PUBLISHED,HARD,cache.core.models.key-serialization,tenant가 있는 API의 cache key에 tenant identifier를 포함하지 않을 때 발생할 수 있는 보안 문제와 설계 원칙을 설명하라.,MODEL_ANSWER_SUFFICIENT,"하나의 중심 판단으로 수렴해 모델답변·설명으로 직접 대조 가능: “서로 다른 tenant가 같은 entity id를 사용하면 한 tenant의 value가 다른 tenant 요청에 반환되는 cross-tenant data leak가 생길 수 있다. tenant scope를 key/ACL/분리된 저장소로 명시하고, key를 log에 남길 때 PII와 secret도 노출하지 않게 한다.”",NOT_APPLICABLE,NO_CONTENT_CHANGE,178,168,0.453
cache,cache.core.operations.eviction-memory.q2,SCENARIO,PUBLISHED,MEDIUM,cache.core.operations.eviction-memory,Redis `allkeys-lru`를 사용 중인데 hit ratio가 급락했다. `정확히 가장 오래 안 쓴 key가 항상 제거된다`고 가정하면 안 되는 이유와 확인할 지표를 설명하라.,MODEL_ANSWER_SUFFICIENT,"하나의 중심 판단으로 수렴해 모델답변·설명으로 직접 대조 가능: “Redis Open Source의 LRU는 전체 key를 정확히 정렬하는 true LRU가 아니라 일부 key를 sampling해 후보를 고르는 근사 구현이다. 큰 value, access skew와 sample 특성 때문에 기대와 다른 key가 제거될 수 있으므로 serialized size·key별 access, eviction…”",YES_CONTEXT_USED,NO_CONTENT_CHANGE,245,179,0.401
cache,cache.core.operations.eviction-memory.q3,DESCRIPTIVE,PUBLISHED,MEDIUM,cache.core.operations.eviction-memory,cache에 저장된 값을 eviction해도 안전한 데이터와 안전하지 않은 데이터를 source-of-truth 관점에서 구분하라.,MODEL_ANSWER_SUFFICIENT,하나의 중심 판단으로 수렴해 모델답변·설명으로 직접 대조 가능: “origin에서 재생성할 수 있는 read representation은 eviction 후 miss와 재생성이 가능하다. 반면 cache에만 존재하는 주문·결제·attempt canonical state는 eviction이 손실이 되므로 PostgreSQL이나 durable store에 보존하고 cache는 derived copy로…”,NOT_APPLICABLE,NO_CONTENT_CHANGE,193,162,0.454
cache,cache.core.operations.hot-key.q2,SCENARIO,PUBLISHED,MEDIUM,cache.core.operations.hot-key,hot key를 여러 replica copy로 복제해 read를 분산하려 한다. 함께 검토해야 할 일관성 비용은?,MODEL_ANSWER_SUFFICIENT,"하나의 중심 판단으로 수렴해 모델답변·설명으로 직접 대조 가능: “write 시 모든 copy를 갱신하거나 invalidation해야 해 write 지연 시간·실패·순서 문제가 늘고, 일부 copy가 stale일 수 있다. 업무가 stale을 허용하는지와 copy health, hit 분산 효과를 측정해 선택해야 한다.”",YES_CONTEXT_USED,NO_CONTENT_CHANGE,142,137,0.417
cache,cache.core.operations.hot-key.q3,DESCRIPTIVE,PUBLISHED,HARD,cache.core.operations.hot-key,"다음 상태가 함께 관찰됐다.

- 전체 cache hit ratio는 높다.
- 특정 Redis node의 network와 CPU만 포화됐다.

stampede와 구분해 원인을 설명하고 완화 방향을 제시하라.",MODEL_ANSWER_SUFFICIENT,"하나의 중심 판단으로 수렴해 모델답변·설명으로 직접 대조 가능: “동일 popular key에 hit access가 집중되는 hot key일 수 있어 expiry miss가 아니어도 한 node와 경로가 병목이 된다. access skew를 확인한 뒤 local near-cache, stale 허용 replica, controlled key replication이나 요청 coalescing을 검토하되…”",NOT_APPLICABLE,NO_CONTENT_CHANGE,220,156,0.152
cache,cache.core.operations.availability-degraded-mode.q2,SCENARIO,PUBLISHED,MEDIUM,cache.core.operations.availability-degraded-mode,"cache 장애 중 다음 순서로 부하가 전파됐다.

1. 모든 요청이 cache timeout까지 기다렸다.
2. timeout이 난 요청이 모두 DB 대체 처리를 시작했다.
3. DB connection pool이 고갈됐다.

cache 장애가 origin 장애로 전파된 이유와 완화책을 설명하라.",MODEL_ANSWER_SUFFICIENT,"하나의 중심 판단으로 수렴해 모델답변·설명으로 직접 대조 가능: “cache timeout을 기다린 모든 요청이 동시에 origin query를 실행해 대체 처리 concurrency와 DB pool 사용량이 폭증했다. cache timeout을 상위 deadline보다 짧게 두고 대체 처리 concurrency/rate limit, stale serve, circuit breaker로 origin을…”",YES_CONTEXT_USED,NO_CONTENT_CHANGE,197,184,0.617
cache,cache.core.operations.availability-degraded-mode.q3,DESCRIPTIVE,PUBLISHED,MEDIUM,cache.core.operations.availability-degraded-mode,권한 판정 결과를 cache에서 읽는 API가 cache unavailable일 때 fail-open하면 위험한 이유와 선택 방향을 설명하라.,MODEL_ANSWER_SUFFICIENT,"하나의 중심 판단으로 수렴해 모델답변·설명으로 직접 대조 가능: “cache miss나 장애를 권한 허용으로 해석하면 인증·ownership 검사를 우회해 unauthorized access가 발생할 수 있다. 권한의 canonical source를 확인해 origin 재검증이나 fail-closed를 선택하고, timeout·사용자 오류·운영 복구를 명확히 관측해야 한다.”",NOT_APPLICABLE,NO_CONTENT_CHANGE,173,165,0.587
computer-architecture,computer-architecture.core.cache-organization.direct-mapped-cache.q2,DESCRIPTIVE,PUBLISHED,MEDIUM,computer-architecture.core.cache-organization.direct-mapped-cache,cache 전체 capacity에는 여유가 있어도 direct-mapped cache에서 conflict miss가 반복될 수 있는 이유를 설명하라.,MODEL_ANSWER_SUFFICIENT,하나의 중심 판단으로 수렴해 모델답변·설명으로 직접 대조 가능: “direct-mapped cache에서 각 memory block은 하나의 index에만 들어갈 수 있다. 서로 다른 두 block이 같은 index로 mapping되면 다른 line이 비어 있어도 그 공간을 사용할 수 없고 같은 line을 번갈아 eviction한다. 그래서 working set 전체가 cache capacity보다…”,NOT_APPLICABLE,NO_CONTENT_CHANGE,237,133,0.373
computer-architecture,computer-architecture.core.cache-organization.direct-mapped-cache.q3,SCENARIO,PUBLISHED,HARD,computer-architecture.core.cache-organization.direct-mapped-cache,32KiB direct-mapped cache가 64-byte line을 사용한다. 두 address가 정확히 32KiB 간격이고 같은 offset을 가진다고 할 때 두 block이 같은 cache index를 사용할 수 있는 이유를 계산해서 설명하라.,MODEL_ANSWER_SUFFICIENT,하나의 중심 판단으로 수렴해 모델답변·설명으로 직접 대조 가능: “전체 line 수는 32KiB / 64B = 512개다. 32KiB 차이는 64-byte block 기준으로 512 block 차이이므로 block number를 512로 나눈 index가 동일해진다. 따라서 두 address는 tag는 다르지만 같은 direct-mapped line을 경쟁할 수 있고 반복 교차 접근하면…”,YES_CONTEXT_USED,NO_CONTENT_CHANGE,210,130,0.426
computer-architecture,computer-architecture.core.cache-organization.set-associative-cache.q2,DESCRIPTIVE,PUBLISHED,MEDIUM,computer-architecture.core.cache-organization.set-associative-cache,"32KiB cache, 64-byte line, 4-way associativity라면 전체 line 수와 set 수는 각각 몇 개인지 계산하고, 32-bit byte address에서 offset/index가 몇 bit인지 설명하라.",STRUCTURED_CRITERIA_USEFUL,전체 line 수와 associativity로 set 수 계산 | line size 기반 offset bit | set 수 기반 index와 잔여 tag bit,NOT_APPLICABLE,NO_CONTENT_CHANGE,161,144,0.402
computer-architecture,computer-architecture.core.cache-organization.set-associative-cache.q3,SCENARIO,PUBLISHED,HARD,computer-architecture.core.cache-organization.set-associative-cache,"2-way set-associative cache에서 세 block A, B, C가 모두 같은 set으로 mapping되고 `A → B → C → A → B → C` 패턴이 반복된다. direct-mapped보다는 associativity가 높아졌는데도 miss가 계속될 수 있는 이유를 설명하라.",MODEL_ANSWER_SUFFICIENT,하나의 중심 판단으로 수렴해 모델답변·설명으로 직접 대조 가능: “해당 set에는 두 way만 있으므로 같은 set을 사용하는 active block 세 개를 동시에 보관할 수 없다. 세 번째 block을 넣을 때 기존 두 block 중 하나를 eviction해야 하고 access pattern과 replacement policy에 따라 다음에 필요한 block이 계속 밀려날 수 있다.…”,YES_CONTEXT_USED,NO_CONTENT_CHANGE,267,146,0.302
computer-architecture,computer-architecture.core.cache-organization.fully-associative-cache.q2,DESCRIPTIVE,PUBLISHED,MEDIUM,computer-architecture.core.cache-organization.fully-associative-cache,fully-associative cache가 conflict miss를 줄이는 대신 큰 일반 data cache에서 비용이 커질 수 있는 이유를 설명하라.,MODEL_ANSWER_SUFFICIENT,"하나의 중심 판단으로 수렴해 모델답변·설명으로 직접 대조 가능: “block을 어느 line에도 둘 수 있어 특정 index 충돌은 피할 수 있지만 hit 여부를 찾으려면 많은 line의 tag를 비교하고 결과를 선택해야 한다. line 수가 커질수록 comparator, wiring, selection, replacement state의 area·전력·timing 비용이 커져 큰 cache 전체에…”",NOT_APPLICABLE,NO_CONTENT_CHANGE,197,149,0.388
computer-architecture,computer-architecture.core.cache-organization.fully-associative-cache.q3,SCENARIO,PUBLISHED,HARD,computer-architecture.core.cache-organization.fully-associative-cache,fully-associative cache의 line이 32개인데 active working set이 서로 다른 40개 block으로 유지된다. conflict miss를 피할 수 있어도 miss가 계속될 수 있는 이유와 miss 종류를 설명하라.,MODEL_ANSWER_SUFFICIENT,하나의 중심 판단으로 수렴해 모델답변·설명으로 직접 대조 가능: “fully-associative라 placement conflict는 최소화되지만 cache가 동시에 보관할 수 있는 line은 32개뿐이다. active block 40개가 반복적으로 필요하면 모든 working set을 유지할 capacity가 부족해 eviction과 capacity miss가 발생할 수 있다.…”,YES_CONTEXT_USED,NO_CONTENT_CHANGE,229,143,0.503
computer-architecture,computer-architecture.core.cache-organization.index-tag-offset.q2,DESCRIPTIVE,PUBLISHED,MEDIUM,computer-architecture.core.cache-organization.index-tag-offset,"64-byte line을 사용하는 cache에서 offset이 6 bit가 되는 이유와, set 수가 256개라면 index가 8 bit가 되는 이유를 설명하라.",STRUCTURED_CRITERIA_USEFUL,line byte 수에서 offset bit 계산 | set 개수에서 index bit 계산 | 두 주소 구간의 역할 구분,NOT_APPLICABLE,NO_CONTENT_CHANGE,194,131,0.407
computer-architecture,computer-architecture.core.cache-organization.index-tag-offset.q3,SCENARIO,PUBLISHED,HARD,computer-architecture.core.cache-organization.index-tag-offset,"cache capacity와 line size를 고정한 채 associativity를 2-way에서 4-way로 높였다. set 수, index bit 수, tag bit가 어떤 방향으로 변하는지 설명하라.",MODEL_ANSWER_SUFFICIENT,"하나의 중심 판단으로 수렴해 모델답변·설명으로 직접 대조 가능: “전체 line 수는 capacity와 line size가 같으므로 변하지 않는다. associativity가 두 배가 되면 한 set의 way 수가 두 배가 되어 set 수는 절반으로 줄고, power-of-two 모델에서는 index bit가 1 bit 감소한다. address 폭과 offset bit가 고정이므로 줄어든 index…”",YES_CONTEXT_USED,NO_CONTENT_CHANGE,215,132,0.549
computer-architecture,computer-architecture.core.cache-organization.replacement-policy.q2,DESCRIPTIVE,PUBLISHED,MEDIUM,computer-architecture.core.cache-organization.replacement-policy,"LRU 계열 replacement가 temporal locality를 이용하려는 방식과, 완전한 LRU가 associativity가 높을수록 구현 비용이 커질 수 있는 이유를 설명하라.",MODEL_ANSWER_SUFFICIENT,하나의 중심 판단으로 수렴해 모델답변·설명으로 직접 대조 가능: “LRU는 최근 사용한 line이 가까운 미래에 다시 사용될 가능성이 높다는 temporal locality에 기대어 가장 오래 사용하지 않은 line을 victim으로 고르려 한다. way 수가 많아지면 모든 way의 정확한 최근 사용 순서를 추적·갱신하는 state와 logic이 커지므로 실제 hardware는 pseudo-LRU…”,NOT_APPLICABLE,NO_CONTENT_CHANGE,206,141,0.545
computer-architecture,computer-architecture.core.cache-organization.replacement-policy.q3,SCENARIO,PUBLISHED,HARD,computer-architecture.core.cache-organization.replacement-policy,순차로 한 번만 읽는 큰 streaming workload에서 LRU가 항상 이상적인 victim 선택이라고 말하기 어려운 이유를 설명하라.,MODEL_ANSWER_SUFFICIENT,하나의 중심 판단으로 수렴해 모델답변·설명으로 직접 대조 가능: “한 번 읽고 재사용하지 않는 stream은 최근에 사용했다는 사실이 미래 재사용을 잘 예측하지 못한다. streaming line이 반복 사용되는 hot line을 밀어내면 cache pollution이 생길 수 있다. replacement policy의 효과는 workload locality에 의존하며 hit rate와 miss…”,YES_CONTEXT_USED,NO_CONTENT_CHANGE,220,161,0.474
computer-architecture,computer-architecture.core.cache-organization.write-through-write-back.q2,DESCRIPTIVE,PUBLISHED,MEDIUM,computer-architecture.core.cache-organization.write-through-write-back,write-through와 write-back을 lower-level traffic과 dirty eviction 관점에서 비교하라.,STRUCTURED_CRITERIA_USEFUL,write-through의 즉시 하위 계층 traffic | write-back의 dirty state와 eviction flush | 반복 write traffic 대 eviction 비용,NOT_APPLICABLE,NO_CONTENT_CHANGE,250,166,0.446
computer-architecture,computer-architecture.core.cache-organization.write-through-write-back.q3,SCENARIO,PUBLISHED,HARD,computer-architecture.core.cache-organization.write-through-write-back,CPU의 write-back cache에 값이 수정되어 있다는 사실만으로 DB transaction이 crash 후 durable하다고 결론 내릴 수 없는 이유를 설명하라.,MODEL_ANSWER_SUFFICIENT,"하나의 중심 판단으로 수렴해 모델답변·설명으로 직접 대조 가능: “CPU cache write policy는 CPU cache와 lower memory hierarchy 사이의 data movement를 다룬다. DB durability는 transaction log, OS/filesystem writeback, fsync 또는 storage flush, device의 persistence…”",YES_CONTEXT_USED,NO_CONTENT_CHANGE,289,191,0.409
computer-architecture,computer-architecture.core.cache-organization.write-allocate.q2,DESCRIPTIVE,PUBLISHED,MEDIUM,computer-architecture.core.cache-organization.write-allocate,"write-allocate와 no-write-allocate가 write miss를 처리하는 흐름을 비교하고, 각각 어떤 locality에서 유리할 수 있는지 설명하라.",STRUCTURED_CRITERIA_USEFUL,write-allocate의 line fill과 reuse | no-write-allocate의 miss write 경로 | 재사용 locality 대 streaming pollution,NOT_APPLICABLE,NO_CONTENT_CHANGE,247,151,0.325
computer-architecture,computer-architecture.core.cache-organization.write-allocate.q3,SCENARIO,PUBLISHED,HARD,computer-architecture.core.cache-organization.write-allocate,"아주 큰 buffer를 한 번 순차적으로 채운 뒤 다시 읽지 않는 workload와, 작은 buffer의 같은 line을 여러 번 수정하고 곧 읽는 workload가 있다. write-allocate 선택이 두 workload에서 왜 다를 수 있는지 설명하라.",STRUCTURED_CRITERIA_USEFUL,one-pass streaming의 불필요한 fill·pollution | 재사용 buffer의 반복 hit 이점 | 실제 architecture/bandwidth 검증,YES_CONTEXT_USED,NO_CONTENT_CHANGE,322,154,0.275
computer-architecture,computer-architecture.core.cache-organization.cache-friendly-access.q2,DESCRIPTIVE,PUBLISHED,MEDIUM,computer-architecture.core.cache-organization.cache-friendly-access,loop tiling/blocking이 큰 배열·행렬 처리에서 cache locality를 개선할 수 있는 이유를 설명하라.,MODEL_ANSWER_SUFFICIENT,하나의 중심 판단으로 수렴해 모델답변·설명으로 직접 대조 가능: “전체 data를 한 번에 넓게 순회하는 대신 cache에 들어갈 정도의 작은 block을 반복 처리하면 해당 block의 line을 eviction 전에 여러 번 재사용할 수 있다. working set을 가까운 cache에 맞춰 temporal/spatial locality를 높이는 것이 핵심이며 tile 크기가 지나치게 크거나 추가…”,NOT_APPLICABLE,NO_CONTENT_CHANGE,218,143,0.561
computer-architecture,computer-architecture.core.cache-organization.cache-friendly-access.q3,SCENARIO,PUBLISHED,HARD,computer-architecture.core.cache-organization.cache-friendly-access,자료구조를 linked object graph에서 compact array로 바꾼 뒤 microbenchmark는 빨라졌지만 production 요청 지연 시간은 거의 변하지 않았다. 가능한 이유와 다음 측정 항목을 설명하라.,MODEL_ANSWER_SUFFICIENT,"하나의 중심 판단으로 수렴해 모델답변·설명으로 직접 대조 가능: “array layout이 CPU cache locality와 allocation을 개선했더라도 production 요청이 DB/network I/O, lock, queueing 같은 다른 비용에 지배되면 종단 간 지연 시간 영향은 작을 수 있다. CPU utilization, cache miss/IPC, allocation·GC와 함께…”",YES_CONTEXT_USED,NO_CONTENT_CHANGE,247,166,0.430
computer-architecture,computer-architecture.core.data-representation.bit-byte-word.q3,SCENARIO,PUBLISHED,HARD,computer-architecture.core.data-representation.bit-byte-word,64-bit CPU에서 3-byte protocol field를 읽는 parser가 `word가 8 byte이므로 offset도 항상 8씩 증가시킨다`고 구현되었다. 왜 잘못된지 machine word와 wire field width를 구분해 설명하라.,MODEL_ANSWER_SUFFICIENT,하나의 중심 판단으로 수렴해 모델답변·설명으로 직접 대조 가능: “CPU word 폭은 register/ISA의 자연스러운 연산 폭과 관련된 개념이고 protocol field 크기는 wire schema가 정한다. 3-byte field 뒤의 다음 field offset은 protocol layout에 따라 계산해야 하며 CPU가 64-bit라는 이유로 8 byte를 건너뛰면 payload를 잘못…”,YES_CONTEXT_USED,NO_CONTENT_CHANGE,247,154,0.275
computer-architecture,computer-architecture.core.data-representation.binary-hex.q3,SCENARIO,PUBLISHED,HARD,computer-architecture.core.data-representation.binary-hex,"로그에 `0xFF`만 남아 있다. 이 값이 255인지 -1인지 즉시 단정할 수 없는 이유와, 장애 분석에 추가로 필요한 정보를 설명하라.",STRUCTURED_CRITERIA_USEFUL,field width | signed/unsigned 해석 | multi-byte인 경우 byte order와 protocol schema,YES_CONTEXT_USED,NO_CONTENT_CHANGE,212,147,0.375
computer-architecture,computer-architecture.core.data-representation.signed-twos-complement.q2,DESCRIPTIVE,PUBLISHED,MEDIUM,computer-architecture.core.data-representation.signed-twos-complement,"8-bit two's-complement에서 `1000 0000`의 signed 값과, 그 값을 같은 8-bit signed 범위 안에서 양수로 표현할 수 없는 이유를 설명하라.",MODEL_ANSWER_SUFFICIENT,하나의 중심 판단으로 수렴해 모델답변·설명으로 직접 대조 가능: “8-bit two's-complement의 범위는 -128부터 127이므로 `1000 0000`은 -128이다. +128은 같은 signed 8-bit 범위를 벗어나기 때문에 -128의 절댓값을 8-bit signed 값으로 표현할 수 없다. 이것이 최솟값 negation에서 overflow가 생길 수 있는 이유다.”,NOT_APPLICABLE,NO_CONTENT_CHANGE,177,119,0.367
computer-architecture,computer-architecture.core.data-representation.signed-twos-complement.q3,SCENARIO,PUBLISHED,HARD,computer-architecture.core.data-representation.signed-twos-complement,"Java `byte b = (byte)0xFF`를 protocol의 unsigned 8-bit length로 사용해야 한다. `int len = b;`만 수행하면 어떤 값이 되고, 0~255 의미를 얻으려면 왜 unsigned 해석 단계가 필요한지 설명하라.",MODEL_ANSWER_SUFFICIENT,하나의 중심 판단으로 수렴해 모델답변·설명으로 직접 대조 가능: “Java byte는 signed 8-bit이므로 0xFF는 -1이고 int로 widening하면 sign extension되어 -1이 된다. protocol field가 unsigned 8-bit라면 같은 bit pattern을 255로 해석해야 하므로 `Byte.toUnsignedInt(b)` 또는 `b & 0xFF`처럼…”,YES_CONTEXT_USED,NO_CONTENT_CHANGE,211,137,0.507
computer-architecture,computer-architecture.core.data-representation.fixed-width-overflow.q3,SCENARIO,PUBLISHED,HARD,computer-architecture.core.data-representation.fixed-width-overflow,Java의 32-bit signed `int`인 `count * elementSize`로 allocation byte 수를 계산하는 코드에서 두 입력은 각각 양수이고 개별 범위 검사도 통과했다. 곱셈 overflow가 보안·정합성 문제로 이어질 수 있는 경로를 설명하고 안전한 검증 순서를 제시하라.,STRUCTURED_CRITERIA_USEFUL,두 양수 곱의 fixed-width overflow 결과 | 작은 allocation/bounds 오류로 연결되는 경로 | overflow 전에 checked/wider multiplication과 final range 검증,YES_CONTEXT_USED,promptMarkdown,236,143,0.465
computer-architecture,computer-architecture.core.data-representation.floating-point.q2,DESCRIPTIVE,PUBLISHED,MEDIUM,computer-architecture.core.data-representation.floating-point,floating-point 덧셈이 일반적으로 결합법칙 `(a+b)+c = a+(b+c)`을 항상 만족하지 않는 이유를 반올림과 유효 정밀도로 설명하라.,MODEL_ANSWER_SUFFICIENT,하나의 중심 판단으로 수렴해 모델답변·설명으로 직접 대조 가능: “각 intermediate operation의 정확한 수학적 결과가 표현 가능한 floating-point 값으로 반올림된다. 연산 순서를 바꾸면 먼저 더해지는 값의 magnitude와 반올림 시점이 달라져 작은 값이 유효 정밀도 밖으로 사라지거나 다른 representable value로 반올림될 수 있으므로 최종 bit…”,NOT_APPLICABLE,NO_CONTENT_CHANGE,200,121,0.378
computer-architecture,computer-architecture.core.data-representation.floating-point.q3,SCENARIO,PUBLISHED,HARD,computer-architecture.core.data-representation.floating-point,"결제 서비스가 `double`로 가격을 누적한 뒤 `total == expected`로 정합성을 검사한다. 어떤 두 문제가 생길 수 있고, 금액 domain에서는 어떤 representation/rounding contract를 두는 편이 나은지 설명하라.",STRUCTURED_CRITERIA_USEFUL,binary float의 누적 rounding error | exact equality의 불안정성 | minor-unit/decimal representation과 scale·rounding contract,YES_CONTEXT_USED,NO_CONTENT_CHANGE,237,151,0.409
computer-architecture,computer-architecture.core.data-representation.endianness.q3,SCENARIO,PUBLISHED,HARD,computer-architecture.core.data-representation.endianness,little-endian host의 native 32-bit integer memory bytes를 그대로 TCP payload field로 복사했더니 big-endian protocol peer가 다른 값을 읽었다. host endianness와 wire byte order를 구분해 원인과 수정 방법을 설명하라.,MODEL_ANSWER_SUFFICIENT,하나의 중심 판단으로 수렴해 모델답변·설명으로 직접 대조 가능: “host의 native memory layout이 little-endian이어도 protocol field는 big-endian/network order로 정의될 수 있다. native bytes를 그대로 보내면 peer가 가장 중요한 byte 순서를 반대로 해석한다. 송신 시 numeric value를 protocol-defined…”,YES_CONTEXT_USED,NO_CONTENT_CHANGE,283,155,0.357
computer-architecture,computer-architecture.core.datapath-control.alu-datapath.q2,DESCRIPTIVE,PUBLISHED,MEDIUM,computer-architecture.core.datapath-control.alu-datapath,datapath와 control signal이 서로 어떤 역할을 나누는지 설명하라.,MODEL_ANSWER_SUFFICIENT,"하나의 중심 판단으로 수렴해 모델답변·설명으로 직접 대조 가능: “datapath는 register, ALU, mux와 같은 구성 요소를 통해 실제 data를 이동·계산한다. control logic은 현재 instruction에 맞춰 어떤 operand를 선택할지, 어떤 ALU 연산을 할지, memory/register write를 허용할지 같은 signal을 만들어 datapath의 동작을 선택한다.”",NOT_APPLICABLE,NO_CONTENT_CHANGE,190,141,0.314
computer-architecture,computer-architecture.core.datapath-control.alu-datapath.q3,SCENARIO,PUBLISHED,HARD,computer-architecture.core.datapath-control.alu-datapath,"`ADD x3, x1, x2`에서 x1=7, x2=5이고 ALU가 12를 정상 계산했지만 `RegWrite`가 비활성화되어 있다. instruction 완료 뒤 architectural state에 어떤 일이 생기는지 설명하라.",MODEL_ANSWER_SUFFICIENT,하나의 중심 판단으로 수렴해 모델답변·설명으로 직접 대조 가능: “ALU 내부에는 12라는 계산 결과가 만들어지지만 destination register에 write가 허용되지 않으므로 x3의 architectural value는 바뀌지 않는다. 이 사례는 datapath에서 값을 계산하는 것과 control signal이 그 결과를 architectural state로 commit하도록 허용하는…”,YES_CONTEXT_USED,NO_CONTENT_CHANGE,204,126,0.378
computer-architecture,computer-architecture.core.datapath-control.control-unit.q2,DESCRIPTIVE,PUBLISHED,MEDIUM,computer-architecture.core.datapath-control.control-unit,hardwired control과 microprogrammed control이 control signal을 만드는 방식을 비교하고 대표적인 trade-off를 설명하라.,STRUCTURED_CRITERIA_USEFUL,hardwired signal 생성 방식·수정 비용 | microprogrammed control-store 방식·sequencing 비용,NOT_APPLICABLE,NO_CONTENT_CHANGE,240,161,0.623
computer-architecture,computer-architecture.core.datapath-control.control-unit.q3,SCENARIO,PUBLISHED,HARD,computer-architecture.core.datapath-control.control-unit,base register가 0x1000이고 immediate가 0x20인 load instruction에서 control unit이 두 번째 ALU operand로 immediate가 아니라 다른 register 값 0x80을 선택했다. 이후 memory read가 정상 수행된다면 어떤 오류가 생기는지 datapath 흐름으로 설명하라.,MODEL_ANSWER_SUFFICIENT,하나의 중심 판단으로 수렴해 모델답변·설명으로 직접 대조 가능: “정상 effective address는 0x1020이어야 하지만 잘못된 operand select 때문에 ALU가 0x1080을 계산한다. memory unit은 자신에게 전달된 주소를 정상적으로 읽을 수 있으므로 엉뚱한 위치의 값을 load하거나 protection/page fault가 발생할 수 있다. ALU 자체가 맞게 계산했어도…”,YES_CONTEXT_USED,NO_CONTENT_CHANGE,236,150,0.382
computer-architecture,computer-architecture.core.datapath-control.clock-cycle.q3,SCENARIO,PUBLISHED,HARD,computer-architecture.core.datapath-control.clock-cycle,"같은 instruction 수를 실행하는 CPU A는 3 GHz, 평균 CPI 1.5이고 CPU B는 4 GHz, 평균 CPI 2.4다. instruction 수가 같다는 조건에서 어느 CPU의 실행 시간이 더 짧은지 계산 근거와 함께 설명하라.",MODEL_ANSWER_SUFFICIENT,"하나의 중심 판단으로 수렴해 모델답변·설명으로 직접 대조 가능: “instruction 하나당 평균 시간은 CPI/clock rate로 비교할 수 있다. A는 1.5/3 GHz = 0.5 ns, B는 2.4/4 GHz = 0.6 ns이므로 같은 instruction 수라면 A가 더 짧다. clock rate만 높다고 반드시 빠른 것이 아니라 CPI를 함께 봐야 한다.”",YES_CONTEXT_USED,NO_CONTENT_CHANGE,169,132,0.442
computer-architecture,computer-architecture.core.datapath-control.critical-path.q3,SCENARIO,PUBLISHED,HARD,computer-architecture.core.datapath-control.critical-path,한 stage의 critical path가 1.8 ns다. 이를 두 pipeline stage로 나눴더니 조합 논리 지연이 각각 0.85 ns와 0.95 ns가 되었고 각 stage에 register overhead 0.10 ns가 필요하다. 새 최소 cycle time과 이 변경의 지연 시간/처리량 trade-off를 설명하라.,STRUCTURED_CRITERIA_USEFUL,분할 후 stage별 조합 지연+register overhead의 cycle time | pipeline fill 이후 처리량 | per-operation latency·register·hazard 비용,YES_CONTEXT_USED,NO_CONTENT_CHANGE,230,167,0.396
computer-architecture,computer-architecture.core.datapath-control.branch-control-flow.q2,DESCRIPTIVE,PUBLISHED,MEDIUM,computer-architecture.core.datapath-control.branch-control-flow,branch prediction이 틀렸을 때 pipeline에서 어떤 instruction이 잘못된 경로에 들어오며 CPU가 어떻게 복구하는지 설명하라.,MODEL_ANSWER_SUFFICIENT,하나의 중심 판단으로 수렴해 모델답변·설명으로 직접 대조 가능: “예측한 PC를 따라 branch 뒤의 instruction들을 미리 fetch/decode했지만 실제 branch 결과가 반대라면 그 instruction들은 architectural state에 반영되면 안 된다. CPU는 잘못된 경로의 work를 squash/flush하고 실제 target PC에서 fetch를 다시 시작하며…”,NOT_APPLICABLE,NO_CONTENT_CHANGE,225,167,0.444
computer-architecture,computer-architecture.core.datapath-control.branch-control-flow.q3,SCENARIO,PUBLISHED,HARD,computer-architecture.core.datapath-control.branch-control-flow,"ideal CPI가 1인 pipeline에서 instruction의 20%가 branch이고 branch의 10%가 mispredict되며 misprediction 하나당 12 cycle의 penalty가 추가된다고 하자. 다른 stall이 없다면 평균 CPI를 추정하고, predictor 정확도가 성능에 미치는 영향을 설명하라.",MODEL_ANSWER_SUFFICIENT,"하나의 중심 판단으로 수렴해 모델답변·설명으로 직접 대조 가능: “instruction당 추가 stall은 0.20 × 0.10 × 12 = 0.24 cycle이므로 평균 CPI는 약 1.24다. branch 비율이나 penalty가 큰 pipeline일수록 같은 정확도 개선이 줄이는 wasted work가 커진다. 다만 실제 성능은 predictor 비용, pipeline depth와 다른…”",YES_CONTEXT_USED,NO_CONTENT_CHANGE,202,139,0.286
computer-architecture,computer-architecture.core.device-io.interrupt-exception-trap.q2,DESCRIPTIVE,PUBLISHED,MEDIUM,computer-architecture.core.device-io.interrupt-exception-trap,ECALL이 software가 의도적으로 요청한 동작인데도 RISC-V에서 synchronous exception/trap 흐름으로 설명할 수 있는 이유를 설명하라.,MODEL_ANSWER_SUFFICIENT,"하나의 중심 판단으로 수렴해 모델답변·설명으로 직접 대조 가능: “ECALL은 현재 실행 중인 instruction 자체가 environment call exception을 발생시키므로 asynchronous device interrupt가 아니다. 그 exception 때문에 processor가 privileged handler로 control을 넘기는 사건은 trap이며, handler가…”",NOT_APPLICABLE,NO_CONTENT_CHANGE,224,172,0.518
computer-architecture,computer-architecture.core.device-io.interrupt-exception-trap.q3,SCENARIO,PUBLISHED,HARD,computer-architecture.core.device-io.interrupt-exception-trap,"CPU가 instruction A를 실행하는 중 timer interrupt가 pending되었고, 다음 instruction B는 illegal instruction이다. timer event와 B의 illegal-instruction event를 각각 interrupt/exception으로 분류하고, 둘 모두 최종적으로 어떤 공통 control-transfer mechanism으로 처리될 수 있는지 설명하라.",STRUCTURED_CRITERIA_USEFUL,timer의 asynchronous interrupt 성격 | illegal instruction의 synchronous exception 성격 | 받아들인 cause의 공통 trap entry state,YES_CONTEXT_USED,NO_CONTENT_CHANGE,272,197,0.550
computer-architecture,computer-architecture.core.device-io.interrupt-handler-entry.q2,DESCRIPTIVE,PUBLISHED,MEDIUM,computer-architecture.core.device-io.interrupt-handler-entry,trap entry가 mepc/mcause 같은 일부 architectural state를 저장한다고 해서 handler software가 general-purpose register 보존을 무시할 수 없는 이유를 설명하라.,MODEL_ANSWER_SUFFICIENT,하나의 중심 판단으로 수렴해 모델답변·설명으로 직접 대조 가능: “Interrupt는 임의의 execution point에 들어올 수 있으므로 중단된 code가 사용 중인 general-purpose register를 handler가 덮어쓰면 원래 program state가 손상된다. ISA가 trap entry에서 자동으로 보존하는 state와 software handler가 stack/save…”,NOT_APPLICABLE,NO_CONTENT_CHANGE,220,144,0.306
computer-architecture,computer-architecture.core.device-io.interrupt-handler-entry.q3,SCENARIO,PUBLISHED,HARD,computer-architecture.core.device-io.interrupt-handler-entry,level-triggered device interrupt의 handler가 completion을 읽었지만 interrupt source를 acknowledge/clear하지 않고 return한다. CPU 사용률과 application 지연 시간에 어떤 현상이 생길 수 있는지 handler-entry 흐름으로 설명하라.,MODEL_ANSWER_SUFFICIENT,하나의 중심 판단으로 수렴해 모델답변·설명으로 직접 대조 가능: “Device가 interrupt condition을 계속 asserted하면 return 직후 같은 interrupt가 다시 pending/accepted되어 trap entry가 반복될 수 있다. CPU가 handler에 계속 머물면서 application thread와 다른 work가 지연되고 interrupt storm처럼 CPU…”,YES_CONTEXT_USED,NO_CONTENT_CHANGE,305,186,0.420
computer-architecture,computer-architecture.core.device-io.programmed-io.q3,SCENARIO,PUBLISHED,HARD,computer-architecture.core.device-io.programmed-io,"초저지연 device는 보통 5 μs 안에 완료되지만 초당 수십만 번 event가 발생한다. 무조건 interrupt가 polling보다 낫다고 결론 내릴 수 없는 이유를 CPU cost, wakeup 지연 시간, event rate 관점에서 설명하라.",STRUCTURED_CRITERIA_USEFUL,고빈도 event의 interrupt/trap 및 wakeup 비용 | polling의 core 사용 비용과 관찰 지연 | workload별 CPU budget·latency 비교,YES_CONTEXT_USED,NO_CONTENT_CHANGE,260,169,0.614
computer-architecture,computer-architecture.core.device-io.memory-mapped-io.q2,DESCRIPTIVE,PUBLISHED,MEDIUM,computer-architecture.core.device-io.memory-mapped-io,posted MMIO write 때문에 source code의 `write register A; write register B;` 순서와 device가 실제로 관찰하는 완료 시점이 단순히 같다고 볼 수 없는 이유를 설명하라.,MODEL_ANSWER_SUFFICIENT,"하나의 중심 판단으로 수렴해 모델답변·설명으로 직접 대조 가능: “MMIO write가 interconnect나 bridge의 posted buffer에 머문 채 CPU가 다음 instruction으로 진행할 수 있기 때문이다. Device specification과 platform API가 순서를 요구한다면 read-back, ordered accessor 또는 적절한 I/O barrier처럼…”",NOT_APPLICABLE,NO_CONTENT_CHANGE,216,185,0.436
computer-architecture,computer-architecture.core.device-io.memory-mapped-io.q3,SCENARIO,PUBLISHED,HARD,computer-architecture.core.device-io.memory-mapped-io,어떤 device의 status register는 read-to-clear다. Driver가 디버깅을 위해 같은 register를 두 번 연속 읽고 두 번째 값만 처리했다. 어떤 오류가 생길 수 있으며 왜 normal memory variable을 읽는 것과 다른지 설명하라.,MODEL_ANSWER_SUFFICIENT,하나의 중심 판단으로 수렴해 모델답변·설명으로 직접 대조 가능: “첫 MMIO read 자체가 status bit를 clear하는 side effect를 만들 수 있어 두 번째 read에서는 event 정보가 사라질 수 있다. Normal RAM read는 일반적으로 값을 관찰하는 것만으로 device state를 소비하지 않지만 MMIO semantics는 device specification이…”,YES_CONTEXT_USED,NO_CONTENT_CHANGE,229,164,0.305
computer-architecture,computer-architecture.core.device-io.dma.q2,DESCRIPTIVE,PUBLISHED,MEDIUM,computer-architecture.core.device-io.dma,DMA streaming mapping에서 CPU가 device에 buffer ownership을 넘긴 뒤 해당 buffer를 계속 수정하면 안 되는 이유를 설명하라.,MODEL_ANSWER_SUFFICIENT,하나의 중심 판단으로 수렴해 모델답변·설명으로 직접 대조 가능: “Device가 비동기적으로 같은 memory를 읽거나 쓰는 동안 CPU가 내용을 바꾸면 transfer data race와 corruption이 생길 수 있다. 또한 non-coherent platform에서는 CPU cache와 device view가 달라질 수 있으므로 DMA API가 요구하는 map/sync/unmap과…”,NOT_APPLICABLE,NO_CONTENT_CHANGE,207,171,0.484
computer-architecture,computer-architecture.core.device-io.dma.q3,SCENARIO,PUBLISHED,HARD,computer-architecture.core.device-io.dma,NIC transmit descriptor에 buffer A를 제출한 직후 application이 해당 memory를 object pool에 반환했고 다른 요청이 A를 덮어썼다. DMA completion은 아직 오지 않았다. 전송 데이터가 깨질 수 있는 이유와 안전한 lifetime 경계를 설명하라.,MODEL_ANSWER_SUFFICIENT,하나의 중심 판단으로 수렴해 모델답변·설명으로 직접 대조 가능: “NIC/DMA controller는 descriptor가 가리키는 buffer를 completion 전까지 비동기적으로 읽을 수 있다. Pool 재사용으로 같은 memory가 덮어써지면 device가 원래 payload 대신 변경된 bytes를 전송할 수 있다. Buffer는 DMA ownership이 끝났다는 completion과…”,YES_CONTEXT_USED,NO_CONTENT_CHANGE,219,164,0.449
computer-architecture,computer-architecture.core.device-io.device-cpu-memory-path.q2,DESCRIPTIVE,PUBLISHED,MEDIUM,computer-architecture.core.device-io.device-cpu-memory-path,`write()`나 `send()` 같은 software API가 성공해 반환한 시점과 physical device가 실제 전송을 완료한 시점을 일반적으로 같은 순간으로 볼 수 없는 이유를 설명하라.,MODEL_ANSWER_SUFFICIENT,"하나의 중심 판단으로 수렴해 모델답변·설명으로 직접 대조 가능: “Software API는 data를 kernel buffer/queue에 받아들였거나 일정 contract를 만족했다는 뜻일 수 있고, 이후 queueing, DMA, device transfer가 비동기로 남아 있을 수 있다. 정확한 완료 의미는 API와 device path의 contract를 확인해야 하며 application…”",NOT_APPLICABLE,NO_CONTENT_CHANGE,262,184,0.287
computer-architecture,computer-architecture.core.device-io.device-cpu-memory-path.q3,SCENARIO,PUBLISHED,HARD,computer-architecture.core.device-io.device-cpu-memory-path,Storage queue depth를 4에서 128로 높였더니 처리량은 증가했지만 p99 요청 지연 시간과 in-flight memory가 크게 늘었다. Device-CPU-memory path 관점에서 이 현상을 설명하라.,STRUCTURED_CRITERIA_USEFUL,queue depth의 병렬성·aggregate throughput | queueing에 따른 p99 latency | completion까지 점유되는 in-flight memory,YES_CONTEXT_USED,NO_CONTENT_CHANGE,292,170,0.220
computer-architecture,computer-architecture.core.isa-execution.isa-vs-microarchitecture.q2,DESCRIPTIVE,PUBLISHED,MEDIUM,computer-architecture.core.isa-execution.isa-vs-microarchitecture,같은 ISA binary를 실행하는 두 CPU의 instruction count가 같아도 실행 시간이 달라질 수 있는 이유를 설명하라.,MODEL_ANSWER_SUFFICIENT,"하나의 중심 판단으로 수렴해 모델답변·설명으로 직접 대조 가능: “ISA는 instruction semantics 같은 architectural contract를 정의하지만 pipeline, cache, branch predictor, execution unit 등 microarchitecture는 달라질 수 있다. 이 차이가 CPI, cache miss, branch penalty를 바꾸므로 같은…”",NOT_APPLICABLE,NO_CONTENT_CHANGE,224,169,0.621
computer-architecture,computer-architecture.core.isa-execution.isa-vs-microarchitecture.q3,SCENARIO,PUBLISHED,HARD,computer-architecture.core.isa-execution.isa-vs-microarchitecture,서비스를 CPU A에서 CPU B로 옮기려 한다. 두 CPU는 같은 ISA와 필요한 extension을 지원하지만 A에서 측정한 특정 instruction sequence의 지연 시간이 40 ns였다. 이 40 ns를 B에서도 보장되는 계약으로 사용할 수 없는 이유와 이식 시 각각 무엇을 검증해야 하는지 설명하라.,STRUCTURED_CRITERIA_USEFUL,ISA extension·ABI 기반 correctness 호환성 | target microarchitecture에서 workload 성능 재측정,YES_CONTEXT_USED,NO_CONTENT_CHANGE,210,140,0.404
computer-architecture,computer-architecture.core.isa-execution.instruction-format.q3,DESCRIPTIVE,PUBLISHED,HARD,computer-architecture.core.isa-execution.instruction-format,"고정 32-bit instruction에서 opcode와 register field에 더 많은 bit를 할당하려 한다. 이 변경이 immediate 범위, encoding 공간, decode 복잡도와 code density에 어떤 trade-off를 만들 수 있는지 설명하라.",STRUCTURED_CRITERIA_USEFUL,고정 bit budget의 opcode/register/immediate 할당 | field 변경에 따른 encoding·decode 복잡도 | 여러 instruction/code density·fetch 비용,NOT_APPLICABLE,NO_CONTENT_CHANGE,267,165,0.496
computer-architecture,computer-architecture.core.isa-execution.registers.q3,SCENARIO,PUBLISHED,HARD,computer-architecture.core.isa-execution.registers,"JIT가 만든 hot loop에서 동시에 살아 있는 값이 많아 일부 값이 stack slot로 spill된다. register pressure가 execution path를 느리게 만드는 과정을 load/store 관점에서 설명하고, source local-variable 개수만으로 이 문제를 확정하면 안 되는 이유도 설명하라.",STRUCTURED_CRITERIA_USEFUL,spill 시 stack store/load와 dependency 비용 | source 변수 수와 실제 live range의 차이 | generated code에서 register allocation 확인,YES_CONTEXT_USED,NO_CONTENT_CHANGE,304,169,0.195
computer-architecture,computer-architecture.core.isa-execution.fetch-decode-execute.q2,DESCRIPTIVE,PUBLISHED,MEDIUM,computer-architecture.core.isa-execution.fetch-decode-execute,fetch가 성공한 instruction도 이후 정상 완료되지 않을 수 있다. decode 또는 execute 이후 발생할 수 있는 두 가지 실패 경로를 예로 들어 설명하라.,STRUCTURED_CRITERIA_USEFUL,decode 단계 illegal/unsupported encoding | execute/load-store 단계 address·permission fault,NOT_APPLICABLE,NO_CONTENT_CHANGE,207,150,0.414
computer-architecture,computer-architecture.core.isa-execution.fetch-decode-execute.q3,SCENARIO,PUBLISHED,HARD,computer-architecture.core.isa-execution.fetch-decode-execute,"PC=0x1000에서 branch instruction을 fetch했다. branch condition은 참이고 target은 0x1800이며, target instruction을 fetch할 때 instruction page fault가 발생한다. 논리적인 control-flow 상태 변화를 순서대로 설명하라.",MODEL_ANSWER_SUFFICIENT,하나의 중심 판단으로 수렴해 모델답변·설명으로 직접 대조 가능: “0x1000의 branch를 fetch/decode한 뒤 condition을 평가해 next PC를 0x1800 target으로 선택한다. 이후 target instruction fetch가 address translation 또는 mapping 문제로 page fault를 발생시키므로 target instruction은 정상…”,YES_CONTEXT_USED,NO_CONTENT_CHANGE,286,171,0.513
computer-architecture,computer-architecture.core.isa-execution.addressing-modes.q3,DESCRIPTIVE,PUBLISHED,HARD,computer-architecture.core.isa-execution.addressing-modes,`node.next.value`를 읽는 high-level 표현을 '한 번의 indirect addressing'이라고 단정하면 왜 부정확한가? RISC-V 같은 load/store ISA에서 가능한 machine-level 흐름과 memory fault 경계를 설명하라.,MODEL_ANSWER_SUFFICIENT,"하나의 중심 판단으로 수렴해 모델답변·설명으로 직접 대조 가능: “첫 load가 node의 next pointer를 register로 읽고, 두 번째 load가 그 register를 base로 value field를 읽는 식으로 여러 instruction이 필요할 수 있다. 각 단계의 effective address 계산이 정상이어도 mapping, permission, alignment 등에 따라…”",NOT_APPLICABLE,NO_CONTENT_CHANGE,288,196,0.310
computer-architecture,computer-architecture.core.isa-execution.procedure-call-machine-level.q2,DESCRIPTIVE,PUBLISHED,MEDIUM,computer-architecture.core.isa-execution.procedure-call-machine-level,"caller-saved와 callee-saved register 규칙이 왜 필요한지, 각각 누가 값을 보존해야 하는지 설명하라.",STRUCTURED_CRITERIA_USEFUL,caller-saved 값을 call 너머 보존할 때 caller 책임 | callee-saved 값 수정 시 callee 복구 책임,NOT_APPLICABLE,NO_CONTENT_CHANGE,167,170,0.485
computer-architecture,computer-architecture.core.isa-execution.procedure-call-machine-level.q3,SCENARIO,PUBLISHED,HARD,computer-architecture.core.isa-execution.procedure-call-machine-level,callee가 `s1`을 임시 계산에 사용하면서 저장·복구하지 않은 채 return했다. caller는 call 전에 `s1`에 중요한 pointer를 보관하고 있었다. 모든 instruction 자체가 정상 실행됐더라도 프로그램이 깨질 수 있는 이유를 ABI 관점에서 설명하라.,MODEL_ANSWER_SUFFICIENT,하나의 중심 판단으로 수렴해 모델답변·설명으로 직접 대조 가능: “RISC-V 표준 ABI에서 s 계열은 callee-saved이므로 caller는 call 뒤에도 원래 값이 유지된다고 가정할 수 있다. Callee가 s1을 바꾸고 복구하지 않으면 ABI contract를 위반해 caller가 잘못된 pointer를 사용하게 된다. 이는 ISA arithmetic 오류가 아니라 calling…”,YES_CONTEXT_USED,NO_CONTENT_CHANGE,220,155,0.518
computer-architecture,computer-architecture.core.memory-hierarchy.memory-hierarchy.q2,DESCRIPTIVE,PUBLISHED,MEDIUM,computer-architecture.core.memory-hierarchy.memory-hierarchy,작고 빠른 상위 계층이 전체 memory보다 훨씬 작은데도 많은 access를 처리할 수 있는 이유를 temporal/spatial locality와 연결해 설명하라.,MODEL_ANSWER_SUFFICIENT,하나의 중심 판단으로 수렴해 모델답변·설명으로 직접 대조 가능: “프로그램은 최근 사용한 data를 다시 사용하는 temporal locality와 인접 address를 곧 사용하는 spatial locality를 자주 보인다. 그래서 전체 memory를 상위 cache에 둘 필요 없이 현재 working set과 주변 line만 가까운 계층에 두어도 많은 access가 hit할 수 있다. miss가…”,NOT_APPLICABLE,NO_CONTENT_CHANGE,241,153,0.228
computer-architecture,computer-architecture.core.memory-hierarchy.memory-hierarchy.q3,SCENARIO,PUBLISHED,HARD,computer-architecture.core.memory-hierarchy.memory-hierarchy,L1 cache를 더 크게 만들면 hit rate가 높아질 가능성이 있다. 그럼에도 `L1은 클수록 무조건 좋다`고 결론 내릴 수 없는 이유를 최소 세 가지 trade-off로 설명하라.,STRUCTURED_CRITERIA_USEFUL,큰 L1의 capacity miss 감소 | hit latency/area/power 비용 | associativity와 workload working-set 효과,YES_CONTEXT_USED,NO_CONTENT_CHANGE,235,160,0.479
computer-architecture,computer-architecture.core.memory-hierarchy.temporal-spatial-locality.q2,DESCRIPTIVE,PUBLISHED,MEDIUM,computer-architecture.core.memory-hierarchy.temporal-spatial-locality,working set이 cache capacity보다 커질 때 temporal locality가 있어도 cache miss가 늘 수 있는 이유를 설명하라.,MODEL_ANSWER_SUFFICIENT,하나의 중심 판단으로 수렴해 모델답변·설명으로 직접 대조 가능: “같은 data를 나중에 다시 사용하더라도 그 사이에 접근한 active data가 cache capacity를 넘으면 이전 line이 재사용되기 전에 eviction될 수 있다. 이 경우 temporal reuse 가능성은 존재하지만 cache가 working set을 유지하지 못해 capacity miss가 증가한다.”,NOT_APPLICABLE,NO_CONTENT_CHANGE,179,140,0.240
computer-architecture,computer-architecture.core.memory-hierarchy.temporal-spatial-locality.q3,SCENARIO,PUBLISHED,HARD,computer-architecture.core.memory-hierarchy.temporal-spatial-locality,row-major로 저장된 큰 2차원 배열을 같은 계산량으로 순회한다. 한 구현은 row를 따라 연속 접근하고 다른 구현은 column을 따라 큰 stride로 접근한다. 두 구현의 cache behavior가 달라질 수 있는 이유를 설명하라.,MODEL_ANSWER_SUFFICIENT,하나의 중심 판단으로 수렴해 모델답변·설명으로 직접 대조 가능: “row-major 배열에서 row 순회는 인접 원소가 같은 cache line에 포함되기 쉬워 한 번의 line fill 뒤 여러 원소를 재사용할 수 있다. column 순회는 row 길이만큼 큰 stride로 이동해 각 access가 다른 line을 요구할 가능성이 커지고 line 안의 가져온 byte를 적게 사용할 수 있다.…”,YES_CONTEXT_USED,NO_CONTENT_CHANGE,278,159,0.487
computer-architecture,computer-architecture.core.memory-hierarchy.cache-line.q2,DESCRIPTIVE,PUBLISHED,MEDIUM,computer-architecture.core.memory-hierarchy.cache-line,cache line size를 크게 만들 때 얻을 수 있는 이점과 동시에 생길 수 있는 비용을 spatial locality와 bandwidth 관점에서 설명하라.,STRUCTURED_CRITERIA_USEFUL,큰 line의 spatial reuse 이득 | unused byte의 bandwidth 낭비 | line 수·pollution·fill latency 비용,NOT_APPLICABLE,NO_CONTENT_CHANGE,222,155,0.473
computer-architecture,computer-architecture.core.memory-hierarchy.cache-line.q3,SCENARIO,PUBLISHED,HARD,computer-architecture.core.memory-hierarchy.cache-line,두 thread가 서로 다른 counter를 각각 갱신하므로 논리적으로 data를 공유하지 않는다. 그런데 두 counter가 같은 cache line에 놓인 뒤 multicore 성능이 크게 떨어졌다. 가능한 원인과 개선 방향을 설명하라.,MODEL_ANSWER_SUFFICIENT,하나의 중심 판단으로 수렴해 모델답변·설명으로 직접 대조 가능: “coherence가 field가 아니라 cache line 단위로 ownership/state를 관리하므로 서로 다른 counter라도 같은 line에 있으면 각 core의 write가 line ownership을 반복해서 이동시킬 수 있다. 이것이 false sharing이다. data layout을 바꿔 자주 쓰는 독립 write…”,YES_CONTEXT_USED,NO_CONTENT_CHANGE,284,144,0.133
computer-architecture,computer-architecture.core.memory-hierarchy.cache-hit-miss.q2,DESCRIPTIVE,PUBLISHED,MEDIUM,computer-architecture.core.memory-hierarchy.cache-hit-miss,read miss가 발생한 뒤 요청한 data를 사용할 수 있게 될 때까지 cache에서 일어날 수 있는 상태 흐름을 설명하라.,MODEL_ANSWER_SUFFICIENT,하나의 중심 판단으로 수렴해 모델답변·설명으로 직접 대조 가능: “tag lookup에서 일치하는 valid line이 없으면 miss가 된다. 빈 line이 없으면 replacement policy로 victim을 고르고 write-back cache의 dirty victim이면 lower level에 기록해야 할 수 있다. 이후 lower level에 필요한 block을 요청해 line을 채우고…”,NOT_APPLICABLE,NO_CONTENT_CHANGE,259,138,0.317
computer-architecture,computer-architecture.core.memory-hierarchy.cache-hit-miss.q3,SCENARIO,PUBLISHED,HARD,computer-architecture.core.memory-hierarchy.cache-hit-miss,"cache A는 hit rate 99%이고 miss penalty가 200ns, cache B는 hit rate 96%이고 miss penalty가 20ns라고 하자. hit time이 같다고 가정할 때 hit rate만 보고 A가 더 빠르다고 결론 내릴 수 없는 이유를 정량적으로 설명하라.",MODEL_ANSWER_SUFFICIENT,"하나의 중심 판단으로 수렴해 모델답변·설명으로 직접 대조 가능: “A의 miss에 따른 평균 추가 비용은 0.01 × 200ns = 2ns이고 B는 0.04 × 20ns = 0.8ns다. hit time이 같다는 단순 모델에서는 오히려 B의 평균 miss 비용이 더 작다. 실제 판단에는 hit time, multi-level behavior, miss overlap과 bandwidth도 필요하지만…”",YES_CONTEXT_USED,NO_CONTENT_CHANGE,229,131,0.315
computer-architecture,computer-architecture.core.memory-hierarchy.latency-vs-bandwidth.q2,DESCRIPTIVE,PUBLISHED,MEDIUM,computer-architecture.core.memory-hierarchy.latency-vs-bandwidth,여러 independent memory 요청을 동시에 outstanding 상태로 두면 개별 memory 지연 시간 자체가 줄지 않아도 처리량이 높아질 수 있는 이유를 설명하라.,STRUCTURED_CRITERIA_USEFUL,개별 요청 latency가 유지되는 조건 | 독립 요청의 overlap에 따른 aggregate throughput | dependent chain의 병렬성 제한,NOT_APPLICABLE,NO_CONTENT_CHANGE,207,157,0.429
computer-architecture,computer-architecture.core.memory-hierarchy.latency-vs-bandwidth.q3,SCENARIO,PUBLISHED,HARD,computer-architecture.core.memory-hierarchy.latency-vs-bandwidth,memory path가 요청마다 100ns의 고정 지연 시간을 가진 뒤 20GB/s로 data를 전송한다고 단순화하자. 64byte 한 번을 읽는 경우와 64MB를 순차 전송하는 경우에 어떤 요소가 상대적으로 더 중요해지는지 설명하라.,STRUCTURED_CRITERIA_USEFUL,small transfer에서 고정 시작 latency 비중 | large transfer에서 sustained bandwidth 비중,YES_CONTEXT_USED,NO_CONTENT_CHANGE,286,167,0.311
computer-architecture,computer-architecture.core.memory-hierarchy.miss-penalty.q3,SCENARIO,PUBLISHED,HARD,computer-architecture.core.memory-hierarchy.miss-penalty,"L1 hit time은 1ns, L1 miss rate는 5%다. L1 miss 시 L2 access는 5ns가 걸리고, L2 local miss rate는 10%이며 L2 miss 뒤 DRAM 추가 penalty는 80ns라고 단순화하자. `1ns + 0.05 × (5ns + 0.10 × 80ns)` 모델로 AMAT를 계산하고 각 항의 의미를 설명하라.",MODEL_ANSWER_SUFFICIENT,"하나의 중심 판단으로 수렴해 모델답변·설명으로 직접 대조 가능: “L2 miss의 평균 추가 비용은 0.10 × 80ns = 8ns이므로 L1 miss 한 번의 평균 하위 계층 비용은 5ns + 8ns = 13ns다. 이를 L1 miss rate 5%에 곱하면 0.65ns이고 L1 hit time 1ns를 더해 AMAT는 1.65ns다. 1ns는 모든 access가 지불하는 L1 lookup, 5%는…”",YES_CONTEXT_USED,NO_CONTENT_CHANGE,271,131,0.321
computer-architecture,computer-architecture.core.multicore-memory.multicore-shared-memory.q2,DESCRIPTIVE,PUBLISHED,MEDIUM,computer-architecture.core.multicore-memory.multicore-shared-memory,"shared-memory concurrency를 설명할 때 cache coherence, memory ordering, atomicity가 각각 어떤 질문에 답하는지 구분하라.",STRUCTURED_CRITERIA_USEFUL,같은 location의 cached copy/write coherence | 서로 다른 load/store ordering 보장 | read-modify-write atomicity 보장,NOT_APPLICABLE,NO_CONTENT_CHANGE,283,165,0.478
computer-architecture,computer-architecture.core.multicore-memory.multicore-shared-memory.q3,SCENARIO,PUBLISHED,HARD,computer-architecture.core.multicore-memory.multicore-shared-memory,두 thread가 동일한 `int x`에 대해 각각 `x++`를 한 번 수행했다. cache coherence는 정상인데 최종 값이 1이 될 수 있다. 가능한 interleaving을 설명하고 coherence가 왜 이 lost update를 막지 못하는지 설명하라.,MODEL_ANSWER_SUFFICIENT,하나의 중심 판단으로 수렴해 모델답변·설명으로 직접 대조 가능: “두 thread가 모두 x=0을 읽고 각각 1을 계산한 뒤 차례로 1을 write할 수 있다. coherence는 두 write가 같은 location에 대해 coherent하게 전달되도록 할 수 있지만 `read → add → write` 전체를 하나의 atomic transaction으로 묶지 않는다. 최종 값 2를 보장하려면…”,YES_CONTEXT_USED,NO_CONTENT_CHANGE,254,146,0.326
computer-architecture,computer-architecture.core.multicore-memory.private-shared-cache.q2,DESCRIPTIVE,PUBLISHED,MEDIUM,computer-architecture.core.multicore-memory.private-shared-cache,thread가 한 core에서 오래 실행되다 다른 core로 migration되면 correctness는 유지되어도 성능이 달라질 수 있는 이유를 private cache locality와 연결해 설명하라.,MODEL_ANSWER_SUFFICIENT,하나의 중심 판단으로 수렴해 모델답변·설명으로 직접 대조 가능: “이전 core의 private cache에는 thread가 반복 사용하던 working set이 warm하게 남아 있을 수 있다. 다른 core로 migration되면 새 core의 private cache에는 그 line이 없어 lower cache나 다른 core에서 다시 가져와야 할 수 있다. coherence는 올바른 값을…”,NOT_APPLICABLE,NO_CONTENT_CHANGE,226,149,0.272
computer-architecture,computer-architecture.core.multicore-memory.private-shared-cache.q3,SCENARIO,PUBLISHED,HARD,computer-architecture.core.multicore-memory.private-shared-cache,성능 문제를 보고 `thread를 특정 core에 pin하면 cache가 따뜻해지니 항상 더 빠르다`고 결론 내리면 안 되는 이유를 설명하라.,MODEL_ANSWER_SUFFICIENT,"하나의 중심 판단으로 수렴해 모델답변·설명으로 직접 대조 가능: “affinity는 private-cache locality와 migration 비용을 줄일 수 있지만 scheduler의 load balancing을 제한하고 특정 core/cache/NUMA node에 workload를 몰아 contention을 높일 수 있다. 실제 효과는 migration rate, cache misses, CPU…”",YES_CONTEXT_USED,NO_CONTENT_CHANGE,273,174,0.437
computer-architecture,computer-architecture.core.multicore-memory.cache-coherence-problem.q2,DESCRIPTIVE,PUBLISHED,MEDIUM,computer-architecture.core.multicore-memory.cache-coherence-problem,Core A와 B가 같은 line을 read-only로 cache하고 있고 A가 그 line을 write하려 한다. invalidation-based coherence에서 왜 A가 다른 copy와 조정해야 하는지 설명하라.,MODEL_ANSWER_SUFFICIENT,하나의 중심 판단으로 수렴해 모델답변·설명으로 직접 대조 가능: “A가 자기 copy만 수정하면 B가 이전 line을 계속 valid한 값으로 읽을 수 있다. 그래서 A는 write permission/ownership을 얻는 과정에서 B의 copy를 invalidate하는 등의 coherence transaction을 수행해야 한다. 이후 B가 다시 읽으면 최신 line을 새로 받아야 해 같은…”,NOT_APPLICABLE,NO_CONTENT_CHANGE,216,181,0.327
computer-architecture,computer-architecture.core.multicore-memory.cache-coherence-problem.q3,SCENARIO,PUBLISHED,HARD,computer-architecture.core.multicore-memory.cache-coherence-problem,atomic counter를 사용해 lost update는 없어졌지만 core 수를 2개에서 32개로 늘릴수록 처리량 증가가 거의 멈췄다. coherence 관점에서 가능한 원인을 설명하라.,STRUCTURED_CRITERIA_USEFUL,atomicity로 lost update가 해결된 뒤에도 남는 line ownership 이동 | invalidation·cache transfer·serialization 비용 | partitioning 후 scalability 측정,YES_CONTEXT_USED,NO_CONTENT_CHANGE,316,174,0.381
computer-architecture,computer-architecture.core.multicore-memory.coherence-protocol-model.q2,DESCRIPTIVE,PUBLISHED,MEDIUM,computer-architecture.core.multicore-memory.coherence-protocol-model,snooping coherence와 directory-based coherence가 `어느 cache가 line을 가지고 있는가`를 찾는 방식에서 어떻게 다른지 설명하라.,STRUCTURED_CRITERIA_USEFUL,shared-interconnect snooping으로 sharer 탐색/전파 | directory의 owner·sharer metadata 조회와 targeted message | broadcast 비용과 topology trade-off,NOT_APPLICABLE,NO_CONTENT_CHANGE,277,184,0.566
computer-architecture,computer-architecture.core.multicore-memory.coherence-protocol-model.q3,SCENARIO,PUBLISHED,HARD,computer-architecture.core.multicore-memory.coherence-protocol-model,Core A와 B가 shared state인 line을 읽고 있다. A가 write ownership을 얻어 수정한 뒤 B가 다시 같은 line을 읽는 invalidation-based protocol의 가능한 상태 흐름을 설명하라.,MODEL_ANSWER_SUFFICIENT,하나의 중심 판단으로 수렴해 모델답변·설명으로 직접 대조 가능: “처음에는 두 core가 read 가능한 shared copy를 가질 수 있다. A가 write하려면 다른 sharer인 B의 copy를 invalidate하고 write permission을 얻는다. A가 수정한 뒤 B의 기존 line은 사용할 수 없으므로 B의 다음 read는 coherence miss/요청을 발생시키고 최신…”,YES_CONTEXT_USED,NO_CONTENT_CHANGE,288,163,0.521
computer-architecture,computer-architecture.core.multicore-memory.false-sharing.q2,DESCRIPTIVE,PUBLISHED,MEDIUM,computer-architecture.core.multicore-memory.false-sharing,"false sharing과 true sharing/data race를 구분하고, false sharing이 올바르게 synchronized된 코드에서도 성능 문제로 나타날 수 있는 이유를 설명하라.",STRUCTURED_CRITERIA_USEFUL,true sharing의 동일 logical value 공유 | data race의 synchronization correctness | false sharing의 같은 cache line ownership 비용,NOT_APPLICABLE,NO_CONTENT_CHANGE,358,186,0.338
computer-architecture,computer-architecture.core.multicore-memory.false-sharing.q3,SCENARIO,PUBLISHED,HARD,computer-architecture.core.multicore-memory.false-sharing,32개 worker가 각자 독립 counter를 갱신한다. counter를 인접 배열 slot에 배치했을 때보다 per-worker padded layout에서 처리량이 크게 올랐다. false sharing을 원인으로 확정하기 전에 추가로 확인할 evidence와 padding의 trade-off를 설명하라.,STRUCTURED_CRITERIA_USEFUL,cache-line write contention을 입증할 counter/profile | lock·scheduler 등 대안 원인 배제 | padding으로 줄인 coherence 비용과 늘어난 memory footprint,YES_CONTEXT_USED,NO_CONTENT_CHANGE,314,173,0.407
computer-architecture,computer-architecture.core.multicore-memory.hardware-memory-reordering.q2,DESCRIPTIVE,PUBLISHED,MEDIUM,computer-architecture.core.multicore-memory.hardware-memory-reordering,cache coherence만으로 `data = 42; ready = true;` publication에서 consumer가 `ready == true`를 본 뒤 반드시 최신 data를 본다고 일반화할 수 없는 이유를 설명하라.,MODEL_ANSWER_SUFFICIENT,하나의 중심 판단으로 수렴해 모델답변·설명으로 직접 대조 가능: “coherence는 주로 같은 memory location의 cached copies와 writes를 일관되게 만드는 문제지만 `data`와 `ready`는 서로 다른 locations다. 둘 사이의 관찰 순서를 보장하려면 architecture memory model의 ordering primitive 또는 language-level…”,NOT_APPLICABLE,NO_CONTENT_CHANGE,304,174,0.495
computer-architecture,computer-architecture.core.multicore-memory.hardware-memory-reordering.q3,SCENARIO,PUBLISHED,HARD,computer-architecture.core.multicore-memory.hardware-memory-reordering,Java 개발자가 `target CPU가 x86이므로 이 shared flag는 volatile이 아니어도 된다`고 주장했다. hardware memory model과 Java Memory Model의 경계를 기준으로 왜 잘못된 접근인지 설명하라.,MODEL_ANSWER_SUFFICIENT,하나의 중심 판단으로 수렴해 모델답변·설명으로 직접 대조 가능: “Java program의 correctness는 Java Memory Model이 정의하는 happens-before와 data-race rules로 판단해야 한다. JVM/JIT는 target architecture의 ordering strength에 따라 fence나 instruction 선택을 최적화할 수 있지만…”,YES_CONTEXT_USED,NO_CONTENT_CHANGE,362,199,0.429
computer-architecture,computer-architecture.core.performance.latency-throughput.q3,SCENARIO,PUBLISHED,HARD,computer-architecture.core.performance.latency-throughput,"Batch size를 10에서 100으로 늘렸더니 items/sec는 40% 증가했지만 p99 요청 지연 시간은 3배가 되었다. 두 결과가 동시에 가능한 이유를 queueing과 batching 관점에서 설명하고, 어떤 지표를 기준으로 설정을 결정해야 하는지 설명하라.",STRUCTURED_CRITERIA_USEFUL,batching으로 줄어드는 fixed overhead/aggregate 처리량 | fill·queue 대기로 늘어나는 p99 | SLA·arrival rate·queue depth 기준 선택,YES_CONTEXT_USED,NO_CONTENT_CHANGE,229,172,0.658
computer-architecture,computer-architecture.core.performance.cpu-time.q2,DESCRIPTIVE,PUBLISHED,MEDIUM,computer-architecture.core.performance.cpu-time,"wall-clock time, process CPU time, machine CPU utilization이 서로 다른 측정값인 이유를 설명하라.",STRUCTURED_CRITERIA_USEFUL,wall-clock의 elapsed wait 포함 | process on-CPU 누적 시간 | machine-wide multi-core busy ratio,NOT_APPLICABLE,NO_CONTENT_CHANGE,186,150,0.603
computer-architecture,computer-architecture.core.performance.cpu-time.q3,SCENARIO,PUBLISHED,HARD,computer-architecture.core.performance.cpu-time,서비스 p99가 800 ms이고 CPU utilization은 25%다. 이 정보만 보고 'CPU가 병목이 아니다'라고 확정하면 안 되는 이유와 다음에 어떤 시간을 분해해야 하는지 설명하라.,STRUCTURED_CRITERIA_USEFUL,aggregate utilization이 숨기는 hot core/thread | request on-CPU와 runnable wait | blocked I/O·downstream span 분해,YES_CONTEXT_USED,NO_CONTENT_CHANGE,237,164,0.571
computer-architecture,computer-architecture.core.performance.instruction-count-cpi-clock.q3,SCENARIO,PUBLISHED,HARD,computer-architecture.core.performance.instruction-count-cpi-clock,"최적화 전에는 10억 instructions, CPI 1.0, 3 GHz였고 최적화 후에는 7억 instructions, CPI 1.6, 같은 3 GHz다. 두 경우 CPU time의 상대 크기를 계산하고 instruction count만 보고 최적화를 평가하면 안 되는 이유를 설명하라.",MODEL_ANSWER_SUFFICIENT,"하나의 중심 판단으로 수렴해 모델답변·설명으로 직접 대조 가능: “전에는 10억 cycles, 후에는 7억×1.6=11.2억 cycles가 필요하다. Clock rate가 같으므로 최적화 후가 약 12% 더 많은 CPU time을 쓴다. Instruction 수가 줄어도 cache miss, dependency, branch 등으로 평균 CPI가 커지면 전체 cycles와 CPU time은 악화될 수…”",YES_CONTEXT_USED,NO_CONTENT_CHANGE,210,155,0.292
computer-architecture,computer-architecture.core.performance.amdahl-law.q3,SCENARIO,PUBLISHED,HARD,computer-architecture.core.performance.amdahl-law,"한 API에서 JSON serialization이 baseline 지연 시간의 10%, DB wait가 70%, 나머지가 20%다. Serialization을 5배 빠르게 한 뒤 전체 지연 시간 개선이 작았다. Amdahl 식으로 예상 speedup을 계산하고 다음 최적화 우선순위를 어떻게 정할지 설명하라.",MODEL_ANSWER_SUFFICIENT,"하나의 중심 판단으로 수렴해 모델답변·설명으로 직접 대조 가능: “새 normalized time은 0.9 + 0.1/5 = 0.92이므로 전체 speedup은 약 1/0.92 = 1.087배, 즉 약 8.7% 수준이다. Serialization 자체의 큰 speedup이 전체를 크게 바꾸지 못하는 이유는 90%가 그대로이기 때문이다. 개선 후 다시 end-to-end trace를 측정하고 여전히…”",YES_CONTEXT_USED,NO_CONTENT_CHANGE,225,134,0.295
computer-architecture,computer-architecture.core.performance.cache-impact.q2,DESCRIPTIVE,PUBLISHED,MEDIUM,computer-architecture.core.performance.cache-impact,cache miss가 instruction count를 바꾸지 않고도 CPI와 CPU time을 늘릴 수 있는 이유를 설명하라.,MODEL_ANSWER_SUFFICIENT,하나의 중심 판단으로 수렴해 모델답변·설명으로 직접 대조 가능: “동일한 load/store instruction이라도 cache miss가 나면 lower-level cache나 DRAM에서 data를 기다리는 stall 또는 지연 시간-hiding work가 필요해 더 많은 cycles가 소비될 수 있다. Architectural instruction 수는 같아도 total cycles와…”,NOT_APPLICABLE,NO_CONTENT_CHANGE,219,152,0.408
computer-architecture,computer-architecture.core.performance.cache-impact.q3,SCENARIO,PUBLISHED,HARD,computer-architecture.core.performance.cache-impact,자료구조를 압축해 L1 miss를 30% 줄였지만 retired instructions가 50% 증가했고 전체 CPU time은 오히려 늘었다. 이 결과를 'cache 최적화 실패'라고 단순화하지 말고 어떤 trade-off가 생겼는지 설명하라.,STRUCTURED_CRITERIA_USEFUL,compression에 따른 cache miss 감소 | encoding/index work에 따른 instruction 증가 | cycles·CPI·CPU time end-to-end 비교,YES_CONTEXT_USED,NO_CONTENT_CHANGE,216,153,0.536
computer-architecture,computer-architecture.core.performance.pipeline-branch-impact.q2,DESCRIPTIVE,PUBLISHED,MEDIUM,computer-architecture.core.performance.pipeline-branch-impact,pipeline을 더 깊게 만들어 clock frequency를 높였는데 branch-heavy workload가 느려질 수도 있는 이유를 설명하라.,MODEL_ANSWER_SUFFICIENT,하나의 중심 판단으로 수렴해 모델답변·설명으로 직접 대조 가능: “깊은 pipeline은 stage당 logic을 줄여 cycle time을 줄일 수 있지만 branch가 resolve될 때까지 더 많은 speculative work가 진행되어 misprediction recovery penalty와 CPI가 커질 수 있다. Frequency 이득보다 CPI 증가가 크면 total CPU time은…”,NOT_APPLICABLE,NO_CONTENT_CHANGE,197,143,0.476
computer-architecture,computer-architecture.core.performance.pipeline-branch-impact.q3,SCENARIO,PUBLISHED,HARD,computer-architecture.core.performance.pipeline-branch-impact,조건이 99.9% 한 방향으로 예측되는 branch를 branchless table lookup으로 바꿨더니 branch miss는 줄었지만 memory load가 추가되었다. 어느 구현이 더 빠른지 source code만 보고 결정할 수 없는 이유와 측정할 항목을 설명하라.,STRUCTURED_CRITERIA_USEFUL,기존 highly-predictable branch의 낮은 miss cost | branchless 추가 load·cache·instruction cost | 동일 semantics와 representative workload 측정,YES_CONTEXT_USED,NO_CONTENT_CHANGE,259,159,0.558
computer-architecture,computer-architecture.core.performance.microbenchmark-boundary.q2,DESCRIPTIVE,PUBLISHED,MEDIUM,computer-architecture.core.performance.microbenchmark-boundary,"warm-up, input distribution, cache state와 CPU frequency 조건을 기록해야 개선 전후 microbenchmark를 비교할 수 있는 이유를 설명하라.",MODEL_ANSWER_SUFFICIENT,"하나의 중심 판단으로 수렴해 모델답변·설명으로 직접 대조 가능: “JIT compilation 정도, branch/cache history, working set과 frequency/thermal state가 달라지면 같은 code라도 측정 시간이 달라진다. 환경과 workload 조건을 고정·기록해야 observed difference가 code change 때문인지 다른 상태 때문인지 구분할 수…”",NOT_APPLICABLE,NO_CONTENT_CHANGE,191,148,0.406
computer-architecture,computer-architecture.core.performance.microbenchmark-boundary.q3,SCENARIO,PUBLISHED,HARD,computer-architecture.core.performance.microbenchmark-boundary,새 JSON parser가 JMH에서 30% 빨라졌지만 production endpoint 지연 시간은 1%만 줄었다. 이 결과가 모순이 아닌 이유를 Amdahl과 benchmark boundary 관점에서 설명하고 다음 검증을 제안하라.,STRUCTURED_CRITERIA_USEFUL,JMH parser-local cost와 endpoint 전체 경계 | 전체 시간 중 parsing 비중에 따른 Amdahl 효과 | production trace·end-to-end 검증,YES_CONTEXT_USED,NO_CONTENT_CHANGE,304,158,0.444
computer-architecture,computer-architecture.core.pipeline-ilp.pipeline-stages.q2,DESCRIPTIVE,PUBLISHED,MEDIUM,computer-architecture.core.pipeline-ilp.pipeline-stages,pipeline이 instruction 처리량을 높일 수 있어도 instruction 하나의 지연 시간을 반드시 줄이는 것은 아닌 이유를 설명하라.,MODEL_ANSWER_SUFFICIENT,하나의 중심 판단으로 수렴해 모델답변·설명으로 직접 대조 가능: “pipeline은 서로 다른 instruction의 stage를 겹쳐 완료 간격을 줄이는 구조다. instruction 하나는 여전히 여러 stage를 지나야 하고 stage 사이 pipeline register 비용도 생기므로 개별 지연 시간이 반드시 줄지는 않는다. 이상적인 steady state 처리량과 한 instruction의…”,NOT_APPLICABLE,explanationMarkdown,209,218,0.538
computer-architecture,computer-architecture.core.pipeline-ilp.pipeline-stages.q3,SCENARIO,PUBLISHED,HARD,computer-architecture.core.pipeline-ilp.pipeline-stages,"어떤 CPU의 stage 조합 논리 지연이 90ps, 170ps, 110ps, 140ps이고 각 pipeline register overhead가 20ps라고 하자. 다른 조건이 같다면 현재 clock period를 제한하는 핵심 요소와, 가장 긴 stage를 둘로 나눌 때도 성능이 무조건 2배가 되지 않는 이유를 설명하라.",STRUCTURED_CRITERIA_USEFUL,기존 critical stage와 register overhead의 cycle limit | 분할 뒤 throughput·새 bottleneck | 작업 latency·hazard·register 비용,YES_CONTEXT_USED,NO_CONTENT_CHANGE,292,193,0.795
computer-architecture,computer-architecture.core.pipeline-ilp.pipeline-hazards.q2,DESCRIPTIVE,PUBLISHED,MEDIUM,computer-architecture.core.pipeline-ilp.pipeline-hazards,"structural hazard, data hazard, control hazard가 각각 무엇이 준비되지 않아서 발생하는지와 대표 대응 방법을 하나씩 연결해 설명하라.",STRUCTURED_CRITERIA_USEFUL,structural resource 원인과 대응 | data operand readiness 원인과 대응 | control next-PC 불확정 원인과 recovery,NOT_APPLICABLE,explanationMarkdown,293,240,0.520
computer-architecture,computer-architecture.core.pipeline-ilp.pipeline-hazards.q3,SCENARIO,PUBLISHED,HARD,computer-architecture.core.pipeline-ilp.pipeline-hazards,"out-of-order CPU에서 앞 instruction이 `r1`을 읽기 전에 뒤 instruction이 같은 architectural register `r1`에 값을 쓰려 한다. 이 관계를 RAW와 구분하고, register renaming이 왜 도움이 되는지 설명하라.",STRUCTURED_CRITERIA_USEFUL,WAR name dependency의 read/write 순서 | RAW true value dependency | register renaming으로 제거되는 충돌과 유지되는 dependency,YES_CONTEXT_USED,explanationMarkdown,286,199,0.262
computer-architecture,computer-architecture.core.pipeline-ilp.forwarding-and-stall.q2,DESCRIPTIVE,PUBLISHED,MEDIUM,computer-architecture.core.pipeline-ilp.forwarding-and-stall,classic 5-stage pipeline에서 load 직후의 instruction이 그 load 결과를 사용하는 load-use hazard는 forwarding path가 있어도 stall이 필요할 수 있다. 그 이유를 값이 준비되는 시점과 consumer가 필요한 시점을 기준으로 설명하라.,MODEL_ANSWER_SUFFICIENT,하나의 중심 판단으로 수렴해 모델답변·설명으로 직접 대조 가능: “ALU instruction의 결과는 execute stage가 끝날 때 이미 준비될 수 있지만 load 값은 memory access가 끝난 뒤에야 얻어진다. 바로 다음 consumer가 execute stage에서 operand를 필요로 하는 시점보다 load 결과가 늦게 준비되면 forwarding도 아직 존재하지 않는 값을…”,NOT_APPLICABLE,explanationMarkdown,302,201,0.358
computer-architecture,computer-architecture.core.pipeline-ilp.forwarding-and-stall.q3,SCENARIO,PUBLISHED,HARD,computer-architecture.core.pipeline-ilp.forwarding-and-stall,"한 instruction이 cache miss로 오래 기다리고 있다. 뒤에는 이 load 결과에 의존하는 instruction 2개와, 전혀 독립적인 정수 연산 3개가 있다. forwarding과 out-of-order execution이 각각 무엇을 할 수 있고 무엇은 해결하지 못하는지 설명하라.",STRUCTURED_CRITERIA_USEFUL,forwarding의 완료 값 전달 한계 | true-dependent instruction 대기 | independent instruction의 out-of-order overlap 한계,YES_CONTEXT_USED,NO_CONTENT_CHANGE,270,155,0.733
computer-architecture,computer-architecture.core.pipeline-ilp.branch-prediction.q2,DESCRIPTIVE,PUBLISHED,MEDIUM,computer-architecture.core.pipeline-ilp.branch-prediction,"branch prediction이 speculative execution을 가능하게 하는 흐름과, prediction이 틀렸을 때 architectural state를 보존하기 위한 복구 과정을 설명하라.",MODEL_ANSWER_SUFFICIENT,하나의 중심 판단으로 수렴해 모델답변·설명으로 직접 대조 가능: “CPU는 branch 결과가 확정되기 전에 예측한 방향과 target에서 instruction을 fetch하고 speculative하게 진행한다. 실제 결과가 예측과 다르면 잘못된 경로의 instruction이 architectural state에 반영되지 않도록 squash하고 올바른 PC로 redirect한 뒤 pipeline을…”,NOT_APPLICABLE,NO_CONTENT_CHANGE,244,162,0.795
computer-architecture,computer-architecture.core.pipeline-ilp.branch-prediction.q3,SCENARIO,PUBLISHED,HARD,computer-architecture.core.pipeline-ilp.branch-prediction,"어떤 workload에서 전체 instruction의 20%가 branch이고 branch misprediction rate가 5%, 한 번의 misprediction penalty가 12 cycle이라고 하자. 다른 stall을 무시할 때 misprediction이 instruction당 평균 몇 cycle의 추가 비용을 만드는지 계산하고, predictor 정확도가 workload 지연 시간에 미치는 의미를 설명하라.",MODEL_ANSWER_SUFFICIENT,하나의 중심 판단으로 수렴해 모델답변·설명으로 직접 대조 가능: “instruction당 branch는 0.20개이고 그중 5%가 miss이므로 instruction당 misprediction은 0.20 × 0.05 = 0.01회다. 한 번에 12 cycle을 잃으므로 평균 추가 비용은 0.01 × 12 = 0.12 cycle/instruction이다. 다른 조건이 같다면 이 비용은 CPI를 약…”,YES_CONTEXT_USED,NO_CONTENT_CHANGE,271,177,0.781
computer-architecture,computer-architecture.core.pipeline-ilp.superscalar-out-of-order.q2,DESCRIPTIVE,PUBLISHED,MEDIUM,computer-architecture.core.pipeline-ilp.superscalar-out-of-order,out-of-order CPU에서 register renaming이 WAR/WAW dependency에는 도움이 되지만 RAW dependency를 제거할 수 없는 이유를 설명하라.,MODEL_ANSWER_SUFFICIENT,하나의 중심 판단으로 수렴해 모델답변·설명으로 직접 대조 가능: “WAR와 WAW는 여러 instruction이 같은 architectural register 이름을 재사용해서 생기는 name dependency이므로 서로 다른 physical register를 할당하면 충돌을 제거할 수 있다. RAW는 consumer가 producer가 만든 실제 값을 필요로 하는 true dependency라서…”,NOT_APPLICABLE,NO_CONTENT_CHANGE,235,106,0.616
computer-architecture,computer-architecture.core.pipeline-ilp.superscalar-out-of-order.q3,SCENARIO,PUBLISHED,HARD,computer-architecture.core.pipeline-ilp.superscalar-out-of-order,"program order상 앞선 instruction A가 long-지연 시간 cache miss를 겪고, 뒤의 B와 C는 A와 독립적이며, 더 뒤의 D는 A의 결과에 의존한다고 하자. out-of-order CPU가 B/C/D를 어떻게 다르게 다룰 수 있는지와, A에서 exception이 발생했을 때 precise architectural state를 유지해야 하는 이유를 설명하라.",STRUCTURED_CRITERIA_USEFUL,independent B/C의 선행 실행 | A 의존 D의 대기 | precise exception 시 architectural retirement 순서,YES_CONTEXT_USED,NO_CONTENT_CHANGE,351,245,0.826
computer-architecture,computer-architecture.core.virtual-memory-hardware.virtual-physical-address.q2,DESCRIPTIVE,PUBLISHED,MEDIUM,computer-architecture.core.virtual-memory-hardware.virtual-physical-address,4KiB page를 사용하는 byte-addressable paging model에서 virtual address를 virtual page number와 page offset으로 나눌 때 offset이 12 bit인 이유와 translation 뒤에도 offset이 유지되는 이유를 설명하라.,MODEL_ANSWER_SUFFICIENT,하나의 중심 판단으로 수렴해 모델답변·설명으로 직접 대조 가능: “4KiB는 4096=2^12 byte이므로 한 page 내부의 byte 위치를 구분하는 데 12 bit가 필요하다. page table은 virtual page number를 physical frame number로 바꾸고 같은 page 내부 위치는 그대로 유지하므로 physical address는 변환된 frame number와 원래…”,NOT_APPLICABLE,NO_CONTENT_CHANGE,212,147,0.832
computer-architecture,computer-architecture.core.virtual-memory-hardware.virtual-physical-address.q3,SCENARIO,PUBLISHED,HARD,computer-architecture.core.virtual-memory-hardware.virtual-physical-address,"한 JVM process가 매우 큰 virtual address range를 예약했지만 RSS는 훨씬 작다. 이것이 모순이 아닌 이유와, virtual size만 보고 실제 RAM 사용량을 판단하면 안 되는 이유를 설명하라.",MODEL_ANSWER_SUFFICIENT,하나의 중심 판단으로 수렴해 모델답변·설명으로 직접 대조 가능: “virtual address range를 예약하거나 mapping할 수 있다고 해서 모든 virtual page에 physical frame이 즉시 resident해야 하는 것은 아니다. demand paging이나 아직 접근하지 않은 mapping은 physical memory를 사용하지 않을 수 있고…”,YES_CONTEXT_USED,NO_CONTENT_CHANGE,293,188,0.784
computer-architecture,computer-architecture.core.virtual-memory-hardware.mmu.q2,DESCRIPTIVE,PUBLISHED,MEDIUM,computer-architecture.core.virtual-memory-hardware.mmu,"MMU가 protection 위반을 발견했을 때의 책임과, 이후 OS가 수행하는 책임을 구분해 설명하라.",STRUCTURED_CRITERIA_USEFUL,MMU의 mapping·permission 검사와 fault 발생 | OS의 fault 원인 판정과 recovery/process 전달,NOT_APPLICABLE,NO_CONTENT_CHANGE,304,172,0.722
computer-architecture,computer-architecture.core.virtual-memory-hardware.mmu.q3,SCENARIO,PUBLISHED,HARD,computer-architecture.core.virtual-memory-hardware.mmu,"같은 physical page를 process A에는 read-only로, process B에는 read-write로 mapping했다고 하자. MMU가 두 process에 다른 access 결과를 줄 수 있는 이유와 이 사례가 `physical page의 속성만으로 permission이 정해진다`는 설명이 틀린 이유를 설명하라.",MODEL_ANSWER_SUFFICIENT,하나의 중심 판단으로 수렴해 모델답변·설명으로 직접 대조 가능: “permission은 각 virtual mapping의 page-table state에 포함될 수 있으므로 같은 physical frame을 가리키더라도 A의 mapping은 write를 금지하고 B의 mapping은 허용할 수 있다. MMU는 현재 address-space의 translation과 permission을 집행한다.…”,YES_CONTEXT_USED,NO_CONTENT_CHANGE,241,109,0.622
computer-architecture,computer-architecture.core.virtual-memory-hardware.page-table-walk.q2,DESCRIPTIVE,PUBLISHED,MEDIUM,computer-architecture.core.virtual-memory-hardware.page-table-walk,"multi-level page-table walk가 실제 data access 전에 추가 지연 시간을 만들 수 있는 이유와, `4-level table이면 항상 DRAM을 정확히 네 번 더 읽는다`고 단정하면 안 되는 이유를 설명하라.",STRUCTURED_CRITERIA_USEFUL,TLB miss 후 추가 page-table lookup latency | cache/page-walk cache/large page에 따른 DRAM 접근 수 차이,NOT_APPLICABLE,NO_CONTENT_CHANGE,305,176,0.726
computer-architecture,computer-architecture.core.virtual-memory-hardware.page-table-walk.q3,SCENARIO,PUBLISHED,HARD,computer-architecture.core.virtual-memory-hardware.page-table-walk,"큰 pointer-based index를 random하게 탐색하는 서비스에서 data-cache miss와 TLB miss가 동시에 증가했다. 두 종류의 miss가 각각 어떤 추가 경로를 만들고, 왜 둘을 같은 miss로 기록하면 원인 분석이 어려워지는지 설명하라.",STRUCTURED_CRITERIA_USEFUL,TLB miss의 translation/page-walk 경로 | data-cache miss의 physical data fetch 경로 | 서로 다른 counter로 translation/data locality 원인 분리,YES_CONTEXT_USED,NO_CONTENT_CHANGE,325,167,0.675
computer-architecture,computer-architecture.core.virtual-memory-hardware.tlb.q2,DESCRIPTIVE,PUBLISHED,MEDIUM,computer-architecture.core.virtual-memory-hardware.tlb,"TLB hit와 TLB miss가 memory access 경로를 어떻게 다르게 만드는지, 그리고 TLB miss가 page fault와 동일하지 않은 이유를 설명하라.",MODEL_ANSWER_SUFFICIENT,하나의 중심 판단으로 수렴해 모델답변·설명으로 직접 대조 가능: “TLB hit이면 cached translation과 permission을 사용해 반복적인 page-table walk를 피하고 physical memory hierarchy access를 진행할 수 있다. TLB miss이면 page table에서 translation을 찾아야 하지만 page table에 유효하고 허용된…”,NOT_APPLICABLE,NO_CONTENT_CHANGE,299,183,0.752
computer-architecture,computer-architecture.core.virtual-memory-hardware.tlb.q3,SCENARIO,PUBLISHED,HARD,computer-architecture.core.virtual-memory-hardware.tlb,"TLB entry가 512개라고 단순화하자. 4KiB page와 2MiB page를 각각 사용할 때 이론적인 TLB reach를 계산하고, huge page가 TLB pressure를 줄일 수 있는 이유를 설명하라.",STRUCTURED_CRITERIA_USEFUL,4KiB page의 entry reach 계산 | 2MiB page reach 계산 | larger reach가 translation pressure에 미치는 효과,YES_CONTEXT_USED,NO_CONTENT_CHANGE,253,149,0.753
computer-architecture,computer-architecture.core.virtual-memory-hardware.multi-level-page-table.q2,DESCRIPTIVE,PUBLISHED,MEDIUM,computer-architecture.core.virtual-memory-hardware.multi-level-page-table,flat page table과 multi-level page table을 page-table memory footprint와 TLB-miss walk cost 관점에서 비교하라.,STRUCTURED_CRITERIA_USEFUL,flat table의 address-space footprint | sparse multi-level allocation 절감 | TLB miss walk의 추가 level 비용,NOT_APPLICABLE,NO_CONTENT_CHANGE,271,164,0.752
computer-architecture,computer-architecture.core.virtual-memory-hardware.multi-level-page-table.q3,SCENARIO,PUBLISHED,HARD,computer-architecture.core.virtual-memory-hardware.multi-level-page-table,"large page mapping이 multi-level page-table walk를 마지막 level까지 내려가지 않고 중간 level에서 끝낼 수 있는 이유와, 이 방식이 page-table footprint에 주는 영향을 설명하라.",STRUCTURED_CRITERIA_USEFUL,intermediate-level leaf mapping 조건 | translation walk의 조기 종료 | lower-level table footprint 절감과 mapping granularity 비용,YES_CONTEXT_USED,NO_CONTENT_CHANGE,312,192,0.764
computer-architecture,computer-architecture.core.virtual-memory-hardware.page-size-huge-page.q2,DESCRIPTIVE,PUBLISHED,MEDIUM,computer-architecture.core.virtual-memory-hardware.page-size-huge-page,page size를 크게 할 때 TLB/page-table 측면의 이점과 memory-allocation 측면의 비용을 각각 설명하라.,STRUCTURED_CRITERIA_USEFUL,large page의 TLB reach/page-table walk 이득 | 내부 fragmentation·정렬 비용 | contiguous allocation 제약,NOT_APPLICABLE,NO_CONTENT_CHANGE,243,141,0.737
computer-architecture,computer-architecture.core.virtual-memory-hardware.page-size-huge-page.q3,SCENARIO,PUBLISHED,HARD,computer-architecture.core.virtual-memory-hardware.page-size-huge-page,"JVM heap이 크다는 이유만으로 Linux HugeTLB 또는 Transparent Huge Pages를 바로 켜면 안 되는 이유를 설명하고, 적용 전후 비교할 지표를 제시하라.",STRUCTURED_CRITERIA_USEFUL,TLB/page-walk가 실제 bottleneck인지 | HugeTLB/THP별 reservation·reclaim 동작 | RSS·page table·GC·처리량·tail latency 전후 검증,YES_CONTEXT_USED,NO_CONTENT_CHANGE,285,160,0.716
database,database.core.index.btree.q1,DESCRIPTIVE,PUBLISHED,MEDIUM,database.core.index.btree,`active=true`인 row가 전체의 99%인데 `WHERE active=true` query가 index 대신 sequential scan을 선택했다. 이것만으로 optimizer가 잘못됐다고 볼 수 없는 이유는?,MODEL_ANSWER_SUFFICIENT,하나의 중심 판단으로 수렴해 모델답변·설명으로 직접 대조 가능: “대부분의 row를 반환한다면 index entry와 heap page를 반복 방문하는 비용이 table을 순차적으로 읽는 것보다 클 수 있다. 선택도와 page 접근 비용을 포함한 cost를 비교해 sequential scan이 더 싸다고 판단할 수 있다.”,NOT_APPLICABLE,NO_CONTENT_CHANGE,143,177,0.345
database,database.core.index.composite-index.q1,DESCRIPTIVE,PUBLISHED,MEDIUM,database.core.index.composite-index,"대표 query가 `WHERE member_id=? AND created_at>=? ORDER BY created_at`이다. `(member_id, created_at)`가 `(created_at, member_id)`보다 자연스러운 후보인 이유를 B-tree 탐색 범위 관점에서 설명하라.",MODEL_ANSWER_SUFFICIENT,하나의 중심 판단으로 수렴해 모델답변·설명으로 직접 대조 가능: “선두 member_id equality로 먼저 한 회원의 index 범위를 좁힌 뒤 그 안에서 created_at range를 탐색할 수 있다. 반대 순서는 넓은 시간 범위를 먼저 훑으면서 member 조건을 추가로 검사할 수 있다. 실제 선택은 데이터 분포와 plan으로 검증해야 한다.”,NOT_APPLICABLE,NO_CONTENT_CHANGE,161,200,0.548
database,database.core.index.composite-index.q2,SCENARIO,PUBLISHED,MEDIUM,database.core.index.composite-index,"`(tenant_id, status, created_at)` index가 있을 때 `WHERE tenant_id=? AND status=? ORDER BY created_at DESC` query가 index 순서를 활용할 수 있는 경로를 설명하라.",MODEL_ANSWER_SUFFICIENT,하나의 중심 판단으로 수렴해 모델답변·설명으로 직접 대조 가능: “tenant_id와 status equality로 한정된 연속 index 범위를 찾은 뒤 그 범위의 created_at 순서를 읽을 수 있다. 실제로 정렬을 제거하는지와 scan 방향은 planner의 plan과 데이터 분포로 확인한다.”,YES_CONTEXT_USED,NO_CONTENT_CHANGE,132,166,0.538
database,database.core.index.covering-index.q2,DESCRIPTIVE,PUBLISHED,MEDIUM,database.core.index.covering-index,index에 SELECT가 필요한 column이 모두 있어도 `Index Only Scan`의 heap fetch가 0이 아닐 수 있다. 실행 계획에서 함께 확인할 PostgreSQL 상태는 무엇인가?,MODEL_ANSWER_SUFFICIENT,하나의 중심 판단으로 수렴해 모델답변·설명으로 직접 대조 가능: “visibility map의 all-visible 상태와 실제 heap fetch 수를 확인한다. index가 값을 제공해도 모든 대상 page가 all-visible이 아니면 MVCC visibility 확인을 위해 heap을 방문할 수 있다.”,NOT_APPLICABLE,NO_CONTENT_CHANGE,137,167,0.587
database,database.core.index.partial-index.q1,SCENARIO,PUBLISHED,MEDIUM,database.core.index.partial-index,전체 주문 중 PENDING이 0.1%이고 운영 화면은 PENDING만 반복 조회한다. partial index가 유리할 수 있는 이유와 주의점을 설명하라.,STRUCTURED_CRITERIA_USEFUL,subset-only index의 크기/write cost 이득 | query predicate의 partial predicate 포함 조건 | 분포·plan 변화 재검증,YES_CONTEXT_USED,NO_CONTENT_CHANGE,160,158,0.548
database,database.core.isolation.read-committed.q2,SCENARIO,PUBLISHED,HARD,database.core.isolation.read-committed,T1이 PostgreSQL READ COMMITTED transaction에서 재고를 읽은 뒤 T2가 먼저 재고를 변경·commit했다. T1이 같은 row를 UPDATE할 때 처음 읽은 값만 믿으면 안 되는 이유를 설명하라.,MODEL_ANSWER_SUFFICIENT,하나의 중심 판단으로 수렴해 모델답변·설명으로 직접 대조 가능: “T1의 첫 SELECT snapshot과 UPDATE 시점의 row 상태가 다를 수 있다. 현재 committed version과 조건을 다시 평가하는 DB 동작을 고려해 조건부 UPDATE나 적절한 lock/version 검사를 사용하고 affected row를 확인해야 한다.”,YES_CONTEXT_USED,promptMarkdown,156,248,0.466
database,database.core.isolation.serializable.q1,SCENARIO,PUBLISHED,HARD,database.core.isolation.serializable,SERIALIZABLE transaction이 SQLSTATE 40001 serialization 실패로 실패했다. 이것을 단순 DB 장애로 보고 즉시 같은 마지막 UPDATE만 다시 보내면 안 되는 이유는?,MODEL_ANSWER_SUFFICIENT,하나의 중심 판단으로 수렴해 모델답변·설명으로 직접 대조 가능: “serialization 실패는 concurrent 실행을 직렬 가능한 결과로 유지하기 위한 정상적인 abort일 수 있다. 재시도 시 앞선 read 결과도 달라질 수 있으므로 일반적으로 transaction 전체 logic을 다시 실행해야 하며 외부 side effect가 있으면 idempotency도 고려해야 한다.”,YES_CONTEXT_USED,NO_CONTENT_CHANGE,179,199,0.513
database,database.core.locking.deadlock.q2,SCENARIO,PUBLISHED,HARD,database.core.locking.deadlock,deadlock으로 한 transaction이 abort되었다. 마지막 SQL만 재실행하는 것과 transaction 전체를 재시도하는 것 중 무엇을 우선 검토해야 하며 왜 그런가?,MODEL_ANSWER_SUFFICIENT,하나의 중심 판단으로 수렴해 모델답변·설명으로 직접 대조 가능: “abort된 transaction의 변경은 rollback되므로 보통 use-case transaction 전체를 다시 실행해야 한다. 다만 외부 side effect가 transaction 중간에 있었다면 idempotency/보상 없이는 단순 재시도가 위험하다.”,YES_CONTEXT_USED,NO_CONTENT_CHANGE,148,219,0.537
database,database.core.locking.pessimistic.q1,DESCRIPTIVE,PUBLISHED,MEDIUM,database.core.locking.pessimistic,충돌은 드문데 모든 요청이 `SELECT FOR UPDATE` 후 외부 API를 5초 호출한다. 이 설계의 주요 비용은?,MODEL_ANSWER_SUFFICIENT,하나의 중심 판단으로 수렴해 모델답변·설명으로 직접 대조 가능: “불필요한 row lock을 외부 I/O 동안 오래 보유해 competing transaction의 wait를 늘리고 DB connection도 오래 점유할 수 있다. 충돌이 드물다면 optimistic/atomic update 등 더 작은 concurrency control을 검토할 수 있다.”,NOT_APPLICABLE,NO_CONTENT_CHANGE,164,168,0.421
database,database.core.locking.pessimistic.q2,SCENARIO,PUBLISHED,HARD,database.core.locking.pessimistic,"재고 충돌이 드물고 충돌 시 사용자에게 재시도 안내가 가능하다면, 매 요청을 선점 lock으로 직렬화하기 전에 비교할 대안은 무엇인가?",STRUCTURED_CRITERIA_USEFUL,optimistic version conflict detection | conditional UPDATE의 atomic stock invariant | conflict rate·retry·lock wait·side effect 비용 비교,YES_CONTEXT_USED,NO_CONTENT_CHANGE,170,197,0.468
database,database.core.model.null-three-valued.q2,SCENARIO,PUBLISHED,MEDIUM,database.core.model.null-three-valued,nullable column을 반환하는 subquery를 `NOT IN`에 사용했더니 예상보다 row가 적다. 어떤 SQL 의미를 먼저 확인해야 하는가?,MODEL_ANSWER_SUFFICIENT,하나의 중심 판단으로 수렴해 모델답변·설명으로 직접 대조 가능: “subquery 결과의 NULL이 NOT IN 비교에 참여하면서 UNKNOWN을 만들 수 있는지 확인해야 한다. 의미가 '매칭되는 행이 존재하지 않음'이라면 NULL 처리와 함께 NOT EXISTS 형태가 더 적합한지 검토한다.”,YES_CONTEXT_USED,NO_CONTENT_CHANGE,127,168,0.448
database,database.core.model.normalization.q2,DESCRIPTIVE,PUBLISHED,MEDIUM,database.core.model.normalization,주문 당시 배송 주소를 주문에 snapshot으로 저장하는 것이 무조건 정규화 위반이라 제거해야 하는가? 이유를 설명하라.,MODEL_ANSWER_SUFFICIENT,"하나의 중심 판단으로 수렴해 모델답변·설명으로 직접 대조 가능: “무조건 그렇지 않다. 현재 회원 주소와 주문 당시 배송 주소는 서로 다른 시점의 사실일 수 있다. 과거 주문 기록 보존이라는 요구가 있다면 snapshot은 의도된 모델이며, 현재 원본의 중복과 구분해야 한다.”",NOT_APPLICABLE,NO_CONTENT_CHANGE,117,149,0.383
database,database.core.model.relation-tuple.q2,DESCRIPTIVE,PUBLISHED,MEDIUM,database.core.model.relation-tuple,"관계형 모델에서 table의 row 순서가 본질적인 속성이 아니라고 보는 이유와, 순서가 필요한 API가 해야 할 일을 설명하라.",MODEL_ANSWER_SUFFICIENT,하나의 중심 판단으로 수렴해 모델답변·설명으로 직접 대조 가능: “relation은 tuple의 집합과 schema를 표현할 뿐 물리 저장 순서를 결과 계약으로 포함하지 않는다. API가 순서를 필요로 하면 의미 있는 column과 안정적인 tie-breaker를 ORDER BY에 명시해야 한다.”,NOT_APPLICABLE,NO_CONTENT_CHANGE,129,178,0.721
database,database.core.mvcc.versions.q2,SCENARIO,PUBLISHED,MEDIUM,database.core.mvcc.versions,오래 열린 snapshot이 있는 동안 같은 row가 여러 번 UPDATE되었다. MVCC version이 계속 남을 수 있는 이유와 운영상 확인할 대상을 설명하라.,MODEL_ANSWER_SUFFICIENT,"하나의 중심 판단으로 수렴해 모델답변·설명으로 직접 대조 가능: “오래된 snapshot이 이전 version을 볼 가능성이 있어 해당 version을 즉시 회수할 수 없다. long-running transaction과 xmin horizon, dead tuple 증가 및 VACUUM 지연을 함께 확인한다.”",YES_CONTEXT_USED,NO_CONTENT_CHANGE,136,188,0.659
database,database.core.mvcc.visibility.q1,DESCRIPTIVE,PUBLISHED,MEDIUM,database.core.mvcc.visibility,READ COMMITTED와 REPEATABLE READ에서 같은 transaction의 두 SELECT가 다른 transaction의 중간 commit을 보는 방식이 어떻게 다른가?,STRUCTURED_CRITERIA_USEFUL,READ COMMITTED statement별 새 snapshot | REPEATABLE READ transaction snapshot 유지 | 중간 commit의 후속 SELECT 가시성 차이,NOT_APPLICABLE,NO_CONTENT_CHANGE,180,224,0.709
database,database.core.mvcc.visibility.q2,SCENARIO,PUBLISHED,MEDIUM,database.core.mvcc.visibility,T1 snapshot 시점 이후 T2가 INSERT한 row가 T1의 같은 transaction SELECT 결과에 포함되는지 판단하려면 먼저 무엇을 확인해야 하는가?,MODEL_ANSWER_SUFFICIENT,"하나의 중심 판단으로 수렴해 모델답변·설명으로 직접 대조 가능: “T1의 isolation level과 snapshot lifetime을 확인해야 한다. PostgreSQL READ COMMITTED라면 다음 command가 새 snapshot을 얻어 committed row를 볼 수 있지만, REPEATABLE READ에서는 transaction snapshot 밖의 commit을 보지 않는다.”",YES_CONTEXT_USED,NO_CONTENT_CHANGE,186,237,0.737
database,database.core.mvcc.cleanup.q1,SCENARIO,PUBLISHED,HARD,database.core.mvcc.cleanup,UPDATE가 많은 table에서 autovacuum이 돌고 있는데도 dead tuple이 오래 남는다. `idle in transaction` 상태의 오래된 transaction이 하나 있다면 왜 원인이 될 수 있는가?,MODEL_ANSWER_SUFFICIENT,하나의 중심 판단으로 수렴해 모델답변·설명으로 직접 대조 가능: “그 transaction이 오래된 snapshot을 유지하면 old tuple version이 아직 visible할 가능성이 있어 VACUUM이 안전하게 회수하지 못할 수 있다. long-running transaction을 종료하고 transaction lifetime 관리와 vacuum 지표를 함께 점검해야 한다.”,YES_CONTEXT_USED,NO_CONTENT_CHANGE,178,199,0.472
database,database.core.optimizer.cost-estimate.q2,DESCRIPTIVE,PUBLISHED,MEDIUM,database.core.optimizer.cost-estimate,두 실행 계획의 estimated cost가 더 낮은 plan이 실제 workload에서 항상 더 빠르다고 단정할 수 없는 이유를 설명하라.,MODEL_ANSWER_SUFFICIENT,"하나의 중심 판단으로 수렴해 모델답변·설명으로 직접 대조 가능: “cost는 통계와 planner 가정에 기반한 추정값이지 실제 경과 시간 자체가 아니다. data distribution, cache warmness, concurrent load와 estimate 오차를 고려해 EXPLAIN ANALYZE와 실제 workload metric으로 검증해야 한다.”",NOT_APPLICABLE,NO_CONTENT_CHANGE,165,169,0.433
database,database.core.optimizer.explain.q1,DESCRIPTIVE,PUBLISHED,MEDIUM,database.core.optimizer.explain,"plan에서 inner Index Scan이 `actual rows=1000 loops=200`이다. 이를 전체 1,000 row만 처리했다고 보면 안 되는 이유는?",MODEL_ANSWER_SUFFICIENT,"하나의 중심 판단으로 수렴해 모델답변·설명으로 직접 대조 가능: “PostgreSQL은 node가 여러 번 실행되면 actual rows를 실행 1회당 평균으로 표시하고 loops에 총 실행 횟수를 보여 준다. 따라서 이 경우 평균 약 1,000 row를 반환하는 inner scan이 200회 실행된 것이므로 전체 row 흐름과 작업량을 볼 때 rows와 loops를 함께 계산해야 한다.”",NOT_APPLICABLE,NO_CONTENT_CHANGE,181,156,0.348
database,database.core.optimizer.statistics.q1,SCENARIO,PUBLISHED,MEDIUM,database.core.optimizer.statistics,`country='KR' AND currency='KRW'`처럼 두 column이 강하게 상관되어 있는데 planner가 독립이라고 가정해 row 수를 크게 과소 추정한다. 어떤 방향의 원인을 검토할 수 있는가?,MODEL_ANSWER_SUFFICIENT,하나의 중심 판단으로 수렴해 모델답변·설명으로 직접 대조 가능: “단일 column statistics만으로 상관관계를 표현하지 못하는지 확인하고 PostgreSQL extended statistics의 dependencies 등 column 조합 통계가 필요한지 검토할 수 있다. 먼저 estimated/actual rows 차이를 EXPLAIN ANALYZE로 확인한다.”,YES_CONTEXT_USED,NO_CONTENT_CHANGE,172,172,0.394
database,database.core.query-patterns.offset-pagination.q2,DESCRIPTIVE,PUBLISHED,MEDIUM,database.core.query-patterns.offset-pagination,페이지 1 조회 후 앞쪽에 새 row가 여러 개 삽입되면 OFFSET 기반 페이지 2에서 중복/누락이 생길 수 있는 이유는?,MODEL_ANSWER_SUFFICIENT,하나의 중심 판단으로 수렴해 모델답변·설명으로 직접 대조 가능: “OFFSET은 현재 정렬 결과의 위치를 기준으로 하므로 앞쪽 insert/delete가 있으면 같은 숫자 offset이 가리키는 row 위치가 바뀐다. 이전에 본 row가 밀려 다시 나오거나 일부를 건너뛸 수 있다.”,NOT_APPLICABLE,NO_CONTENT_CHANGE,120,176,0.384
database,database.core.query-patterns.keyset-pagination.q2,SCENARIO,PUBLISHED,MEDIUM,database.core.query-patterns.keyset-pagination,"다음 pagination 계약을 생각하자.

- 정렬: `ORDER BY created_at DESC, id DESC`
- 현재 cursor: `created_at`만 저장
- 다음 페이지 조건: `created_at < :cursorCreatedAt`

질문: 이 조건만으로 충분하지 않을 수 있는 상황을 설명하라.",MODEL_ANSWER_SUFFICIENT,하나의 중심 판단으로 수렴해 모델답변·설명으로 직접 대조 가능: “cursor와 같은 created_at을 가진 row가 여러 개면 그중 id가 더 작은 row를 놓칠 수 있다. 보통 `(created_at < cursorCreatedAt) OR (created_at = cursorCreatedAt AND id < cursorId)`처럼 전체 정렬 key를 조건에 반영하고 동일한 ORDER BY를…”,YES_CONTEXT_USED,NO_CONTENT_CHANGE,192,205,0.469
database,database.core.query-patterns.batch-n-plus-one.q1,DESCRIPTIVE,PUBLISHED,MEDIUM,database.core.query-patterns.batch-n-plus-one,100개 주문 조회 후 회원을 주문마다 1번씩 조회한다. 각 회원 query가 1ms라도 전체가 느려질 수 있는 이유를 DB round-trip 관점에서 설명하라.,MODEL_ANSWER_SUFFICIENT,"하나의 중심 판단으로 수렴해 모델답변·설명으로 직접 대조 가능: “101번의 network/application-DB 왕복, connection 사용, statement 실행 overhead가 누적된다. JOIN이나 ID batch 조회로 query count를 줄일 수 있는지 데이터 모양을 보고 판단한다.”",NOT_APPLICABLE,NO_CONTENT_CHANGE,135,188,0.445
database,database.core.query-patterns.batch-n-plus-one.q2,SCENARIO,PUBLISHED,HARD,database.core.query-patterns.batch-n-plus-one,Order 20개를 page로 조회하면서 각 Order의 Item collection을 fetch join해 한 SQL로 만들면 항상 더 좋은가?,MODEL_ANSWER_SUFFICIENT,하나의 중심 판단으로 수렴해 모델답변·설명으로 직접 대조 가능: “아니다. one-to-many join은 order row를 item 수만큼 증식시켜 DB LIMIT/OFFSET과 parent 20개 semantics가 충돌할 수 있고 전송량도 커질 수 있다. parent를 먼저 paging한 뒤 child를 batch 조회하거나 DTO query 등 대안을 검토한다.”,YES_CONTEXT_USED,NO_CONTENT_CHANGE,171,244,0.553
database,database.core.replication.lag.q1,DESCRIPTIVE,PUBLISHED,MEDIUM,database.core.replication.lag,POST 취소 성공 직후 GET이 replica로 가서 이전 상태를 반환한다. backend에서 검토할 수 있는 일관성 완화책 두 가지를 설명하라.,STRUCTURED_CRITERIA_USEFUL,primary read-after-write 또는 session stickiness | replay position을 기다리는 replica read | freshness와 대기 비용 비교,NOT_APPLICABLE,NO_CONTENT_CHANGE,155,164,0.526
database,database.core.replication.lag.q2,SCENARIO,PUBLISHED,HARD,database.core.replication.lag,replica lag가 일시적으로 커졌을 때 모든 read를 primary로 영구 전환하는 것 외에 검토할 수 있는 정책을 설명하라.,MODEL_ANSWER_SUFFICIENT,"하나의 중심 판단으로 수렴해 모델답변·설명으로 직접 대조 가능: “read-after-write가 필요한 요청만 primary로 보내거나, lag threshold를 넘은 replica를 routing pool에서 제외하고 회복 후 다시 포함할 수 있다. stale read가 허용되는 요청은 replica에 남겨 일관성 요구와 primary 부하를 함께 조절한다.”",YES_CONTEXT_USED,NO_CONTENT_CHANGE,167,197,0.644
database,database.core.replication.failover.q1,SCENARIO,PUBLISHED,HARD,database.core.replication.failover,asynchronous standby를 장애 시 승격했더니 primary에서 성공 응답한 마지막 몇 transaction이 사라졌다. 왜 가능한가?,MODEL_ANSWER_SUFFICIENT,하나의 중심 판단으로 수렴해 모델답변·설명으로 직접 대조 가능: “primary가 local commit 성공을 반환한 뒤 failover 대상 standby가 그 transaction을 복구할 수 있을 만큼 WAL을 안전하게 받기 전에 primary가 장애 날 수 있다. 이런 경우 standby를 승격하면 해당 commit이 새 primary history에 없을 수 있다. RPO 요구에 따라…”,YES_CONTEXT_USED,NO_CONTENT_CHANGE,236,242,0.431
database,database.core.schema.primary-key.q1,DESCRIPTIVE,PUBLISHED,MEDIUM,database.core.schema.primary-key,회원 이메일이 변경 가능하지만 같은 회원 identity는 유지되어야 한다. email을 primary key로 쓸 때 생기는 설계 부담을 설명하라.,MODEL_ANSWER_SUFFICIENT,하나의 중심 판단으로 수렴해 모델답변·설명으로 직접 대조 가능: “identity key 자체가 업무 속성 변경과 함께 바뀌어 모든 참조·외부 계약에 변경이 전파될 수 있다. 변경되지 않는 surrogate key를 내부 identity로 두고 email은 별도 UNIQUE business key로 관리하는 선택을 검토할 수 있다.”,NOT_APPLICABLE,NO_CONTENT_CHANGE,149,206,0.344
database,database.core.schema.unique-check.q2,SCENARIO,PUBLISHED,MEDIUM,database.core.schema.unique-check,"`CHECK (ended_at >= started_at)`만 있고 ended_at이 NULL 가능할 때, ended_at이 반드시 존재해야 한다는 규칙까지 보장된다고 볼 수 있는가? 이유를 설명하라.",MODEL_ANSWER_SUFFICIENT,하나의 중심 판단으로 수렴해 모델답변·설명으로 직접 대조 가능: “그렇지 않다. NULL이 포함된 비교는 NULL/UNKNOWN이 될 수 있고 PostgreSQL CHECK는 결과가 false가 아니면 통과할 수 있다. 종료 시각 존재 자체가 필수라면 NOT NULL 등 별도 constraint가 필요하다.”,YES_CONTEXT_USED,NO_CONTENT_CHANGE,135,190,0.524
database,database.core.sql.select-order.q2,SCENARIO,PUBLISHED,MEDIUM,database.core.sql.select-order,"`SELECT department, COUNT(*) AS n FROM employee GROUP BY department ORDER BY n DESC`에서 SELECT alias `n`을 ORDER BY에서 사용할 수 있는 이유를 논리 처리 순서로 설명하라.",MODEL_ANSWER_SUFFICIENT,하나의 중심 판단으로 수렴해 모델답변·설명으로 직접 대조 가능: “논리적으로 SELECT에서 결과 column과 alias가 만들어진 뒤 ORDER BY가 그 결과를 정렬하므로 alias n을 참조할 수 있다. 다만 DBMS별 허용 범위와 실제 physical execution은 별도로 확인한다.”,YES_CONTEXT_USED,NO_CONTENT_CHANGE,129,187,0.398
database,database.core.sql.join-semantics.q1,SCENARIO,PUBLISHED,MEDIUM,database.core.sql.join-semantics,`LEFT JOIN orders o ... WHERE o.status='PAID'`에서 주문이 없는 회원이 사라지는 이유를 설명하라.,MODEL_ANSWER_SUFFICIENT,하나의 중심 판단으로 수렴해 모델답변·설명으로 직접 대조 가능: “LEFT JOIN 직후 주문이 없는 회원 row는 오른쪽 column이 NULL인 채 남지만 이후 WHERE에서 `NULL = 'PAID'`가 TRUE가 아니므로 제거된다. PAID 주문만 매칭하되 회원은 보존하려면 조건을 ON에 두는 의미를 검토한다.”,YES_CONTEXT_USED,NO_CONTENT_CHANGE,141,165,0.652
database,database.core.sql.join-semantics.q2,DESCRIPTIVE,PUBLISHED,MEDIUM,database.core.sql.join-semantics,모든 회원을 표시하되 PAID 주문 금액만 합산하려 한다. `LEFT JOIN`의 status 조건을 WHERE에 둘 때와 ON에 둘 때 결과 의미가 어떻게 달라지는가?,MODEL_ANSWER_SUFFICIENT,하나의 중심 판단으로 수렴해 모델답변·설명으로 직접 대조 가능: “WHERE에 두면 주문이 없는 회원의 오른쪽 status가 NULL이라 제거되어 사실상 matching 회원만 남을 수 있다. ON에 두면 join 단계에서 PAID 주문만 매칭하고 unmatched 회원은 보존할 수 있다. aggregate의 NULL 결과를 0으로 볼지는 COALESCE 등 별도 표현으로 결정한다.”,NOT_APPLICABLE,NO_CONTENT_CHANGE,178,162,0.523
database,database.core.sql.aggregate.q2,DESCRIPTIVE,PUBLISHED,MEDIUM,database.core.sql.aggregate|database.core.sql.window-function,회원별 총 주문액만 필요할 때와 주문별 row를 유지하면서 회원 총액도 함께 보여야 할 때 각각 GROUP BY aggregate와 window function 중 무엇이 더 자연스러운가?,STRUCTURED_CRITERIA_USEFUL,GROUP BY의 group별 row 축약 | window의 원본 주문 row 보존 | output cardinality 요구,NOT_APPLICABLE,NO_CONTENT_CHANGE,144,153,0.314
database,database.core.sql.window-function.q1,SCENARIO,PUBLISHED,MEDIUM,database.core.sql.window-function,회원별 최신 주문 한 건을 고르기 위해 `ROW_NUMBER() OVER (PARTITION BY member_id ORDER BY created_at DESC)`를 썼다. created_at이 같은 주문이 있을 수 있을 때 어떤 문제가 있고 어떻게 보완할 수 있는가?,MODEL_ANSWER_SUFFICIENT,"하나의 중심 판단으로 수렴해 모델답변·설명으로 직접 대조 가능: “동률 row의 순서가 결정되지 않으면 어떤 주문이 1번이 될지 안정적이지 않을 수 있다. `ORDER BY created_at DESC, id DESC`처럼 unique하거나 충분히 안정적인 tie-breaker를 추가한다.”",YES_CONTEXT_USED,NO_CONTENT_CHANGE,125,181,0.545
database,database.core.storage.pages-buffer.q2,DESCRIPTIVE,PUBLISHED,MEDIUM,database.core.storage.pages-buffer,한 row를 UPDATE한 직후 shared buffer page가 dirty가 되었다. 이것만으로 해당 변경이 storage device에 durable하게 기록되었다고 말할 수 없는 이유는?,MODEL_ANSWER_SUFFICIENT,하나의 중심 판단으로 수렴해 모델답변·설명으로 직접 대조 가능: “dirty page는 memory buffer의 page가 data page와 달라 write-back이 필요하다는 뜻일 뿐이다. commit durability는 WAL record가 필요한 순서로 durable해졌는지와 DB/storage 계약으로 판단해야 하며 dirty data page flush와 동일하지 않다.”,NOT_APPLICABLE,NO_CONTENT_CHANGE,180,219,0.559
database,database.core.storage.wal.q1,DESCRIPTIVE,PUBLISHED,MEDIUM,database.core.storage.wal,commit 시 변경된 모든 data page를 먼저 storage에 쓰지 않아도 crash durability를 제공할 수 있는 WAL의 핵심 순서는?,MODEL_ANSWER_SUFFICIENT,하나의 중심 판단으로 수렴해 모델답변·설명으로 직접 대조 가능: “변경을 복구할 WAL record와 commit record를 data page보다 먼저 durable하게 기록한다. crash 후 data page에 아직 반영되지 않은 committed 변경은 WAL을 redo해 복구할 수 있다.”,NOT_APPLICABLE,NO_CONTENT_CHANGE,130,191,0.432
database,database.core.storage.wal.q2,SCENARIO,PUBLISHED,HARD,database.core.storage.wal,"durable 설정에서 다음 순서가 일어났다.

1. 변경 WAL과 해당 transaction의 commit record까지 durable flush
2. commit 성공 응답
3. dirty data page가 아직 data file에 기록되기 전 crash

질문: restart recovery가 해야 할 일은?",MODEL_ANSWER_SUFFICIENT,"하나의 중심 판단으로 수렴해 모델답변·설명으로 직접 대조 가능: “durable WAL에서 committed transaction의 변경을 확인하고, data page에 아직 반영되지 않은 부분을 REDO해 복구해야 한다. 핵심은 변경 WAL뿐 아니라 commit을 판정할 기록까지 durability 경계를 통과한 뒤 성공이 반환되었다는 점이다.”",YES_CONTEXT_USED,NO_CONTENT_CHANGE,157,226,0.359
database,database.core.transaction.acid.q1,SCENARIO,PUBLISHED,MEDIUM,database.core.transaction.acid,"다음 순서로 작업이 실행됐다.

1. DB transaction 안에서 주문 INSERT
2. 외부 결제 API 성공
3. DB UPDATE 실패와 rollback

질문: ACID atomicity가 외부 결제도 자동 취소하는가?",MODEL_ANSWER_SUFFICIENT,"하나의 중심 판단으로 수렴해 모델답변·설명으로 직접 대조 가능: “아니다. DB transaction atomicity는 해당 DB 변경 경계를 보호하며 이미 외부 시스템에 발생한 side effect까지 rollback하지 않는다. 결제 취소/보상, idempotency, 상태 기록 같은 별도 분산 실패 설계가 필요하다.”",YES_CONTEXT_USED,NO_CONTENT_CHANGE,144,190,0.475
database,database.core.transaction.acid.q2,DESCRIPTIVE,PUBLISHED,MEDIUM,database.core.transaction.acid,ACID의 일관성과 database constraint를 관계지어 설명할 때 가장 정확한 표현은 무엇인가?,MODEL_ANSWER_SUFFICIENT,하나의 중심 판단으로 수렴해 모델답변·설명으로 직접 대조 가능: “일관성은 transaction 전후에 database가 정의한 invariant와 constraint를 만족하는 상태로 남는다는 의미다. UNIQUE/FK/CHECK가 일부 invariant를 집행하지만 모든 business rule이나 외부 시스템 상태까지 자동으로 보장한다는 뜻은 아니다.”,NOT_APPLICABLE,NO_CONTENT_CHANGE,163,201,0.594
database,database.core.transaction.autocommit.q1,DESCRIPTIVE,PUBLISHED,EASY,database.core.transaction.autocommit,서로 다른 두 account UPDATE가 반드시 함께 성공해야 하는데 autocommit으로 statement별 commit된다. 첫 UPDATE 후 crash가 나면 왜 문제가 되는가?,MODEL_ANSWER_SUFFICIENT,하나의 중심 판단으로 수렴해 모델답변·설명으로 직접 대조 가능: “첫 statement가 이미 commit되어 두 번째가 실행되지 않아 부분 상태가 남을 수 있다. 둘을 하나의 business transition으로 봐야 한다면 같은 transaction block으로 묶어 commit/rollback해야 한다.”,NOT_APPLICABLE,NO_CONTENT_CHANGE,138,198,0.649
distributed-systems,distributed.core.consistency.replication-models.q1,DESCRIPTIVE,PUBLISHED,MEDIUM,distributed.core.consistency.replication-models,"다음 두 replication 방식을 비교할 때 반드시 확인해야 하는 핵심 trade-off와 실제 계약은?

- Synchronous replication
- Asynchronous replication",STRUCTURED_CRITERIA_USEFUL,sync ack가 기다리는 복제 상태·지연/partition 비용 | async의 빠른 ack와 lag/loss window | read·failover를 포함한 실제 acknowledgement contract,NOT_APPLICABLE,NO_CONTENT_CHANGE,398,235,0.383
distributed-systems,distributed.core.consistency.replication-models.q2,SCENARIO,PUBLISHED,MEDIUM,distributed.core.consistency.replication-models,사용자가 profile을 수정한 직후 read replica에서 이전 profile을 받는다. 어떤 보장과 routing 선택을 검토해야 하는가?,MODEL_ANSWER_SUFFICIENT,하나의 중심 판단으로 수렴해 모델답변·설명으로 직접 대조 가능: “asynchronous replica lag 때문에 read-after-write 보장이 없을 수 있다. 해당 session을 freshness가 보장되는 read 경로에 pin하거나 version/watermark가 따라잡은 replica만 사용한다. System이 별도의 linearizable read mode를 제공한다면 중요한…”,YES_CONTEXT_USED,NO_CONTENT_CHANGE,286,177,0.335
distributed-systems,distributed.core.consistency.replication-models.q3,DESCRIPTIVE,PUBLISHED,HARD,distributed.core.consistency.replication-models,"Partition된 region의 write 정책으로 다음 두 선택지를 검토한다.

- 가용성을 위해 region별 독립 write를 허용한다.
- 필요한 일관성을 위해 single authority 또는 consensus 기반 commit을 요구한다.

User-visible invariant, partition 중 응답, recovery 관점에서 선택 기준을 설명하라.",STRUCTURED_CRITERIA_USEFUL,merge 가능한 state의 지역 write·수렴 | invariant state의 authority/consensus와 거부·대기 | 각 모델의 partition 후 recovery,NOT_APPLICABLE,NO_CONTENT_CHANGE,371,167,0.362
distributed-systems,distributed.core.consistency.quorum-conflict.q2,SCENARIO,PUBLISHED,MEDIUM,distributed.core.consistency.quorum-conflict,가용성을 위해 concurrent version을 허용하는 replicated store에서 서로 다른 inventory update가 충돌했다. last-write-wins로 무조건 덮어쓸 때 생길 수 있는 문제와 대안은?,STRUCTURED_CRITERIA_USEFUL,LWW에서 동시 inventory update 유실·oversell 위험 | version 기반 conflict 노출 | merge 가능 데이터와 single-authority state의 구분,YES_CONTEXT_USED,NO_CONTENT_CHANGE,259,190,0.397
distributed-systems,distributed.core.consistency.quorum-conflict.q3,DESCRIPTIVE,PUBLISHED,HARD,distributed.core.consistency.quorum-conflict,"다음 두 모델을 같은 것으로 설명하면 안 되는 이유를 비교하라.

- Dynamo-style N/R/W quorum
- Raft/etcd 같은 consensus majority

실패 domain, repair, conflict 처리 관점을 포함해야 한다.",STRUCTURED_CRITERIA_USEFUL,N/R/W replica quorum·version repair 의미 | Raft leader/term/log의 majority commit 의미 | placement failure domain·degraded recovery,NOT_APPLICABLE,NO_CONTENT_CHANGE,348,192,0.332
distributed-systems,distributed.core.consistency.leader-election.q2,SCENARIO,PUBLISHED,MEDIUM,distributed.core.consistency.leader-election,"Raft 계열 cluster에서 다음 순서로 상태가 변했다.

1. Old leader에 write가 전송된다.
2. 직후 election이 시작된다.
3. Client는 timeout을 받는다.

Replicated state의 결과와 외부 side effect를 각각 어떻게 판단해야 하는가?",STRUCTURED_CRITERIA_USEFUL,client timeout만으로 알 수 없는 replicated log commit 여부 | commit index/revision 기반 결과 확인 | 외부 sink의 fencing·idempotency·reconciliation,YES_CONTEXT_USED,NO_CONTENT_CHANGE,281,207,0.461
distributed-systems,distributed.core.consistency.leader-election.q3,DESCRIPTIVE,PUBLISHED,HARD,distributed.core.consistency.leader-election,"Raft 같은 consensus system에서 다음 역할을 구분해 설명하라.

- Heartbeat와 election timeout
- Majority와 term
- Leader election과 replicated log commit
- Cluster 밖 side effect를 위한 external fencing",STRUCTURED_CRITERIA_USEFUL,heartbeat/election timer의 liveness suspicion | majority·term·log commit safety | cluster 외부 side effect를 막는 sink-enforced fencing,NOT_APPLICABLE,NO_CONTENT_CHANGE,411,202,0.334
distributed-systems,distributed.core.coordination.leases-fencing.q1,DESCRIPTIVE,PUBLISHED,MEDIUM,distributed.core.coordination.leases-fencing,lease만으로 stale owner의 side effect를 완전히 막을 수 없는 이유는?,MODEL_ANSWER_SUFFICIENT,하나의 중심 판단으로 수렴해 모델답변·설명으로 직접 대조 가능: “lease가 만료되어도 old owner가 expiry를 즉시 알지 못한 채 pause나 network delay 뒤에 다시 실행되어 delayed write를 보낼 수 있다. 또 lease API가 비교 가능한 fencing token을 자동으로 제공한다는 보장도 없다. 따라서 coordinator의 ownership 판단과 별개로…”,NOT_APPLICABLE,NO_CONTENT_CHANGE,317,188,0.366
distributed-systems,distributed.core.coordination.leases-fencing.q2,SCENARIO,PUBLISHED,MEDIUM,distributed.core.coordination.leases-fencing,"다음 순서로 lease owner가 바뀌었다.

1. Worker A의 lease가 만료된다.
2. Worker B가 새 lease와 더 큰 fencing token을 얻는다.
3. Network 지연 뒤 A가 storage write를 재개한다.

이때 storage가 강제해야 할 안전 조건은?",MODEL_ANSWER_SUFFICIENT,"하나의 중심 판단으로 수렴해 모델답변·설명으로 직접 대조 가능: “storage가 더 큰 generation의 write를 수락한 뒤 그보다 낮은 token을 가진 A의 write를 conditional check에서 거부해야 한다. 이 시나리오는 coordinator가 비교 가능한 fencing token 또는 version을 실제로 제공한다는 전제가 필요하며, token을 lease…”",YES_CONTEXT_USED,NO_CONTENT_CHANGE,231,162,0.220
distributed-systems,distributed.core.coordination.leases-fencing.q3,DESCRIPTIVE,PUBLISHED,HARD,distributed.core.coordination.leases-fencing,"Coordinator와 실제 resource writer의 계약을 다음 조건을 포함해 설계하라.

- Lease TTL과 renew 주기
- Operation duration
- Stale actor 위험
- Lease API가 fencing token을 제공하지 않는 경우",STRUCTURED_CRITERIA_USEFUL,lease TTL·renew와 operation duration | stale writer를 막는 monotonic fencing at sink | fencing 불가 provider의 idempotency·single-writer·reconciliation,NOT_APPLICABLE,NO_CONTENT_CHANGE,397,207,0.298
distributed-systems,distributed.core.coordination.saga-compensation.q2,SCENARIO,PUBLISHED,MEDIUM,distributed.core.coordination.saga-compensation,"다음 순서로 saga가 진행되었다.

1. 결제 승인이 완료된다.
2. 배송 예약이 실패한다.
3. 결제 승인 DB row를 삭제하려 한다.

DB row를 단순히 삭제하면 안 되는 이유와 필요한 상태는?",STRUCTURED_CRITERIA_USEFUL,외부 승인 side effect와 local row 삭제의 경계 | idempotent refund/void compensation | 확인 전 pending state·timeout/replay/reconciliation,YES_CONTEXT_USED,NO_CONTENT_CHANGE,204,164,0.430
distributed-systems,distributed.core.coordination.saga-compensation.q3,DESCRIPTIVE,PUBLISHED,HARD,distributed.core.coordination.saga-compensation,"Microservice saga에서 choreography와 orchestration을 비교하라.

다음 경계를 포함해 선택 기준을 설명해야 한다.

- Workflow ownership과 관측성
- Local transaction 사이의 isolation gap
- Compensation
- Event publish reliability",STRUCTURED_CRITERIA_USEFUL,choreography의 분산 workflow ownership 대 orchestration의 명시 owner | local transaction gap·compensation | event duplicate/order와 outbox 신뢰성 경계,NOT_APPLICABLE,NO_CONTENT_CHANGE,444,195,0.438
distributed-systems,distributed.core.coordination.cap-tradeoffs.q2,SCENARIO,PUBLISHED,MEDIUM,distributed.core.coordination.cap-tradeoffs,"Network partition 중 두 종류의 데이터가 update 요청을 받는다.

| 데이터 | 핵심 성질 |
| --- | --- |
| 좋아요 수 | 충돌 후 merge 가능 |
| 계좌 잔액 | Double spend를 허용할 수 없음 |

두 데이터에 같은 정책을 적용하면 안 되는 이유와 각각의 recovery를 비교하라.",STRUCTURED_CRITERIA_USEFUL,merge 가능한 count의 partition-local write·수렴 | 잔액 double-spend 방지를 위한 authority·reject/pending | 각 상태의 partition 이후 merge/reconcile,YES_CONTEXT_USED,NO_CONTENT_CHANGE,327,189,0.390
distributed-systems,distributed.core.coordination.cap-tradeoffs.q3,DESCRIPTIVE,PUBLISHED,HARD,distributed.core.coordination.cap-tradeoffs,"formal CAP theorem과 실제 product 일관성 contract를 구분해 설명하고, partition 중 operation과 recovery 정책을 어떻게 명시할지 서술하라.",STRUCTURED_CRITERIA_USEFUL,formal linearizable C와 non-failing-node response A | partition 중 reject/pending 대 stale/conflict 허용 | product read/write contract와 recovery policy,NOT_APPLICABLE,NO_CONTENT_CHANGE,419,178,0.506
distributed-systems,distributed.core.time-failure.clocks-deadlines.q2,SCENARIO,PUBLISHED,MEDIUM,distributed.core.time-failure.clocks-deadlines,"다음 순서로 호출이 이어진다.

1. Client가 2초 deadline으로 API를 호출한다.
2. API는 0.8초 뒤 billing service를 호출한다.
3. API가 billing에 새 2초 timeout을 부여한다.

어떤 문제가 생기며 deadline을 어떻게 전파해야 하는가?",MODEL_ANSWER_SUFFICIENT,"하나의 중심 판단으로 수렴해 모델답변·설명으로 직접 대조 가능: “하위 호출이 상위 deadline을 넘어 client가 이미 포기한 뒤에도 자원과 side effect를 사용할 수 있다. 남은 약 1.2초에서 network·cleanup margin을 뺀 remaining budget을 전달하고, 각 server가 cancellation과 deadline을 확인해 불필요한 작업을 중단한다.”",YES_CONTEXT_USED,NO_CONTENT_CHANGE,183,160,0.382
distributed-systems,distributed.core.time-failure.clocks-deadlines.q3,DESCRIPTIVE,PUBLISHED,HARD,distributed.core.time-failure.clocks-deadlines,"두 node의 wall-clock timestamp를 다음 두 판단에 사용하려 한다.

- Event 순서 결정
- Lease expiry 판단

이 설계의 위험과 ordering·timeout 각각의 보완 방법을 설명하라.",STRUCTURED_CRITERIA_USEFUL,wall clock skew가 event causal order를 보장하지 않는 문제 | ordering용 sequence/logical clock | duration용 monotonic deadline와 lease용 epoch/fencing,NOT_APPLICABLE,NO_CONTENT_CHANGE,309,204,0.470
distributed-systems,distributed.core.time-failure.partial-failure.q2,SCENARIO,PUBLISHED,MEDIUM,distributed.core.time-failure.partial-failure,"다음 순서로 부분 장애가 발생했다.

1. 주문 생성 API가 요청을 처리한다.
2. Client는 timeout을 받는다.
3. DB에는 주문이 생성되어 있다.
4. 사용자가 즉시 retry한다.

Duplicate order를 막고 정확한 상태를 보여 주려면 어떻게 설계해야 하는가?",STRUCTURED_CRITERIA_USEFUL,idempotency key의 원자 조회/생성 | timeout 후 operation status·기존 결과 응답 | outbox 누락과 불명확 결과의 reconciliation,YES_CONTEXT_USED,NO_CONTENT_CHANGE,200,165,0.332
distributed-systems,distributed.core.time-failure.partial-failure.q3,DESCRIPTIVE,PUBLISHED,HARD,distributed.core.time-failure.partial-failure,"Network partition 중 두 node가 같은 inventory를 수정하려 한다.

| Actor | 판단과 동작 |
| --- | --- |
| Node A | 자신이 살아 있다고 판단하고 inventory 수정 시도 |
| Node B | 자신이 살아 있다고 판단하고 inventory 수정 시도 |

가용성을 유지하면서 oversell invariant를 보호하려면 어떤 commit 경계와 recovery를 설계해야 하는가?",STRUCTURED_CRITERIA_USEFUL,inventory commit 단일 authority/quorum/version 조건 | quorum 불가 시 pending/reject | partition 후 tentative state reconciliation과 stale command fencing,NOT_APPLICABLE,NO_CONTENT_CHANGE,296,199,0.377
distributed-systems,distributed.core.time-failure.failure-detectors.q2,SCENARIO,PUBLISHED,MEDIUM,distributed.core.time-failure.failure-detectors,"다음 순서로 leader가 바뀌었다.

1. Leader heartbeat가 GC pause 동안 끊긴다.
2. 새 leader가 선출된다.
3. 이전 leader가 재개되어 write를 보낸다.

장애 감지기(failure detector)만으로 해결되지 않는 문제와 방어책은?",STRUCTURED_CRITERIA_USEFUL,heartbeat 단절이 old leader 사망의 증거가 아닌 점 | sink가 검증하는 term/epoch/fencing | 복귀 node의 resync·ownership 확인,YES_CONTEXT_USED,NO_CONTENT_CHANGE,192,192,0.315
distributed-systems,distributed.core.time-failure.failure-detectors.q3,DESCRIPTIVE,PUBLISHED,HARD,distributed.core.time-failure.failure-detectors,"장애 감지기(failure detector) timeout의 trade-off를 비교하라.

| 설정 | 검토할 영향 |
| --- | --- |
| 짧은 timeout | Detection 속도와 false positive |
| 긴 timeout | Recovery 지연과 false suspicion 감소 |

또한 heartbeat·readiness·lease·fencing의 역할을 어떻게 나눌지 설명하라.",STRUCTURED_CRITERIA_USEFUL,짧은 timeout의 빠른 detection과 false positive | 긴 timeout의 낮은 false takeover와 recovery delay | heartbeat/readiness/lease 신호와 fencing safety 역할 구분,NOT_APPLICABLE,NO_CONTENT_CHANGE,412,185,0.498
dsa,dsa.core.algorithm-selection.constraint-to-complexity.q3,SCENARIO,PUBLISHED,HARD,dsa.core.algorithm-selection.constraint-to-complexity,"개발 환경에서는 최대 500건이라 이중 반복문이 충분히 빨랐지만 production import는 최대 200,000건이다. 같은 구현을 그대로 유지해도 되는지 판단하는 절차를 설명하라.",MODEL_ANSWER_SUFFICIENT,"하나의 중심 판단으로 수렴해 모델답변·설명으로 직접 대조 가능: “sample이 아니라 production 상한을 입력 크기로 잡아 O(n²)의 증가량을 먼저 계산한다. 200,000²은 구조적으로 매우 큰 작업량이므로 O(n log n), hashing, sorting/indexing 등 다른 후보를 검토한다. 그 뒤 메모리와 data shape를 확인하고 대표·최악 입력으로 실제 측정한다.…”",YES_CONTEXT_USED,explanationMarkdown,239,133,0.197
dsa,dsa.core.algorithm-selection.constraint-to-complexity.q4,DESCRIPTIVE,PUBLISHED,MEDIUM,dsa.core.algorithm-selection.constraint-to-complexity,두 알고리즘이 모두 `O(n log n)`인데 실제 지연 시간이 크게 다를 수 있는 이유를 두 가지 이상 설명하라.,MODEL_ANSWER_SUFFICIENT,"하나의 중심 판단으로 수렴해 모델답변·설명으로 직접 대조 가능: “Big-O는 증가 차수를 표현하므로 allocation, cache locality, branch, I/O, 구현 상수 같은 실제 비용을 숨긴다. 또한 평균·worst-case 전제나 입력 분포가 다를 수 있다. 복잡도로 후보를 줄인 뒤 실제 workload에서 측정해야 한다.”",NOT_APPLICABLE,NO_CONTENT_CHANGE,155,73,0.643
dsa,dsa.core.algorithm-selection.memory-limit.q3,SCENARIO,PUBLISHED,HARD,dsa.core.algorithm-selection.memory-limit,hash table resize 중 old table과 new table을 동시에 유지해야 한다. steady-state 크기만 보고 memory budget을 잡았을 때 어떤 문제가 생기는지 분석하라.,MODEL_ANSWER_SUFFICIENT,"하나의 중심 판단으로 수렴해 모델답변·설명으로 직접 대조 가능: “resize 시점에는 기존 storage와 새 storage가 동시에 존재해 순간 peak가 steady-state보다 커진다. 여기에 concurrent 요청과 object/bucket overhead까지 더해지면 OOM이 발생할 수 있다. 알고리즘 선택에서는 평균이 아니라 temporary buffer, rebuild 중복…”",YES_CONTEXT_USED,NO_CONTENT_CHANGE,227,155,0.810
dsa,dsa.core.algorithm-selection.memory-limit.q4,DESCRIPTIVE,PUBLISHED,MEDIUM,dsa.core.algorithm-selection.memory-limit,DP full table을 rolling row로 줄일 때 확인해야 하는 두 가지 조건을 설명하라.,MODEL_ANSWER_SUFFICIENT,"하나의 중심 판단으로 수렴해 모델답변·설명으로 직접 대조 가능: “미래 전이가 실제로 이전 몇 개 row/state만 참조하는지 확인해야 하고, 갱신 중 필요한 이전 값을 덮어쓰지 않도록 iteration order를 맞춰야 한다. 선택 경로나 predecessor 복원이 필요하다면 값만 남기는 최적화가 필요한 정보를 없애지 않는지도 확인한다.”",NOT_APPLICABLE,NO_CONTENT_CHANGE,156,63,0.592
dsa,dsa.core.algorithm-selection.data-shape.q3,DESCRIPTIVE,PUBLISHED,MEDIUM,dsa.core.algorithm-selection.data-shape,"`V = 10,000`, `E = 20,000`인 graph에서 adjacency matrix와 adjacency list 중 어느 표현을 우선 검토할지, 그 이유를 공간 관점에서 설명하라.",MODEL_ANSWER_SUFFICIENT,"하나의 중심 판단으로 수렴해 모델답변·설명으로 직접 대조 가능: “E가 V²에 비해 매우 작은 sparse graph이므로 adjacency list를 우선 검토한다. list는 O(V+E) 공간을 쓰지만 matrix는 V², 즉 1억 개의 cell을 준비해야 한다. 다만 edge membership 조회 빈도 등 operation 요구도 함께 비교한다.”",NOT_APPLICABLE,NO_CONTENT_CHANGE,162,105,0.778
dsa,dsa.core.algorithm-selection.data-shape.q4,SCENARIO,PUBLISHED,HARD,dsa.core.algorithm-selection.data-shape,평균 데이터에서는 hash lookup이 빠른데 특정 형태의 key에서 지연 시간이 급격히 증가한다. 어떤 data-shape 가정과 구조적 위험을 확인해야 하는가?,STRUCTURED_CRITERIA_USEFUL,균등 key/hash 분포 가정 | collision·probe clustering 위험 | skew/adversarial fixture 및 load-factor/대안 구조 검증,YES_CONTEXT_USED,explanationMarkdown,234,162,0.260
dsa,dsa.core.algorithm-selection.preprocessing-query-cost.q3,SCENARIO,PUBLISHED,HARD,dsa.core.algorithm-selection.preprocessing-query-cost,Immutable array에 prefix sum을 만들어 range query를 빠르게 처리하던 구조에서 값 update가 매우 자주 발생하기 시작했다. 무엇을 다시 평가해야 하는지 설명하라.,MODEL_ANSWER_SUFFICIENT,하나의 중심 판단으로 수렴해 모델답변·설명으로 직접 대조 가능: “기존 prefix sum은 query는 빠르지만 한 값 변경 시 뒤쪽 prefix를 광범위하게 갱신해야 할 수 있다. Query 절감만이 아니라 update/rebuild 비용을 총비용에 포함해야 한다. Update와 range query가 모두 중요하면 Fenwick tree나 segment tree처럼 양쪽 operation을 균형…”,YES_CONTEXT_USED,NO_CONTENT_CHANGE,206,140,0.823
dsa,dsa.core.algorithm-selection.preprocessing-query-cost.q4,DESCRIPTIVE,PUBLISHED,MEDIUM,dsa.core.algorithm-selection.preprocessing-query-cost,파생 index가 빠르지만 원본 데이터보다 오래된 값을 반환할 수 있다. 알고리즘 성능 외에 어떤 correctness contract가 필요한가?,MODEL_ANSWER_SUFFICIENT,"하나의 중심 판단으로 수렴해 모델답변·설명으로 직접 대조 가능: “원본 변경이 index에 반영되는 시점, 허용 가능한 stale 범위, rebuild/recovery 방법을 정의해야 한다. 전처리 구조는 query 비용만 줄이는 것이 아니라 update와 freshness 유지 비용도 가진다.”",NOT_APPLICABLE,NO_CONTENT_CHANGE,128,58,0.634
dsa,dsa.core.algorithm-selection.online-offline.q2,DESCRIPTIVE,PUBLISHED,MEDIUM,dsa.core.algorithm-selection.online-offline,끝이 없는 stream에서 최근 100개 값의 maximum만 필요하다. 모든 과거 값을 저장하지 않아도 되는 이유를 설명하라.,MODEL_ANSWER_SUFFICIENT,"하나의 중심 판단으로 수렴해 모델답변·설명으로 직접 대조 가능: “현재 답과 미래 window에 영향을 줄 수 있는 bounded state만 유지하면 된다. Window 밖으로 만료된 값은 다시 답에 포함될 수 없으므로 제거할 수 있고, monotonic deque 같은 구조는 현재 maximum 후보만 보존한다.”",NOT_APPLICABLE,NO_CONTENT_CHANGE,140,88,0.775
dsa,dsa.core.algorithm-selection.online-offline.q3,SCENARIO,PUBLISHED,HARD,dsa.core.algorithm-selection.online-offline,사용자에게 200 ms 안에 추천을 보여줘야 하지만 하루 전체 이벤트를 이용한 더 정확한 최적화도 필요하다. Online/offline 경로를 어떻게 나눌 수 있는가?,MODEL_ANSWER_SUFFICIENT,"하나의 중심 판단으로 수렴해 모델답변·설명으로 직접 대조 가능: “실시간 경로는 현재까지의 bounded/incremental state로 빠른 결과를 만들고, 별도 batch는 하루 snapshot 전체를 사용해 offline으로 더 정확한 결과를 계산할 수 있다. 두 결과의 freshness와 교체 시점을 명시하고, online 경로가 미래 입력을 알고 있다는 가정을 두지 않는다.”",YES_CONTEXT_USED,NO_CONTENT_CHANGE,179,66,0.529
dsa,dsa.core.algorithm-selection.operation-driven-structure-choice.q2,DESCRIPTIVE,PUBLISHED,MEDIUM,dsa.core.algorithm-selection.operation-driven-structure-choice,"다음 workload에서 hash table 하나만 사용하는 설계의 약점을 설명하라: exact lookup 70%, insert 10%, delete 5%, range query 15%.",MODEL_ANSWER_SUFFICIENT,"하나의 중심 판단으로 수렴해 모델답변·설명으로 직접 대조 가능: “Hash table은 exact lookup에는 강하지만 ordering이 없어 range query가 전체 scan에 가까워질 수 있다. Range query 15%가 실제 지연 시간에서 충분히 중요하다면 balanced tree, sorted structure 또는 별도 ordered index를 비교해야 한다.”",NOT_APPLICABLE,NO_CONTENT_CHANGE,177,99,0.715
dsa,dsa.core.algorithm-selection.operation-driven-structure-choice.q3,SCENARIO,PUBLISHED,HARD,dsa.core.algorithm-selection.operation-driven-structure-choice,"Priority가 가장 높은 작업을 반복해서 꺼내야 하지만 arbitrary key lookup은 거의 없다. Heap이 자연스러운 후보인 이유와, heap만으로 해결하기 어려운 요구를 하나 설명하라.",STRUCTURED_CRITERIA_USEFUL,heap의 repeated priority peek/extract | 임의 key·range lookup 같은 비지원 operation | 해당 workload에서 별도 index 필요성,YES_CONTEXT_USED,NO_CONTENT_CHANGE,220,124,0.703
dsa,dsa.core.algorithm-selection.operation-driven-structure-choice.q4,DESCRIPTIVE,PUBLISHED,MEDIUM,dsa.core.algorithm-selection.operation-driven-structure-choice,자료구조를 고르기 전에 workload에서 최소한 어떤 정보를 기록해야 하는지 네 가지 이상 설명하라.,STRUCTURED_CRITERIA_USEFUL,operation 종류별 빈도 | input size와 data shape | ordering/duplicate/worst-case invariant | memory와 update/iteration 요구,NOT_APPLICABLE,NO_CONTENT_CHANGE,238,165,0.207
dsa,dsa.core.complexity.input-size-operation-count.q2,DESCRIPTIVE,PUBLISHED,MEDIUM,dsa.core.complexity.input-size-operation-count,바깥 loop가 n번 실행되고 i번째 반복에서 안쪽 loop가 정확히 i번 실행된다. 전체 안쪽 연산 횟수를 합으로 쓰고 점근 차수를 설명하라.,MODEL_ANSWER_SUFFICIENT,하나의 중심 판단으로 수렴해 모델답변·설명으로 직접 대조 가능: “전체 횟수는 1+2+...+n = n(n+1)/2이고 가장 큰 항의 차수가 n²이므로 Θ(n²)이다. 중첩 loop라는 모양만 보고 무조건 n²이라고 하는 것이 아니라 실제 반복 범위를 합산한 결과다.”,NOT_APPLICABLE,NO_CONTENT_CHANGE,112,55,0.734
dsa,dsa.core.complexity.input-size-operation-count.q3,SCENARIO,PUBLISHED,MEDIUM,dsa.core.complexity.input-size-operation-count,"한 API가 최대 1,000개의 row를 받지만 각 row 안에 최대 m개의 tag가 있고 모든 tag 쌍을 비교한다. 입력 크기를 row 수 n 하나만으로 정의하면 비용을 과소평가할 수 있는 이유와 적절한 비용 모델을 설명하라.",STRUCTURED_CRITERIA_USEFUL,row count n만으로 놓치는 nested tag 크기 | row별 pair 비용 Σmi² | uniform upper bound O(nm²)와 payload limit,YES_CONTEXT_USED,NO_CONTENT_CHANGE,184,123,0.785
dsa,dsa.core.complexity.big-o-theta-omega.q2,DESCRIPTIVE,PUBLISHED,MEDIUM,dsa.core.complexity.big-o-theta-omega,"`f(n)=Θ(n log n)`이라고 말할 수 있다면 `f(n)=O(n²)`도 참일 수 있는 이유와, 두 표현의 정보량 차이를 설명하라.",MODEL_ANSWER_SUFFICIENT,"하나의 중심 판단으로 수렴해 모델답변·설명으로 직접 대조 가능: “n log n은 충분히 큰 n에서 n²보다 느리게 성장하므로 n²은 유효한 점근 상한이 될 수 있다. 하지만 Θ(n log n)은 상한과 하한이 같은 차수임을 알려 실제 성장률을 더 좁게 표현하고, O(n²)은 그보다 느슨한 상한 정보만 준다.”",NOT_APPLICABLE,NO_CONTENT_CHANGE,136,79,0.732
dsa,dsa.core.complexity.big-o-theta-omega.q3,SCENARIO,PUBLISHED,MEDIUM,dsa.core.complexity.big-o-theta-omega,"알고리즘 A가 Θ(n), B가 Θ(n log n)이다. 현재 production 입력은 n≤20이고 B의 상수 비용이 훨씬 작다. 점근 표기만 보고 A가 현재 workload에서 반드시 빠르다고 결론 내릴 수 없는 이유를 설명하라.",MODEL_ANSWER_SUFFICIENT,"하나의 중심 판단으로 수렴해 모델답변·설명으로 직접 대조 가능: “점근 표기는 충분히 큰 입력에서의 성장 차수를 비교하며 상수항, cache/I/O, 구현 overhead와 현재 작은 입력 범위를 숨긴다. 장기적인 scalability에는 A가 유리할 가능성이 있지만 현재 n≤20의 실제 지연 시간은 representative benchmark로 확인해야 한다.”",YES_CONTEXT_USED,NO_CONTENT_CHANGE,166,88,0.720
dsa,dsa.core.complexity.best-average-worst.q2,DESCRIPTIVE,PUBLISHED,MEDIUM,dsa.core.complexity.best-average-worst,average-case complexity를 말하려면 단순히 best와 worst를 평균내는 것으로 충분하지 않은 이유를 설명하라.,MODEL_ANSWER_SUFFICIENT,하나의 중심 판단으로 수렴해 모델답변·설명으로 직접 대조 가능: “Average case는 가능한 입력에 어떤 확률 분포를 가정하는지에 따라 기대 비용을 계산해야 한다. Best와 worst 두 값의 산술평균은 실제 입력 분포나 중간 경우의 비용을 반영하지 않으므로 일반적인 average-case 분석이 아니다.”,NOT_APPLICABLE,NO_CONTENT_CHANGE,138,80,0.738
dsa,dsa.core.complexity.best-average-worst.q3,SCENARIO,PUBLISHED,HARD,dsa.core.complexity.best-average-worst,외부 사용자가 직접 key를 선택할 수 있는 자료구조 endpoint에서 평균 O(1) lookup만 보고 resource limit을 잡으면 위험할 수 있는 이유를 설명하라.,MODEL_ANSWER_SUFFICIENT,"하나의 중심 판단으로 수렴해 모델답변·설명으로 직접 대조 가능: “입력 분포를 사용자가 통제하면 우연 또는 의도적으로 collision 같은 worst-case 상태가 집중될 수 있어 평균 가정이 깨질 수 있다. Worst-case 비용, 입력 제한, hash 방어, timeout/memory budget과 실제 분포별 측정을 함께 검토해야 한다.”",YES_CONTEXT_USED,NO_CONTENT_CHANGE,158,76,0.651
dsa,dsa.core.complexity.time-space-tradeoff.q2,DESCRIPTIVE,PUBLISHED,MEDIUM,dsa.core.complexity.time-space-tradeoff,memoization이 time complexity를 줄일 수 있는 조건과 대신 추가되는 space cost를 설명하라.,STRUCTURED_CRITERIA_USEFUL,반복 subproblem 재사용이 줄이는 계산량 | distinct state 수에 따른 memo table space | key lookup·state-space memory 비용,NOT_APPLICABLE,NO_CONTENT_CHANGE,172,99,0.733
dsa,dsa.core.complexity.time-space-tradeoff.q3,SCENARIO,PUBLISHED,HARD,dsa.core.complexity.time-space-tradeoff,중복 검사를 위해 요청마다 모든 ID를 HashSet에 올리면 DB 조회는 줄지만 heap peak가 memory limit을 넘는다. 어떤 입력 특성과 대안을 비교해야 하는지 설명하라.,STRUCTURED_CRITERIA_USEFUL,동시 요청을 포함한 HashSet peak memory 계산 | chunk/sort/DB constraint 대안의 space | 각 대안의 추가 CPU·I/O 비용,YES_CONTEXT_USED,NO_CONTENT_CHANGE,185,109,0.747
dsa,dsa.core.complexity.amortized-analysis.q3,DESCRIPTIVE,PUBLISHED,MEDIUM,dsa.core.complexity.amortized-analysis,capacity를 꽉 찰 때마다 두 배가 아니라 정확히 1씩만 늘리는 dynamic array에서 n번 append의 총 copy 비용이 왜 O(n²)이 되는지 합으로 설명하라.,MODEL_ANSWER_SUFFICIENT,"하나의 중심 판단으로 수렴해 모델답변·설명으로 직접 대조 가능: “거의 매 append마다 기존 1,2,3,...,n-1개 원소를 복사하므로 총 copy 수는 1+2+...+(n-1)=n(n-1)/2=Θ(n²)이다. 따라서 n번 operation의 총비용이 Θ(n²)이고 append 한 번의 amortized cost도 Θ(n)이 된다.”",NOT_APPLICABLE,NO_CONTENT_CHANGE,152,68,0.685
dsa,dsa.core.complexity.amortized-analysis.q4,SCENARIO,PUBLISHED,MEDIUM,dsa.core.complexity.amortized-analysis,append가 amortized O(1)인 dynamic buffer에서 드물게 수십 MB copy가 발생해 p99 지연 시간이 튄다. 이 현상이 amortized bound와 모순되지 않는 이유와 지연 시간에 민감한 서비스에서 검토할 대응을 설명하라.,MODEL_ANSWER_SUFFICIENT,"하나의 중심 판단으로 수렴해 모델답변·설명으로 직접 대조 가능: “Amortized O(1)은 긴 sequence의 총비용/operation 평균 bound이지 각 operation의 worst-case 지연 시간이 상수라는 뜻이 아니다. Resize 한 번은 O(n) copy를 만들 수 있다. 예상 크기 기반 reserve, chunked structure, growth factor 조정 등을…”",YES_CONTEXT_USED,NO_CONTENT_CHANGE,224,127,0.714
dsa,dsa.core.complexity.invariant-correctness.q2,DESCRIPTIVE,PUBLISHED,MEDIUM,dsa.core.complexity.invariant-correctness,"lower-bound binary search에서 `[0,left)`는 target보다 작고 `[right,n)`은 target 이상이라는 invariant를 사용한다. `a[mid] >= target`일 때 `right = mid`로 갱신하는 이유를 설명하라.",MODEL_ANSWER_SUFFICIENT,"하나의 중심 판단으로 수렴해 모델답변·설명으로 직접 대조 가능: “a[mid]가 target 이상이면 mid 자체가 lower bound 후보일 수 있으므로 버리면 안 된다. right를 mid로 두면 [mid,n)의 첫 부분이 target 이상이라는 오른쪽 invariant를 유지하면서 후보 구간 [left,mid)를 포함해 계속 탐색할 수 있다.”",NOT_APPLICABLE,NO_CONTENT_CHANGE,159,98,0.764
dsa,dsa.core.complexity.invariant-correctness.q3,SCENARIO,PUBLISHED,HARD,dsa.core.complexity.invariant-correctness,같은 lower-bound loop에서 `a[mid] < target`인데 `left = mid`로만 갱신하면 어떤 termination 문제가 생길 수 있는지 예를 들어 설명하라.,MODEL_ANSWER_SUFFICIENT,"하나의 중심 판단으로 수렴해 모델답변·설명으로 직접 대조 가능: “후보 구간 길이가 2이고 mid가 left와 같은 경우 `left=mid`는 경계를 전혀 이동시키지 않는다. 예를 들어 left=0,right=1 형태에서 mid=0이고 a[0]<target이면 다음 반복도 동일한 상태가 되어 무한 loop가 될 수 있다. `left=mid+1`처럼 progress가 보장되어야 한다.”",YES_CONTEXT_USED,NO_CONTENT_CHANGE,178,117,0.794
dsa,dsa.core.complexity.invariant-correctness.q4,SCENARIO,PUBLISHED,HARD,dsa.core.complexity.invariant-correctness,"상황: doubly linked list에서 node X를 삭제한 뒤 `X.prev.next`는 X.next로 갱신했지만 `X.next.prev`는 그대로 두었다. 즉시 forward traversal은 성공할 수도 있다.

질문: 그래도 자료구조가 잘못된 이유를 invariant와 후속 operation 관점에서 설명하라.",MODEL_ANSWER_SUFFICIENT,하나의 중심 판단으로 수렴해 모델답변·설명으로 직접 대조 가능: “Doubly linked list는 인접 node에 대해 next/prev 관계가 서로 일치해야 한다. 한 방향만 수정하면 `next.prev`가 삭제된 X를 계속 가리켜 invariant가 깨진다. Forward traversal 하나는 우연히 성공해도 reverse traversal이나 다음 delete가 stale link를…”,YES_CONTEXT_USED,explanationMarkdown,243,144,0.317
dsa,dsa.core.dynamic-programming.overlapping-subproblems.q2,DESCRIPTIVE,PUBLISHED,MEDIUM,dsa.core.dynamic-programming.overlapping-subproblems,"`solve(index=4, capacity=10)`과 `solve(index=4, capacity=3)`을 같은 memo key `4`로 저장하면 안 되는 이유를 설명하라.",MODEL_ANSWER_SUFFICIENT,하나의 중심 판단으로 수렴해 모델답변·설명으로 직접 대조 가능: “남은 capacity가 다르면 앞으로 선택 가능한 item과 optimal value가 달라질 수 있어 서로 다른 subproblem이다. Memo key는 answer를 결정하는 모든 state variable을 포함해야 한다.”,NOT_APPLICABLE,NO_CONTENT_CHANGE,128,50,0.569
dsa,dsa.core.dynamic-programming.overlapping-subproblems.q3,SCENARIO,PUBLISHED,MEDIUM,dsa.core.dynamic-programming.overlapping-subproblems,재귀 호출 경로는 매우 많지만 distinct state가 `N×W`개뿐인 문제에 memoization을 적용했다. 시간 복잡도를 추정할 때 호출 tree 크기보다 무엇을 기준으로 보는 것이 적절한가?,MODEL_ANSWER_SUFFICIENT,하나의 중심 판단으로 수렴해 모델답변·설명으로 직접 대조 가능: “distinct state 수와 각 state에서 검사하는 transition 수를 곱해 분석한다. 동일 state의 반복 호출은 memo hit로 재계산하지 않으므로 recursion tree 전체 node 수가 실제 계산 수와 같지 않다.”,YES_CONTEXT_USED,NO_CONTENT_CHANGE,135,79,0.731
dsa,dsa.core.dynamic-programming.optimal-substructure.q2,DESCRIPTIVE,PUBLISHED,MEDIUM,dsa.core.dynamic-programming.optimal-substructure,최단 경로 A→B→C→D에서 B→D 부분보다 더 짧은 경로가 존재한다면 원래 A→D 경로가 최단일 수 없는 이유를 설명하라.,MODEL_ANSWER_SUFFICIENT,하나의 중심 판단으로 수렴해 모델답변·설명으로 직접 대조 가능: “원래 경로의 B→D 부분을 더 짧은 경로로 교체하면 A→D 전체 비용도 줄어든다. 따라서 전체 경로가 optimal이었다는 가정과 모순이다.”,NOT_APPLICABLE,NO_CONTENT_CHANGE,78,128,0.395
dsa,dsa.core.dynamic-programming.optimal-substructure.q3,SCENARIO,PUBLISHED,MEDIUM,dsa.core.dynamic-programming.optimal-substructure,현재 vertex만 DP state로 저장한 경로 문제에서 이미 방문한 vertex 집합에 따라 이후 가능한 이동이 달라진다. 왜 optimal substructure를 그 state에 바로 적용할 수 없는가?,MODEL_ANSWER_SUFFICIENT,하나의 중심 판단으로 수렴해 모델답변·설명으로 직접 대조 가능: “같은 current vertex라도 visited set이 다르면 future feasible choices가 달라져 같은 subproblem이 아니다. 필요한 제약 상태를 포함하도록 state를 확장하거나 다른 알고리즘 모델이 필요하다.”,YES_CONTEXT_USED,NO_CONTENT_CHANGE,133,47,0.507
dsa,dsa.core.dynamic-programming.memoization.q2,DESCRIPTIVE,PUBLISHED,MEDIUM,dsa.core.dynamic-programming.memoization,정상 DP 결과가 0일 수 있는데 `memo[state]==0`을 미계산 상태 표시로 사용했다. 어떤 문제가 생길 수 있는가?,MODEL_ANSWER_SUFFICIENT,하나의 중심 판단으로 수렴해 모델답변·설명으로 직접 대조 가능: “실제로 계산된 결과 0과 cache miss를 구분하지 못해 같은 state를 반복 계산하거나 잘못된 분기를 할 수 있다. 별도 visited flag나 UNCOMPUTED sentinel을 사용해야 한다.”,NOT_APPLICABLE,NO_CONTENT_CHANGE,115,46,0.605
dsa,dsa.core.dynamic-programming.memoization.q3,SCENARIO,PUBLISHED,MEDIUM,dsa.core.dynamic-programming.memoization,State 수가 매우 크지만 target에서 실제 reachable한 state가 5%뿐이고 recursion depth는 안전하다. Memoization과 full tabulation 중 memoization이 유리할 수 있는 이유를 설명하라.,MODEL_ANSWER_SUFFICIENT,"하나의 중심 판단으로 수렴해 모델답변·설명으로 직접 대조 가능: “memoization은 target에서 실제 필요한 reachable state만 demand-driven으로 계산하므로 나머지 95%를 생략할 수 있다. 단, key lookup과 recursion overhead는 별도로 비교해야 한다.”",YES_CONTEXT_USED,NO_CONTENT_CHANGE,134,47,0.517
dsa,dsa.core.dynamic-programming.memoization.q4,SCENARIO,PUBLISHED,HARD,dsa.core.dynamic-programming.memoization,`solve(A)` 계산 중 아직 완료되지 않은 같은 `solve(A)`에 다시 진입한다. 단순 cache miss 처리만 반복하면 어떤 문제가 생기며 무엇을 의심해야 하는가?,MODEL_ANSWER_SUFFICIENT,"하나의 중심 판단으로 수렴해 모델답변·설명으로 직접 대조 가능: “무한 recursion이 생길 수 있다. COMPUTING 상태를 별도로 두어 dependency cycle을 감지하고, recurrence나 state 정의가 acyclic 계산 구조를 만들고 있는지 재검토해야 한다.”",YES_CONTEXT_USED,NO_CONTENT_CHANGE,122,166,0.267
dsa,dsa.core.dynamic-programming.tabulation.q2,DESCRIPTIVE,PUBLISHED,MEDIUM,dsa.core.dynamic-programming.tabulation,Memoization과 Tabulation이 같은 recurrence를 계산할 수 있음에도 실행 방식이 다른 점을 설명하라.,MODEL_ANSWER_SUFFICIENT,"하나의 중심 판단으로 수렴해 모델답변·설명으로 직접 대조 가능: “memoization은 target에서 필요한 state를 top-down으로 요청해 실제 도달 state를 계산하고, tabulation은 base state부터 dependency order로 bottom-up table을 채운다. Recurrence 자체는 같을 수 있다.”",NOT_APPLICABLE,NO_CONTENT_CHANGE,155,202,0.587
dsa,dsa.core.dynamic-programming.tabulation.q3,SCENARIO,PUBLISHED,MEDIUM,dsa.core.dynamic-programming.tabulation,`dp[l][r]`이 더 짧은 interval들의 값에 의존하는데 l을 0부터 증가시키며 r을 임의 순서로 계산했다. 왜 stale 초기값을 읽을 수 있고 어떤 order가 필요한가?,MODEL_ANSWER_SUFFICIENT,하나의 중심 판단으로 수렴해 모델답변·설명으로 직접 대조 가능: “현재 interval이 참조하는 shorter interval이 아직 계산되지 않았을 수 있다. Interval length가 짧은 것부터 긴 것 순서처럼 dependency가 먼저 해결되는 topological order를 사용해야 한다.”,YES_CONTEXT_USED,NO_CONTENT_CHANGE,134,80,0.754
dsa,dsa.core.dynamic-programming.state-definition.q2,DESCRIPTIVE,PUBLISHED,MEDIUM,dsa.core.dynamic-programming.state-definition,Knapsack에서 state를 `dp[i]` 하나로 줄이고 capacity를 제거하면 왜 correctness가 깨질 수 있는가?,MODEL_ANSWER_SUFFICIENT,하나의 중심 판단으로 수렴해 모델답변·설명으로 직접 대조 가능: “같은 i라도 남은 capacity에 따라 선택 가능한 item과 optimal value가 다르다. 서로 다른 future decision을 가진 subproblem을 같은 state로 합치게 된다.”,NOT_APPLICABLE,NO_CONTENT_CHANGE,111,55,0.672
dsa,dsa.core.dynamic-programming.state-definition.q3,SCENARIO,PUBLISHED,MEDIUM,dsa.core.dynamic-programming.state-definition,"State `(index, capacity)`로 답이 충분히 결정되는데 전체 선택 history까지 state key에 포함했다. 결과 correctness는 유지될 수 있지만 성능상 어떤 문제가 생기는가?",MODEL_ANSWER_SUFFICIENT,하나의 중심 판단으로 수렴해 모델답변·설명으로 직접 대조 가능: “같은 future subproblem도 서로 다른 history 때문에 다른 state로 분리되어 overlapping state를 합치지 못한다. State 수와 memory가 크게 늘고 memoization 이점이 사라질 수 있다.”,YES_CONTEXT_USED,NO_CONTENT_CHANGE,131,48,0.528
dsa,dsa.core.dynamic-programming.state-definition.q4,SCENARIO,PUBLISHED,MEDIUM,dsa.core.dynamic-programming.state-definition,"N=500, W=100,000인 `dp[i][w]` state space를 전부 저장하려 한다. 대략 몇 개 state인지 계산하고 실제 resource 검토가 필요한 이유를 설명하라.",MODEL_ANSWER_SUFFICIENT,"하나의 중심 판단으로 수렴해 모델답변·설명으로 직접 대조 가능: “대략 500×100,000=50,000,000 state다. State 하나의 byte 크기와 시간당 transition 수를 곱하면 memory/time이 매우 커질 수 있으므로 recurrence가 맞는 것과 실제 제한 안에 실행 가능한지는 별도로 확인해야 한다.”",YES_CONTEXT_USED,explanationMarkdown,149,144,0.356
dsa,dsa.core.dynamic-programming.transition.q3,SCENARIO,PUBLISHED,MEDIUM,dsa.core.dynamic-programming.transition,0/1 knapsack transition에서 선택 branch가 `dp[i][w-weight[i]]`를 참조하도록 만들었다. 어떤 constraint 위반이 생길 수 있는가?,MODEL_ANSWER_SUFFICIENT,하나의 중심 판단으로 수렴해 모델답변·설명으로 직접 대조 가능: “같은 i row의 이미 계산된 state를 다시 이용하면서 current item을 여러 번 선택할 수 있어 0/1 제약을 깨뜨릴 수 있다. 이전 item 단계인 i-1 state를 참조해야 한다.”,YES_CONTEXT_USED,NO_CONTENT_CHANGE,110,161,0.318
dsa,dsa.core.dynamic-programming.transition.q4,SCENARIO,PUBLISHED,MEDIUM,dsa.core.dynamic-programming.transition,최소 비용 DP에서 unreachable predecessor를 비용 0으로 transition 후보에 포함했다. 결과가 왜 오염되는지 설명하라.,MODEL_ANSWER_SUFFICIENT,하나의 중심 판단으로 수렴해 모델답변·설명으로 직접 대조 가능: “실제로 도달 불가능한 branch가 가장 싼 정상 경로처럼 min에 선택될 수 있다. Impossible state를 INF/별도 sentinel로 표현하고 valid predecessor만 transition 후보에 포함해야 한다.”,YES_CONTEXT_USED,NO_CONTENT_CHANGE,130,82,0.800
dsa,dsa.core.dynamic-programming.initialization-order.q2,DESCRIPTIVE,PUBLISHED,MEDIUM,dsa.core.dynamic-programming.initialization-order,"Coin [3]만 있을 때 금액 0,1,2,3의 최소 동전 수 초기/결과 상태를 `0, INF, INF, 1`처럼 두는 이유를 설명하라.",MODEL_ANSWER_SUFFICIENT,하나의 중심 판단으로 수렴해 모델답변·설명으로 직접 대조 가능: “금액 0은 아무 동전도 쓰지 않아 비용 0으로 reachable하지만 1과 2는 만들 수 없다. 이를 0으로 두면 무료 경로로 오인되므로 impossible sentinel이 필요하고 3만 동전 하나로 reachable하다.”,NOT_APPLICABLE,NO_CONTENT_CHANGE,125,71,0.748
dsa,dsa.core.dynamic-programming.initialization-order.q3,SCENARIO,PUBLISHED,MEDIUM,dsa.core.dynamic-programming.initialization-order,0/1 knapsack을 1차원 dp로 줄인 뒤 capacity를 작은 값에서 큰 값으로 순회했더니 item 하나가 여러 번 사용됐다. 계산 순서가 왜 원인인지 설명하라.,MODEL_ANSWER_SUFFICIENT,하나의 중심 판단으로 수렴해 모델답변·설명으로 직접 대조 가능: “정순으로 진행하면 이번 item으로 방금 갱신한 작은 capacity 값을 큰 capacity transition에서 다시 읽을 수 있다. 같은 item을 재사용하지 않으려면 capacity를 큰 값에서 작은 값으로 순회한다.”,YES_CONTEXT_USED,NO_CONTENT_CHANGE,126,48,0.555
dsa,dsa.core.dynamic-programming.space-optimization.q2,DESCRIPTIVE,PUBLISHED,MEDIUM,dsa.core.dynamic-programming.space-optimization,2차원 knapsack table이 현재 row 계산 시 이전 row만 참조한다면 공간을 어떻게 줄일 수 있는가?,MODEL_ANSWER_SUFFICIENT,하나의 중심 판단으로 수렴해 모델답변·설명으로 직접 대조 가능: “전체 N×W table 대신 previous와 current 두 row만 유지해 O(W) 공간으로 줄일 수 있다. 더 줄여 한 배열을 쓰려면 overwrite 순서가 transition 의미를 보존하는지 확인해야 한다.”,NOT_APPLICABLE,NO_CONTENT_CHANGE,122,58,0.667
dsa,dsa.core.dynamic-programming.space-optimization.q3,SCENARIO,PUBLISHED,MEDIUM,dsa.core.dynamic-programming.space-optimization,최대 value만 필요할 때는 rolling array가 충분했지만 이후 선택한 item 목록도 반환해야 한다. 기존 space optimization을 그대로 유지할 수 없는 이유를 설명하라.,MODEL_ANSWER_SUFFICIENT,하나의 중심 판단으로 수렴해 모델답변·설명으로 직접 대조 가능: “rolling array는 과거 row와 decision 정보를 덮어써 어떤 선택으로 최적값에 도달했는지 역추적할 정보가 사라질 수 있다. Predecessor/decision metadata를 별도로 저장하거나 full/부분 table을 보존해야 한다.”,YES_CONTEXT_USED,NO_CONTENT_CHANGE,142,64,0.639
dsa,dsa.core.dynamic-programming.representative-dp-patterns.q2,DESCRIPTIVE,PUBLISHED,MEDIUM,dsa.core.dynamic-programming.representative-dp-patterns,"같은 grid 문제에 `이전 이동 방향과 같은 방향이면 할인` 규칙이 추가됐다. 단순 `(r,c)` state가 부족할 수 있는 이유를 설명하라.",MODEL_ANSWER_SUFFICIENT,하나의 중심 판단으로 수렴해 모델답변·설명으로 직접 대조 가능: “같은 좌표에 도착해도 이전 이동 방향에 따라 다음 move 비용이 달라져 future decision이 같지 않다. Direction을 state에 추가해야 서로 다른 subproblem을 구분할 수 있다.”,NOT_APPLICABLE,NO_CONTENT_CHANGE,115,50,0.626
dsa,dsa.core.dynamic-programming.representative-dp-patterns.q3,SCENARIO,PUBLISHED,HARD,dsa.core.dynamic-programming.representative-dp-patterns,어떤 문제를 knapsack pattern으로 모델링했더니 state가 `N×10^12`개가 된다. Recurrence가 논리적으로 맞더라도 그대로 구현하면 안 되는 이유와 다음 판단을 설명하라.,MODEL_ANSWER_SUFFICIENT,"하나의 중심 판단으로 수렴해 모델답변·설명으로 직접 대조 가능: “state space가 실제 memory/time limit을 압도해 실행 불가능할 수 있다. Constraint를 보고 sparse state, 다른 formulation, approximation, greedy 가능성 등 후보를 다시 검토해야 한다.”",YES_CONTEXT_USED,NO_CONTENT_CHANGE,141,88,0.776
dsa,dsa.core.dynamic-programming.representative-dp-patterns.q4,DESCRIPTIVE,PUBLISHED,HARD,dsa.core.dynamic-programming.representative-dp-patterns,새 DP를 설계한 뒤 작은 입력에서 brute-force answer와 비교하는 것이 유용한 이유를 설명하라.,MODEL_ANSWER_SUFFICIENT,"하나의 중심 판단으로 수렴해 모델답변·설명으로 직접 대조 가능: “작은 입력은 완전 탐색으로 신뢰할 수 있는 기준 답을 만들 수 있어 state 누락, transition branch 누락, base/order 오류를 counterexample로 빠르게 발견할 수 있다. 이후 space optimization 전후 결과 비교에도 기준이 된다.”",NOT_APPLICABLE,NO_CONTENT_CHANGE,155,166,0.514
dsa,dsa.core.graph.graph-model.q2,DESCRIPTIVE,PUBLISHED,MEDIUM,dsa.core.graph.graph-model,"도로 graph에서 vertex, edge, weight를 각각 무엇으로 모델링할 수 있는지 한 예를 설명하라.",MODEL_ANSWER_SUFFICIENT,"하나의 중심 판단으로 수렴해 모델답변·설명으로 직접 대조 가능: “도시나 교차로를 vertex, 두 지점을 잇는 도로를 edge, 거리·예상 시간·통행료 같은 비용을 weight로 둘 수 있다. 어떤 weight를 선택하느냐에 따라 최단 경로의 의미가 달라진다.”",NOT_APPLICABLE,NO_CONTENT_CHANGE,109,142,0.383
dsa,dsa.core.graph.graph-model.q3,SCENARIO,PUBLISHED,HARD,dsa.core.graph.graph-model,"서비스 dependency를 어떤 팀은 `consumer -> dependency`, 다른 팀은 `dependency -> consumer`로 저장했다. 동일한 topological sort 코드를 적용했을 때 잘못된 배포 순서가 나오는 이유와 수정 원칙을 설명하라.",MODEL_ANSWER_SUFFICIENT,하나의 중심 판단으로 수렴해 모델답변·설명으로 직접 대조 가능: “edge 방향의 domain 의미가 서로 달라 동일한 ordering 결과를 같은 뜻으로 해석할 수 없다. graph schema에서 u->v의 의미를 하나로 고정하고 기존 edge를 그 계약에 맞춰 정규화한 뒤 알고리즘을 적용해야 한다.”,YES_CONTEXT_USED,NO_CONTENT_CHANGE,133,73,0.710
dsa,dsa.core.graph.adjacency-list-matrix.q2,DESCRIPTIVE,PUBLISHED,MEDIUM,dsa.core.graph.adjacency-list-matrix,adjacency list와 matrix에서 `u`의 모든 neighbor를 순회하는 비용이 어떻게 다른지 설명하라.,MODEL_ANSWER_SUFFICIENT,"하나의 중심 판단으로 수렴해 모델답변·설명으로 직접 대조 가능: “list는 저장된 실제 neighbor만 보므로 대략 degree(u)에 비례한다. matrix는 row u의 V개 칸을 확인해야 하므로 O(V)이다. 반대로 matrix는 특정 edge(u,v) 존재 확인을 O(1)에 할 수 있다.”",NOT_APPLICABLE,NO_CONTENT_CHANGE,130,83,0.760
dsa,dsa.core.graph.adjacency-list-matrix.q3,SCENARIO,PUBLISHED,HARD,dsa.core.graph.adjacency-list-matrix,"vertex 수가 200으로 작고 graph가 매우 dense하며 한 요청에서 `edge(u,v)가 존재하는가?`를 수백만 번 조회한다. representation을 선택할 때 무엇을 비교해야 하는가?",STRUCTURED_CRITERIA_USEFUL,edge existence lookup 빈도에 따른 matrix 접근 이점 | O(V²) matrix memory 비용 | neighbor traversal·dynamic vertex 요구와 대안,YES_CONTEXT_USED,NO_CONTENT_CHANGE,165,89,0.725
dsa,dsa.core.graph.bfs.q2,DESCRIPTIVE,PUBLISHED,MEDIUM,dsa.core.graph.bfs,"A의 이웃이 B,C이고 B와 C 모두 D를 가리킨다. visited를 dequeue 시점에만 표시하면 D가 queue에 두 번 들어갈 수 있는 이유를 설명하라.",MODEL_ANSWER_SUFFICIENT,하나의 중심 판단으로 수렴해 모델답변·설명으로 직접 대조 가능: “B가 D를 enqueue한 뒤에도 D는 아직 dequeue되지 않아 unvisited로 남아 있다. 이어 C를 처리하면 C도 D를 unvisited로 보고 다시 enqueue한다. 발견/enqueue 시점에 visited를 표시하면 중복 enqueue를 막는다.”,NOT_APPLICABLE,NO_CONTENT_CHANGE,146,90,0.766
dsa,dsa.core.graph.bfs.q4,SCENARIO,PUBLISHED,MEDIUM,dsa.core.graph.bfs,"A→B 비용 100, A→C 비용 1, C→B 비용 1인 weighted graph에서 edge 수 기준 BFS가 B를 한 edge 거리로 먼저 찾는다. 이것이 최소 비용 경로가 아닌 이유와 필요한 알고리즘 조건을 설명하라.",MODEL_ANSWER_SUFFICIENT,하나의 중심 판단으로 수렴해 모델답변·설명으로 직접 대조 가능: “BFS는 모든 edge 비용을 동일하게 보고 edge 수가 가장 작은 path를 찾는다. A→B 비용은 100이지만 A→C→B는 비용 2라 더 싸다. non-negative weighted shortest path라면 Dijkstra 같은 weight-aware 알고리즘이 필요하다.”,YES_CONTEXT_USED,NO_CONTENT_CHANGE,158,108,0.821
dsa,dsa.core.graph.dfs.q2,DESCRIPTIVE,PUBLISHED,MEDIUM,dsa.core.graph.dfs,"directed DFS에서 `UNVISITED`, `IN_PROGRESS`, `FINISHED`를 나누는 이유를 설명하라.",MODEL_ANSWER_SUFFICIENT,하나의 중심 판단으로 수렴해 모델답변·설명으로 직접 대조 가능: “단순 visited는 현재 DFS path 안의 vertex와 이미 모든 descendant 처리를 끝낸 vertex를 구분하지 못한다. IN_PROGRESS ancestor로 돌아가는 edge는 cycle이지만 FINISHED vertex로 향하는 edge는 cycle이 아닐 수 있다.”,NOT_APPLICABLE,NO_CONTENT_CHANGE,161,84,0.697
dsa,dsa.core.graph.dfs.q3,SCENARIO,PUBLISHED,MEDIUM,dsa.core.graph.dfs,"1→2→3→...→1,000,000 형태의 directed chain을 recursive DFS로 처리한다. O(V+E) 시간 복잡도만 보고 안전하다고 할 수 없는 이유와 대응을 설명하라.",MODEL_ANSWER_SUFFICIENT,하나의 중심 판단으로 수렴해 모델답변·설명으로 직접 대조 가능: “시간 복잡도와 별개로 recursion depth가 V에 비례해 call stack을 고갈시킬 수 있다. 입력 depth를 제한하거나 explicit stack 기반 iterative DFS를 사용해야 한다.”,YES_CONTEXT_USED,NO_CONTENT_CHANGE,116,57,0.671
dsa,dsa.core.graph.connected-components.q3,SCENARIO,PUBLISHED,MEDIUM,dsa.core.graph.connected-components,정적 graph에서 각 vertex에 component id를 미리 기록하면 반복 connectivity query를 빠르게 처리할 수 있다. 그런데 edge를 동적으로 삭제한 뒤 기존 id를 그대로 사용하면 왜 잘못될 수 있는가?,MODEL_ANSWER_SUFFICIENT,하나의 중심 판단으로 수렴해 모델답변·설명으로 직접 대조 가능: “삭제된 edge가 component를 둘 이상으로 분리할 수 있지만 기존 id는 여전히 같은 집합이라고 표시한다. 정적 전처리 결과와 dynamic connectivity 상태를 구분하고 변경 후 재계산 또는 적절한 동적 자료구조가 필요하다.”,YES_CONTEXT_USED,NO_CONTENT_CHANGE,135,71,0.696
dsa,dsa.core.graph.cycle-detection.q2,DESCRIPTIVE,PUBLISHED,MEDIUM,dsa.core.graph.cycle-detection,"directed graph A→B, A→C, B→D, C→D에서 DFS 중 C가 이미 FINISHED인 D를 가리킨다고 하자. D가 visited라는 이유만으로 cycle이라 판단하면 안 되는 이유를 설명하라.",MODEL_ANSWER_SUFFICIENT,하나의 중심 판단으로 수렴해 모델답변·설명으로 직접 대조 가능: “D는 현재 C의 recursion path 안에 있는 ancestor가 아니라 이미 처리가 끝난 vertex다. Cycle 증거는 IN_PROGRESS ancestor로 되돌아가는 back edge이며 FINISHED vertex로의 edge는 DAG에서도 나타날 수 있다.”,NOT_APPLICABLE,NO_CONTENT_CHANGE,153,90,0.754
dsa,dsa.core.graph.cycle-detection.q4,SCENARIO,PUBLISHED,HARD,dsa.core.graph.cycle-detection,prerequisite import에서 cycle이 발견되자 importer가 임의로 마지막 edge 하나를 삭제하고 Apply했다. 왜 이 처리가 검증 관점에서 위험한지 설명하라.,MODEL_ANSWER_SUFFICIENT,하나의 중심 판단으로 수렴해 모델답변·설명으로 직접 대조 가능: “어떤 prerequisite를 제거할지는 authoring/domain decision이지 validator가 추측할 수 없다. 임의 보정은 canonical 의미를 바꾼다. cycle 경로와 관련 key를 오류로 보고하고 Apply를 차단해야 한다.”,YES_CONTEXT_USED,NO_CONTENT_CHANGE,140,68,0.635
dsa,dsa.core.graph.topological-sort.q2,DESCRIPTIVE,PUBLISHED,MEDIUM,dsa.core.graph.topological-sort,"A→C, B→C, C→D에서 초기 indegree가 0인 vertex와 C가 queue에 들어가는 시점을 설명하라.",MODEL_ANSWER_SUFFICIENT,하나의 중심 판단으로 수렴해 모델답변·설명으로 직접 대조 가능: “초기 indegree 0은 A와 B다. 둘이 모두 처리되어 A→C와 B→C edge가 제거된 효과가 난 뒤 C의 indegree가 0이 되어 queue에 들어간다. 이후 C가 처리되면 D가 가능해진다.”,NOT_APPLICABLE,NO_CONTENT_CHANGE,112,178,0.338
dsa,dsa.core.graph.topological-sort.q4,SCENARIO,PUBLISHED,MEDIUM,dsa.core.graph.topological-sort,동일 DAG에 indegree 0 vertex가 여러 개라 실행마다 topological order가 달라진다. 모든 결과가 dependency상 올바른데 API snapshot test가 흔들린다. correctness와 determinism을 분리해 해결하라.,MODEL_ANSWER_SUFFICIENT,하나의 중심 판단으로 수렴해 모델답변·설명으로 직접 대조 가능: “여러 topological order는 모두 correctness를 만족할 수 있다. 재현성이 별도 요구라면 indegree 0 후보를 stable key/displayOrder 기준 priority queue 등으로 tie-break한다. Tie-break는 dependency correctness가 아니라 deterministic…”,YES_CONTEXT_USED,explanationMarkdown,200,153,0.267
dsa,dsa.core.graph-path.unweighted-shortest-path.q3,SCENARIO,PUBLISHED,MEDIUM,dsa.core.graph-path.unweighted-shortest-path,BFS에서 target을 처음 발견할 때 parent를 기록하지 않고 distance만 저장했다. 이후 실제 shortest path sequence가 필요한 요구가 생겼다. 어떤 상태가 부족한지 설명하라.,MODEL_ANSWER_SUFFICIENT,하나의 중심 판단으로 수렴해 모델답변·설명으로 직접 대조 가능: “distance는 최소 edge 수만 알려주므로 실제 predecessor sequence를 복원할 수 없다. 각 vertex를 처음 발견할 때 parent/predecessor를 함께 기록해야 target에서 source까지 역추적할 수 있다.”,YES_CONTEXT_USED,NO_CONTENT_CHANGE,137,75,0.709
dsa,dsa.core.graph-path.dijkstra.q3,SCENARIO,PUBLISHED,MEDIUM,dsa.core.graph-path.dijkstra,"priority queue에 `(B,4)`가 들어간 뒤 relaxation으로 `dist[B]=3`이 되어 `(B,3)`도 들어갔다. 이후 `(B,4)`가 pop되었을 때 어떻게 처리해야 하는가?",MODEL_ANSWER_SUFFICIENT,하나의 중심 판단으로 수렴해 모델답변·설명으로 직접 대조 가능: “queue entry의 distance 4가 현재 dist[B]=3과 다르므로 stale entry다. 해당 entry를 건너뛰어 불필요한 relaxation을 막는다.”,YES_CONTEXT_USED,NO_CONTENT_CHANGE,94,204,0.437
dsa,dsa.core.graph-path.dijkstra.q4,SCENARIO,PUBLISHED,MEDIUM,dsa.core.graph-path.dijkstra,"A→B=2, A→C=5, C→B=-10에서 Dijkstra가 B=2를 먼저 확정하면 왜 틀리는지 실제 path cost를 계산해 설명하라.",MODEL_ANSWER_SUFFICIENT,하나의 중심 판단으로 수렴해 모델답변·설명으로 직접 대조 가능: “A→B 직접 비용은 2지만 A→C→B 비용은 5-10=-5다. Negative edge 때문에 나중 path가 이미 확정한 distance를 더 줄일 수 있어 Dijkstra의 확정 invariant가 깨진다.”,YES_CONTEXT_USED,explanationMarkdown,117,132,0.292
dsa,dsa.core.graph-path.bellman-ford.q4,SCENARIO,PUBLISHED,MEDIUM,dsa.core.graph-path.bellman-ford,graph의 다른 disconnected component에 negative cycle이 있지만 source에서는 그 component로 갈 수 없다. single-source Bellman-Ford 결과를 무조건 실패로 처리하면 안 되는 이유를 설명하라.,MODEL_ANSWER_SUFFICIENT,하나의 중심 판단으로 수렴해 모델답변·설명으로 직접 대조 가능: “source에서 도달할 수 없는 cycle은 해당 source의 shortest path에 영향을 주지 않는다. Relaxation은 finite dist를 가진 reachable vertex에서 시작되는 edge를 기준으로 판단해야 한다.”,YES_CONTEXT_USED,NO_CONTENT_CHANGE,134,71,0.706
dsa,dsa.core.graph-path.floyd-warshall.q3,SCENARIO,PUBLISHED,MEDIUM,dsa.core.graph-path.floyd-warshall,Floyd-Warshall 종료 후 `dist[v][v] < 0`인 vertex가 발견되었다. 이것이 의미하는 바와 distance 해석 시 주의점을 설명하라.,MODEL_ANSWER_SUFFICIENT,하나의 중심 판단으로 수렴해 모델답변·설명으로 직접 대조 가능: “v에서 출발해 다시 v로 돌아오는 negative cycle이 존재한다는 신호다. 해당 cycle에 도달하고 다시 target으로 갈 수 있는 pair는 finite shortest distance가 정의되지 않을 수 있으므로 단순 matrix 값만 정상 거리로 반환하면 안 된다.”,YES_CONTEXT_USED,NO_CONTENT_CHANGE,157,111,0.829
dsa,dsa.core.graph-path.union-find.q3,DESCRIPTIVE,PUBLISHED,MEDIUM,dsa.core.graph-path.union-find,"undirected graph에서 새 edge (u,v)를 추가하려는데 이미 `find(u)==find(v)`다. Kruskal에서는 이 edge를 왜 건너뛰는가?",MODEL_ANSWER_SUFFICIENT,하나의 중심 판단으로 수렴해 모델답변·설명으로 직접 대조 가능: “u와 v는 선택된 edge들로 이미 같은 component에 연결되어 있어 path가 존재한다. 새 edge를 추가하면 cycle이 생기므로 spanning tree 조건을 깨뜨린다.”,NOT_APPLICABLE,NO_CONTENT_CHANGE,102,48,0.650
dsa,dsa.core.graph-path.union-find.q4,SCENARIO,PUBLISHED,MEDIUM,dsa.core.graph-path.union-find,Union-Find에서 A와 D가 같은 component라는 것은 알지만 실제 A→...→D path를 출력해야 한다. parent forest만으로 원본 graph path를 복원하면 안 되는 이유를 설명하라.,MODEL_ANSWER_SUFFICIENT,하나의 중심 판단으로 수렴해 모델답변·설명으로 직접 대조 가능: “Union-Find parent는 원본 edge path가 아니라 set representative를 찾기 위한 내부 forest이며 path compression으로 계속 바뀐다. 실제 path가 필요하면 original graph edge와 별도 predecessor/search 상태가 필요하다.”,YES_CONTEXT_USED,NO_CONTENT_CHANGE,168,66,0.567
dsa,dsa.core.graph-path.path-compression-union-rank.q3,SCENARIO,PUBLISHED,MEDIUM,dsa.core.graph-path.path-compression-union-rank,path compression 이후 rank 값이 실제 현재 tree 높이와 정확히 같다고 가정하면 안 되는 이유를 설명하라.,MODEL_ANSWER_SUFFICIENT,하나의 중심 판단으로 수렴해 모델답변·설명으로 직접 대조 가능: “compression은 parent를 root 쪽으로 직접 연결해 실제 높이를 낮출 수 있지만 기존 rank metadata를 그때마다 실제 높이로 다시 계산하지 않는다. Rank는 union 방향을 정하기 위한 상한/heuristic metadata로 이해해야 한다.”,YES_CONTEXT_USED,NO_CONTENT_CHANGE,150,54,0.540
dsa,dsa.core.graph-path.minimum-spanning-tree.q3,SCENARIO,PUBLISHED,HARD,dsa.core.graph-path.minimum-spanning-tree,모든 지점을 최소 cable 비용으로 연결한 MST를 production network topology로 그대로 사용했더니 edge 하나 장애에 component가 분리됐다. MST가 이 요구를 보장하지 않는 이유를 설명하라.,MODEL_ANSWER_SUFFICIENT,하나의 중심 판단으로 수렴해 모델답변·설명으로 직접 대조 가능: “MST는 cycle이 없는 최소 총비용 tree라 redundancy를 의도적으로 제거한다. 장애 우회나 multiple path는 objective에 포함되지 않으므로 resilience가 필요하면 추가 edge와 capacity/가용성 제약을 별도로 설계해야 한다.”,YES_CONTEXT_USED,NO_CONTENT_CHANGE,150,98,0.794
dsa,dsa.core.graph-path.minimum-spanning-tree.q4,SCENARIO,PUBLISHED,HARD,dsa.core.graph-path.minimum-spanning-tree,같은 weight edge가 많아 실행마다 다른 edge 집합의 MST가 나오지만 total weight는 동일하다. 이것이 반드시 오류가 아닌 이유와 deterministic 결과가 필요할 때의 해결을 설명하라.,STRUCTURED_CRITERIA_USEFUL,같은 minimum total weight를 만드는 비유일 edge set | stable edge-key tie-break for repeatability | MST optimality와 deterministic output 구분,YES_CONTEXT_USED,NO_CONTENT_CHANGE,147,83,0.745
dsa,dsa.core.graph-path.kruskal.q3,SCENARIO,PUBLISHED,MEDIUM,dsa.core.graph-path.kruskal,Kruskal이 모든 edge를 처리했는데 선택 edge 수가 V-1보다 작다. 입력 graph 상태와 결과를 어떻게 해석해야 하는가?,MODEL_ANSWER_SUFFICIENT,"하나의 중심 판단으로 수렴해 모델답변·설명으로 직접 대조 가능: “graph가 disconnected라 하나의 spanning tree를 만들 수 없다는 뜻이다. 입력이 connected를 요구하면 오류이고, 허용한다면 component별 minimum spanning forest 결과로 해석한다.”",YES_CONTEXT_USED,NO_CONTENT_CHANGE,130,76,0.744
dsa,dsa.core.graph-path.prim.q3,SCENARIO,PUBLISHED,MEDIUM,dsa.core.graph-path.prim,priority queue에서 pop한 edge의 양 endpoint가 이미 현재 Prim tree에 들어 있다. 이 edge를 선택하면 안 되는 이유를 설명하라.,MODEL_ANSWER_SUFFICIENT,하나의 중심 판단으로 수렴해 모델답변·설명으로 직접 대조 가능: “새 vertex를 tree에 추가하지 않고 기존 tree 내부에 cycle만 만들 수 있는 stale frontier edge다. 건너뛰고 현재 cut을 가로지르는 edge만 선택해야 한다.”,YES_CONTEXT_USED,NO_CONTENT_CHANGE,106,165,0.425
dsa,dsa.core.greedy.greedy-choice.q2,DESCRIPTIVE,PUBLISHED,MEDIUM,dsa.core.greedy.greedy-choice,greedy choice가 안전한지 검토할 때 `feasibility`와 `objective`를 각각 어떻게 확인해야 하는가?,STRUCTURED_CRITERIA_USEFUL,greedy choice 뒤 모든 constraints를 지키는 feasibility | 기존 optimal solution보다 objective가 악화되지 않는 안전성,NOT_APPLICABLE,NO_CONTENT_CHANGE,142,148,0.378
dsa,dsa.core.greedy.greedy-choice.q3,SCENARIO,PUBLISHED,HARD,dsa.core.greedy.greedy-choice,작업 scheduler에서 `duration이 가장 짧은 작업부터`라는 rule이 평균 대기시간에는 좋아 보이지만 deadline과 priority constraint가 추가되었다. 그대로 optimal이라고 주장하면 안 되는 이유를 설명하라.,MODEL_ANSWER_SUFFICIENT,하나의 중심 판단으로 수렴해 모델답변·설명으로 직접 대조 가능: “objective와 constraints가 바뀌면 기존 greedy-choice property가 유지된다는 보장이 없다. 짧은 작업을 먼저 선택해 deadline이나 priority requirement를 위반하는 반례가 존재할 수 있으므로 새 계약에 맞는 proof나 heuristic 명시가 필요하다.”,YES_CONTEXT_USED,NO_CONTENT_CHANGE,171,102,0.741
dsa,dsa.core.greedy.global-optimum-proof.q2,DESCRIPTIVE,PUBLISHED,MEDIUM,dsa.core.greedy.global-optimum-proof,greedy correctness proof에서 첫 선택의 안전성과 optimal substructure가 각각 맡는 역할을 설명하라.,STRUCTURED_CRITERIA_USEFUL,greedy 첫 선택을 포함하는 optimum의 존재 | 선택 후 남은 problem의 optimal substructure | 두 proof obligation의 결합,NOT_APPLICABLE,NO_CONTENT_CHANGE,160,209,0.321
dsa,dsa.core.greedy.global-optimum-proof.q3,SCENARIO,PUBLISHED,HARD,dsa.core.greedy.global-optimum-proof,동률 후보가 여러 개인 greedy algorithm에서 어떤 tie를 골라도 최적인지 증명하지 않았지만 구현은 random tie를 사용한다. 어떤 종류의 correctness 위험이 있는가?,MODEL_ANSWER_SUFFICIENT,하나의 중심 판단으로 수렴해 모델답변·설명으로 직접 대조 가능: “일부 tie choice가 이후 feasible set이나 objective를 악화시킬 수 있다면 실행마다 optimality가 달라질 수 있다. 모든 tie가 safe한지 증명하거나 safe한 tie-breaker만 명시적으로 사용해야 한다.”,YES_CONTEXT_USED,NO_CONTENT_CHANGE,136,54,0.571
dsa,dsa.core.greedy.exchange-argument.q2,DESCRIPTIVE,PUBLISHED,MEDIUM,dsa.core.greedy.exchange-argument,interval scheduling에서 optimal schedule의 첫 interval `o`를 earliest-finish interval `g`로 교환해도 이후 interval이 계속 들어갈 수 있는 이유를 설명하라.,MODEL_ANSWER_SUFFICIENT,하나의 중심 판단으로 수렴해 모델답변·설명으로 직접 대조 가능: “greedy 정의상 finish(g) ≤ finish(o)다. 기존 schedule에서 o 뒤에 배치되던 interval들은 o가 끝난 이후 시작하므로 더 늦게 끝나지 않는 g 뒤에도 여전히 compatible하다. 따라서 feasibility와 선택 개수가 보존된다.”,NOT_APPLICABLE,explanationMarkdown,150,167,0.441
dsa,dsa.core.greedy.exchange-argument.q3,SCENARIO,PUBLISHED,MEDIUM,dsa.core.greedy.exchange-argument,교환 후 objective value는 같지만 하나의 dependency constraint가 깨졌다. 이 exchange argument가 optimality proof가 될 수 없는 이유를 설명하라.,MODEL_ANSWER_SUFFICIENT,하나의 중심 판단으로 수렴해 모델답변·설명으로 직접 대조 가능: “교환된 solution이 feasible하지 않으므로 optimal solution 후보가 아니다. Exchange proof는 objective가 나빠지지 않는 것뿐 아니라 모든 constraint가 유지되는 것도 반드시 보여야 한다.”,YES_CONTEXT_USED,NO_CONTENT_CHANGE,132,76,0.725
dsa,dsa.core.greedy.exchange-argument.q4,SCENARIO,PUBLISHED,HARD,dsa.core.greedy.exchange-argument,weighted interval scheduling에 unweighted interval scheduling의 earliest-finish exchange argument를 그대로 적용할 수 없는 이유를 objective 관점에서 설명하라.,MODEL_ANSWER_SUFFICIENT,하나의 중심 판단으로 수렴해 모델답변·설명으로 직접 대조 가능: “목표가 interval 개수가 아니라 value 합이므로 earliest-finish interval로 교환했을 때 total value가 유지된다는 보장이 없다. 기존 proof의 objective-preservation 단계가 깨지며 일반적으로 DP 같은 다른 접근이 필요하다.”,YES_CONTEXT_USED,NO_CONTENT_CHANGE,157,65,0.586
dsa,dsa.core.greedy.interval-scheduling.q3,SCENARIO,PUBLISHED,MEDIUM,dsa.core.greedy.interval-scheduling,"interval A=[1,10], B=[2,3], C=[3,4], D=[4,5]가 있다. `가장 빨리 시작하는 interval` greedy와 earliest-finish greedy의 결과를 비교해 반례를 설명하라.",MODEL_ANSWER_SUFFICIENT,"하나의 중심 판단으로 수렴해 모델답변·설명으로 직접 대조 가능: “가장 빨리 시작하는 rule은 A를 골라 1개만 선택한다. Earliest-finish는 B,C,D를 차례로 골라 3개를 선택할 수 있다. 따라서 earliest-start rule은 최대 개수 objective의 optimality를 보장하지 않는다.”",YES_CONTEXT_USED,explanationMarkdown,141,151,0.420
dsa,dsa.core.greedy.interval-scheduling.q4,SCENARIO,PUBLISHED,HARD,dsa.core.greedy.interval-scheduling,모든 interval을 반드시 처리해야 하고 동시에 필요한 회의실 수를 최소화하려는 문제에 같은 earliest-finish interval scheduling을 적용하면 안 되는 이유를 설명하라.,MODEL_ANSWER_SUFFICIENT,하나의 중심 판단으로 수렴해 모델답변·설명으로 직접 대조 가능: “목표가 일부 interval의 최대 선택 개수가 아니라 전체 interval을 수용하기 위한 resource 수 최소화로 바뀌었다. 이는 interval partitioning 문제이며 active interval과 available room을 관리하는 다른 greedy 구조가 필요하다.”,YES_CONTEXT_USED,NO_CONTENT_CHANGE,161,87,0.718
dsa,dsa.core.greedy.greedy-failure.q3,DESCRIPTIVE,PUBLISHED,MEDIUM,dsa.core.greedy.greedy-failure,fractional knapsack에서는 value/weight greedy가 가능하지만 0/1 knapsack에서는 실패할 수 있는 핵심 constraint 차이를 설명하라.,MODEL_ANSWER_SUFFICIENT,하나의 중심 판단으로 수렴해 모델답변·설명으로 직접 대조 가능: “fractional 문제는 물건 일부를 선택할 수 있어 높은 비율부터 capacity를 연속적으로 채울 수 있다. 0/1 문제는 물건을 통째로 선택해야 해 한 선택이 남은 capacity를 잠그고 더 좋은 조합을 배제할 수 있다.”,NOT_APPLICABLE,NO_CONTENT_CHANGE,128,64,0.652
dsa,dsa.core.greedy.greedy-failure.q4,SCENARIO,PUBLISHED,HARD,dsa.core.greedy.greedy-failure,추천 heuristic이 production 데이터에서 평균 품질은 좋지만 optimality proof가 없고 특정 입력에서 낮은 품질을 낸다. 알고리즘 설명과 운영 검증을 어떻게 표현해야 하는가?,MODEL_ANSWER_SUFFICIENT,"하나의 중심 판단으로 수렴해 모델답변·설명으로 직접 대조 가능: “optimal algorithm이라고 부르지 않고 heuristic 또는 approximation 성격을 명시해야 한다. 품질 metric, known counterexample, worst-case/percentile 결과를 측정하고 requirement가 바뀔 때 다시 평가한다.”",YES_CONTEXT_USED,NO_CONTENT_CHANGE,158,90,0.722
dsa,dsa.core.hashing.hash-function.q2,DESCRIPTIVE,PUBLISHED,MEDIUM,dsa.core.hashing.hash-function,"두 key가 equality 기준으로 같다면 hash 기반 collection에서 어떤 관계가 필요하고, 반대로 hash가 같다고 해서 무엇까지 보장되지는 않는지 설명하라.",MODEL_ANSWER_SUFFICIENT,하나의 중심 판단으로 수렴해 모델답변·설명으로 직접 대조 가능: “같다고 판단되는 두 key는 동일한 lookup 경로에 들어갈 수 있도록 같은 hash 결과를 가져야 한다. 그러나 서로 다른 key도 collision 때문에 같은 hash를 가질 수 있으므로 same hash가 equality를 의미하지는 않는다. 최종적으로 실제 key equality를 확인해야 한다.”,NOT_APPLICABLE,NO_CONTENT_CHANGE,172,111,0.796
dsa,dsa.core.hashing.hash-function.q3,SCENARIO,PUBLISHED,MEDIUM,dsa.core.hashing.hash-function,객체의 `email` 필드가 hash/equality에 참여하고 그 객체를 hash table key로 넣은 뒤 email을 변경했다. 이후 새 email 값으로 lookup했을 때 table 안에 객체가 있어도 찾지 못할 수 있는 이유를 설명하라.,MODEL_ANSWER_SUFFICIENT,하나의 중심 판단으로 수렴해 모델답변·설명으로 직접 대조 가능: “entry는 저장 당시 email로 계산한 hash와 bucket/probe path에 배치되어 있다. key를 mutate한 뒤 lookup은 새 email의 hash로 다른 후보 위치에서 시작할 수 있어 기존 entry에 도달하지 못한다. hash/equality에 참여하는 key state는 table에 저장된 동안 안정적으로…”,YES_CONTEXT_USED,NO_CONTENT_CHANGE,195,137,0.824
dsa,dsa.core.hashing.bucket-mapping.q2,DESCRIPTIVE,PUBLISHED,MEDIUM,dsa.core.hashing.bucket-mapping,capacity가 8에서 16으로 바뀌면 동일한 hash value의 bucket index가 달라질 수 있는 이유를 설명하라.,MODEL_ANSWER_SUFFICIENT,하나의 중심 판단으로 수렴해 모델답변·설명으로 직접 대조 가능: “bucket index는 hash value뿐 아니라 현재 capacity를 사용해 계산한다. 예를 들어 h mod 8과 h mod 16은 다른 결과를 낼 수 있으므로 capacity 변경 후 기존 entry를 새 mapping 규칙에 맞게 다시 배치해야 한다.”,NOT_APPLICABLE,NO_CONTENT_CHANGE,146,93,0.760
dsa,dsa.core.hashing.bucket-mapping.q3,SCENARIO,PUBLISHED,MEDIUM,dsa.core.hashing.bucket-mapping,capacity가 16인 table이 하위 4bit만 mask로 사용한다. 입력 hash들이 모두 하위 4bit가 `0011`로 같고 상위 bit만 다양하다면 어떤 분포 문제가 생기며 원인이 무엇인지 설명하라.,MODEL_ANSWER_SUFFICIENT,하나의 중심 판단으로 수렴해 모델답변·설명으로 직접 대조 가능: “모든 key가 동일한 index 3으로 mapping되어 collision이 한 bucket/cluster에 집중된다. power-of-two mask 자체보다 index 계산에 쓰이는 hash bit의 분포가 입력 패턴을 충분히 섞지 못하는 것이 문제다.”,YES_CONTEXT_USED,NO_CONTENT_CHANGE,143,76,0.678
dsa,dsa.core.hashing.collision.q2,DESCRIPTIVE,PUBLISHED,MEDIUM,dsa.core.hashing.collision,`same hash`와 `same key`가 다른 명제인 이유를 설명하라.,MODEL_ANSWER_SUFFICIENT,하나의 중심 판단으로 수렴해 모델답변·설명으로 직접 대조 가능: “유한한 hash 공간에 더 큰 key 공간을 매핑하므로 서로 다른 key가 같은 hash를 가질 수 있다. hash는 후보를 줄이는 값이고 최종 key identity는 equality 검사로 확인해야 한다.”,NOT_APPLICABLE,NO_CONTENT_CHANGE,116,56,0.677
dsa,dsa.core.hashing.collision.q3,SCENARIO,PUBLISHED,MEDIUM,dsa.core.hashing.collision,서로 다른 canonical contentKey 두 개가 같은 internal hash bucket에 들어갔지만 DB unique constraint에는 문제가 없다. 이것을 domain duplicate로 처리하면 왜 잘못인지 설명하라.,MODEL_ANSWER_SUFFICIENT,하나의 중심 판단으로 수렴해 모델답변·설명으로 직접 대조 가능: “hash collision은 자료구조 내부에서 서로 다른 key가 같은 후보 위치를 공유하는 정상 상황이고 equality로 구분할 수 있다. DB duplicate는 실제 canonical key 값이 동일해 uniqueness 계약을 위반하는 경우다. 두 층위의 충돌 의미를 분리해야 한다.”,YES_CONTEXT_USED,NO_CONTENT_CHANGE,164,84,0.680
dsa,dsa.core.hashing.separate-chaining.q2,DESCRIPTIVE,PUBLISHED,MEDIUM,dsa.core.hashing.separate-chaining,"separate chaining에서 load factor가 1보다 커도 저장이 가능한 이유와, 그렇다고 lookup 비용이 일정하다고 볼 수 없는 이유를 설명하라.",STRUCTURED_CRITERIA_USEFUL,bucket chaining으로 load factor 1 초과 저장 가능 | collision chain 증가에 따른 lookup 비교 비용,NOT_APPLICABLE,NO_CONTENT_CHANGE,150,79,0.682
dsa,dsa.core.hashing.separate-chaining.q3,SCENARIO,PUBLISHED,MEDIUM,dsa.core.hashing.separate-chaining,100개 bucket 중 99개는 길이 1 이하인데 한 bucket만 길이 500이다. 전체 평균 load factor만 보면 양호해 보일 때도 p99 lookup이 나빠질 수 있는 이유를 설명하라.,MODEL_ANSWER_SUFFICIENT,하나의 중심 판단으로 수렴해 모델답변·설명으로 직접 대조 가능: “평균은 bucket 간 불균형을 숨긴다. 긴 bucket에 속한 key는 최대 수백 번 equality 비교를 해야 하므로 일부 lookup의 꼬리 지연 시간(tail latency)이 매우 커질 수 있다. bucket length distribution과 최장 chain을 함께 봐야 한다.”,YES_CONTEXT_USED,NO_CONTENT_CHANGE,163,179,0.534
dsa,dsa.core.hashing.open-addressing.q2,DESCRIPTIVE,PUBLISHED,MEDIUM,dsa.core.hashing.open-addressing,"slot 3에 A, slot 4에 B가 있고 B는 A와 collision 후 linear probing으로 slot 4에 저장됐다. A를 삭제하면서 slot 3을 `EMPTY`로 바꾸면 B lookup이 실패할 수 있는 이유를 설명하라.",MODEL_ANSWER_SUFFICIENT,하나의 중심 판단으로 수렴해 모델답변·설명으로 직접 대조 가능: “B lookup도 initial slot 3에서 시작한다. slot 3이 truly empty라면 lookup은 뒤에 같은 probe sequence의 entry가 없다고 판단하고 종료할 수 있어 slot 4의 B에 도달하지 못한다. 삭제 자리에는 probe continuation을 의미하는 tombstone 상태가 필요하다.”,NOT_APPLICABLE,NO_CONTENT_CHANGE,183,175,0.430
dsa,dsa.core.hashing.open-addressing.q3,SCENARIO,PUBLISHED,MEDIUM,dsa.core.hashing.open-addressing,"capacity 8인 linear-probing table에서 slot 2,3,4,5가 연속으로 차 있고 새 key의 initial index가 2다. slot 6이 비어 있다면 새 key 저장 전 확인하는 slot 순서와, 이런 cluster가 커질수록 왜 비용이 증가하는지 설명하라.",MODEL_ANSWER_SUFFICIENT,하나의 중심 판단으로 수렴해 모델답변·설명으로 직접 대조 가능: “2→3→4→5를 확인한 뒤 6에서 빈 slot을 찾아 저장한다. 같은 cluster에 들어오는 lookup/insert가 연속 occupied slot을 반복 확인하므로 cluster가 커질수록 probe count와 지연 시간이 증가한다.”,YES_CONTEXT_USED,explanationMarkdown,134,143,0.270
dsa,dsa.core.hashing.open-addressing.q4,SCENARIO,PUBLISHED,MEDIUM,dsa.core.hashing.open-addressing,live entry를 많이 삭제했는데도 lookup probe count가 거의 줄지 않았다. tombstone이 많이 남아 있다는 정보가 있을 때 원인과 가능한 정리 방법을 설명하라.,MODEL_ANSWER_SUFFICIENT,하나의 중심 판단으로 수렴해 모델답변·설명으로 직접 대조 가능: “tombstone은 lookup을 종료시키는 empty가 아니어서 탐색이 계속 지나가야 한다. live load factor는 내려가도 effective probe path는 길 수 있다. rehash/resize로 live entry만 새 table에 재배치해 tombstone을 제거할 수 있다.”,YES_CONTEXT_USED,NO_CONTENT_CHANGE,167,114,0.811
dsa,dsa.core.hashing.load-factor.q2,DESCRIPTIVE,PUBLISHED,MEDIUM,dsa.core.hashing.load-factor,동일한 load factor라도 separate chaining과 open addressing에서 성능 의미가 다른 이유를 설명하라.,MODEL_ANSWER_SUFFICIENT,하나의 중심 판단으로 수렴해 모델답변·설명으로 직접 대조 가능: “chaining은 한 bucket에 여러 entry를 둘 수 있어 load factor가 평균 chain 길이의 기준이 되고 1을 넘을 수 있다. open addressing은 slot 자체가 저장 공간이므로 occupancy가 높아질수록 빈 slot 탐색이 급격히 어려워지고 1에 도달하면 추가 저장이 불가능하다.”,NOT_APPLICABLE,NO_CONTENT_CHANGE,176,94,0.710
dsa,dsa.core.hashing.load-factor.q3,SCENARIO,PUBLISHED,MEDIUM,dsa.core.hashing.load-factor,resize threshold를 0.5에서 0.9로 높였다. memory 사용과 lookup/insert 지연 시간에 어떤 변화가 가능하며 왜 workload 측정이 필요한지 설명하라.,MODEL_ANSWER_SUFFICIENT,하나의 중심 판단으로 수렴해 모델답변·설명으로 직접 대조 가능: “더 작은 table을 오래 유지해 unused capacity는 줄 수 있지만 collision chain/probe가 길어져 lookup·insert와 꼬리 지연 시간(tail latency)이 증가할 수 있다. hash distribution과 collision strategy에 따라 영향이 달라 실제 probe/chain…”,YES_CONTEXT_USED,NO_CONTENT_CHANGE,217,97,0.636
dsa,dsa.core.hashing.resize.q3,SCENARIO,PUBLISHED,MEDIUM,dsa.core.hashing.resize,기존 table 1 GiB를 사용 중이고 resize 중 비슷한 크기의 새 table을 동시에 만들면 steady-state memory만 보고 capacity planning한 시스템에서 어떤 문제가 생길 수 있는지 설명하라.,MODEL_ANSWER_SUFFICIENT,하나의 중심 판단으로 수렴해 모델답변·설명으로 직접 대조 가능: “migration 동안 old/new table이 동시에 존재해 일시적으로 memory가 크게 증가할 수 있다. steady-state 1 GiB만 기준으로 잡으면 allocation 실패나 GC/OS memory pressure가 생길 수 있으므로 resize peak를 별도 예산으로 고려해야 한다.”,YES_CONTEXT_USED,NO_CONTENT_CHANGE,169,106,0.776
dsa,dsa.core.hashing.resize.q4,DESCRIPTIVE,PUBLISHED,MEDIUM,dsa.core.hashing.resize,한 번에 전체 table을 옮기는 eager resize와 operation마다 일부 bucket만 옮기는 incremental resize를 pause와 lookup complexity 관점에서 비교하라.,STRUCTURED_CRITERIA_USEFUL,eager 전체 migration의 단일 pause와 단순 lookup | incremental migration의 분산 pause | old/new 동시 검색·상태 관리 복잡도,NOT_APPLICABLE,NO_CONTENT_CHANGE,195,118,0.759
dsa,dsa.core.hashing.average-worst-lookup.q2,DESCRIPTIVE,PUBLISHED,MEDIUM,dsa.core.hashing.average-worst-lookup,separate chaining과 open addressing이 각각 O(n) lookup까지 악화될 수 있는 상태를 하나씩 설명하라.,STRUCTURED_CRITERIA_USEFUL,chaining의 한 bucket O(n) chain | open addressing의 O(n) probe cluster,NOT_APPLICABLE,NO_CONTENT_CHANGE,155,86,0.730
dsa,dsa.core.hashing.average-worst-lookup.q3,SCENARIO,PUBLISHED,HARD,dsa.core.hashing.average-worst-lookup,평균 lookup은 2번의 equality 비교인데 p99는 180번까지 올라간다. 평균 O(1)이라는 사실을 유지하면서도 어떤 내부 상태를 추가로 조사해야 하는지 설명하라.,STRUCTURED_CRITERIA_USEFUL,mean과 p99 probe 비용 차이 | chain/probe 길이 분포·최댓값 | load·hash·resize/tombstone·key pattern 확인,YES_CONTEXT_USED,explanationMarkdown,171,142,0.276
dsa,dsa.core.hashing.average-worst-lookup.q4,DESCRIPTIVE,PUBLISHED,HARD,dsa.core.hashing.average-worst-lookup,외부 사용자가 key를 선택할 수 있는 API에서 hash table의 expected O(1)을 요청 지연 시간의 hard upper bound로 문서화하면 안 되는 이유를 설명하라.,MODEL_ANSWER_SUFFICIENT,하나의 중심 판단으로 수렴해 모델답변·설명으로 직접 대조 가능: “expected O(1)은 key distribution과 hash quality 같은 가정 아래의 평균적 비용이지 모든 입력의 worst-case 상한이 아니다. 공격적이거나 편향된 key가 collision을 집중시키면 linear한 search path가 생길 수 있으므로 입력 제한·hash 방어와 worst-case…”,NOT_APPLICABLE,NO_CONTENT_CHANGE,201,109,0.712
dsa,dsa.core.recursion-backtracking.recursion-call-state.q2,DESCRIPTIVE,PUBLISHED,MEDIUM,dsa.core.recursion-backtracking.recursion-call-state,`factorial(4)`가 `factorial(3) → factorial(2) → factorial(1)`로 내려간 뒤 결과를 계산해 올라올 때 각 frame이 보존해야 하는 핵심 state를 설명하라.,MODEL_ANSWER_SUFFICIENT,하나의 중심 판단으로 수렴해 모델답변·설명으로 직접 대조 가능: “각 frame은 자신의 인자 n과 하위 호출 결과를 받은 뒤 수행할 연산 위치를 보존한다. factorial(2)가 2×factorial(1)을 계산하고 반환하면 상위 factorial(3)은 자신의 n=3 상태로 돌아와 3을 곱한다.”,NOT_APPLICABLE,NO_CONTENT_CHANGE,131,80,0.769
dsa,dsa.core.recursion-backtracking.recursion-call-state.q3,SCENARIO,PUBLISHED,MEDIUM,dsa.core.recursion-backtracking.recursion-call-state,"외부 JSON의 최대 중첩 깊이가 제한되지 않은 상태에서 recursive parser를 운영한다. 평균 입력은 얕지만 특정 요청에서 깊이 100,000이 들어올 수 있다. correctness와 resource 관점에서 대응을 설계하라.",MODEL_ANSWER_SUFFICIENT,"하나의 중심 판단으로 수렴해 모델답변·설명으로 직접 대조 가능: “base case가 있어도 call stack resource가 먼저 고갈될 수 있다. 입력 depth 상한을 검증하고 초과 시 명시적으로 reject하며, 큰 depth를 지원해야 한다면 명시적 stack을 사용하는 iterative traversal을 검토한다. 평균 depth만으로 안전성을 판단하지 않는다.”",YES_CONTEXT_USED,NO_CONTENT_CHANGE,175,126,0.842
dsa,dsa.core.recursion-backtracking.divide-and-conquer.q2,DESCRIPTIVE,PUBLISHED,MEDIUM,dsa.core.recursion-backtracking.divide-and-conquer,"merge sort의 divide, conquer, combine 단계가 각각 무엇인지 설명하라.",MODEL_ANSWER_SUFFICIENT,"하나의 중심 판단으로 수렴해 모델답변·설명으로 직접 대조 가능: “divide는 배열을 두 구간으로 나누고, conquer는 각 구간을 재귀적으로 정렬하며, combine은 두 sorted sequence를 선형으로 merge해 하나의 sorted sequence를 만든다.”",NOT_APPLICABLE,NO_CONTENT_CHANGE,116,108,0.438
dsa,dsa.core.recursion-backtracking.divide-and-conquer.q3,SCENARIO,PUBLISHED,MEDIUM,dsa.core.recursion-backtracking.divide-and-conquer,크기 n 문제를 두 개의 n/2 문제로 나누지만 각 단계의 combine이 O(n²)이다. 단순히 분할이 균형이라는 이유로 O(n log n)이라 말할 수 없는 이유와 비용 구조를 설명하라.,MODEL_ANSWER_SUFFICIENT,하나의 중심 판단으로 수렴해 모델답변·설명으로 직접 대조 가능: “전체 비용은 부분 문제 호출뿐 아니라 각 단계 combine 비용까지 포함한 recurrence로 분석해야 한다. 이 경우 T(n)=2T(n/2)+O(n²)이며 level별 비용이 단순 O(n)인 merge sort와 다르다. 분할 모양만으로 복잡도를 결정할 수 없다.”,YES_CONTEXT_USED,NO_CONTENT_CHANGE,150,86,0.699
dsa,dsa.core.recursion-backtracking.recurrence.q2,DESCRIPTIVE,PUBLISHED,MEDIUM,dsa.core.recursion-backtracking.recurrence,`T(n)=2T(n/2)+cn`의 recursion tree에서 각 level의 총 combine 비용과 level 수를 설명하라.,MODEL_ANSWER_SUFFICIENT,하나의 중심 판단으로 수렴해 모델답변·설명으로 직접 대조 가능: “각 level에는 부분 문제 수가 늘지만 각 문제 크기가 줄어 combine 비용 합이 대략 cn으로 유지된다. 문제 크기가 절반씩 줄어 base case까지 약 log₂n level이 있으므로 전체는 Θ(n log n)이 된다.”,NOT_APPLICABLE,NO_CONTENT_CHANGE,128,65,0.667
dsa,dsa.core.recursion-backtracking.recurrence.q3,SCENARIO,PUBLISHED,MEDIUM,dsa.core.recursion-backtracking.recurrence,`T(n)=T(n-1)+O(1)`과 `T(n)=2T(n/2)+O(n)`은 모두 재귀다. recursion depth와 총 비용이 왜 다른지 비교하라.,STRUCTURED_CRITERIA_USEFUL,T(n-1) recurrence의 n 깊이·상수 단계 합 | halving recurrence의 log n 깊이 | level별 비용 합산으로 Θ(n log n),YES_CONTEXT_USED,NO_CONTENT_CHANGE,148,94,0.786
dsa,dsa.core.recursion-backtracking.recurrence.q4,SCENARIO,PUBLISHED,HARD,dsa.core.recursion-backtracking.recurrence,재귀 코드가 하위 호출 전에 DB query 한 번을 수행하고 입력을 절반으로 줄인다. 알고리즘 operation count가 O(log n)이어도 endpoint 지연 시간을 단순히 O(log n) CPU 작업처럼 해석하면 안 되는 이유를 설명하라.,MODEL_ANSWER_SUFFICIENT,하나의 중심 판단으로 수렴해 모델답변·설명으로 직접 대조 가능: “각 recursion level의 추가 비용이 단순 CPU 상수가 아니라 network/DB I/O이므로 실제 지연 시간은 query round trip과 connection wait를 포함한다. recurrence의 구조와 각 항이 실제로 어떤 비용을 나타내는지 분리해 측정해야 한다.”,YES_CONTEXT_USED,NO_CONTENT_CHANGE,160,50,0.473
dsa,dsa.core.recursion-backtracking.backtracking-tree.q2,DESCRIPTIVE,PUBLISHED,MEDIUM,dsa.core.recursion-backtracking.backtracking-tree,"`current=[1,2,3]`을 결과 목록에 저장한 뒤 같은 `current` 객체에서 pop하며 backtracking한다. 결과 목록까지 `[1,2]`, `[1]`처럼 바뀌는 버그의 원인과 해결 방법을 설명하라.",MODEL_ANSWER_SUFFICIENT,하나의 중심 판단으로 수렴해 모델답변·설명으로 직접 대조 가능: “결과가 현재 mutable list와 같은 객체를 참조하기 때문이다. leaf에서 결과를 저장할 때 필요한 snapshot/copy를 만들어 이후 undo가 저장된 결과를 변경하지 않도록 해야 한다.”,NOT_APPLICABLE,NO_CONTENT_CHANGE,111,72,0.789
dsa,dsa.core.recursion-backtracking.backtracking-tree.q3,SCENARIO,PUBLISHED,MEDIUM,dsa.core.recursion-backtracking.backtracking-tree,순열 탐색에서 `[1]` branch를 마친 뒤 `used[1]`을 false로 복구하지 않았다. 이후 탐색 결과에 어떤 문제가 생기는지 state invariant로 설명하라.,MODEL_ANSWER_SUFFICIENT,하나의 중심 판단으로 수렴해 모델답변·설명으로 직접 대조 가능: “형제 branch는 부모 상태에서 시작해야 하는데 used state가 오염되어 1을 사용할 수 없는 것으로 판단한다. 유효한 순열 일부가 누락되어 completeness가 깨진다. choose와 undo가 대칭이어야 한다.”,YES_CONTEXT_USED,NO_CONTENT_CHANGE,125,58,0.648
dsa,dsa.core.recursion-backtracking.backtracking-tree.q4,SCENARIO,PUBLISHED,HARD,dsa.core.recursion-backtracking.backtracking-tree,각 depth에서 최대 10개 선택이 가능하고 depth가 8인 탐색을 backend 요청마다 수행한다고 하자. pruning이 전혀 없는 최악 search space와 운영상 필요한 방어를 설명하라.,MODEL_ANSWER_SUFFICIENT,하나의 중심 판단으로 수렴해 모델답변·설명으로 직접 대조 가능: “단순 상한으로 branch 수가 depth에 따라 10^8 수준까지 폭증할 수 있다. 요청별 candidate/depth/time budget을 제한하고 안전한 pruning을 적용하며 timeout 시 partial 결과인지 명시해야 한다.”,YES_CONTEXT_USED,NO_CONTENT_CHANGE,135,87,0.804
dsa,dsa.core.recursion-backtracking.pruning.q3,SCENARIO,PUBLISHED,MEDIUM,dsa.core.recursion-backtracking.pruning,현재 score가 best보다 작다는 이유만으로 최댓값 탐색 branch를 제거했다가 최적해를 놓쳤다. pruning predicate가 왜 잘못됐는지 설명하라.,MODEL_ANSWER_SUFFICIENT,하나의 중심 판단으로 수렴해 모델답변·설명으로 직접 대조 가능: “현재 score만으로 앞으로 얻을 수 있는 추가 이득을 배제할 수 없다. branch의 최종 가능한 upper bound가 best를 넘지 못한다는 근거가 있어야 안전하게 prune할 수 있다.”,YES_CONTEXT_USED,NO_CONTENT_CHANGE,108,67,0.785
dsa,dsa.core.recursion-backtracking.pruning.q4,SCENARIO,PUBLISHED,HARD,dsa.core.recursion-backtracking.pruning,정확한 pruning predicate는 branch 수를 크게 줄이지만 predicate 계산 자체가 매우 비싸다. 전체 실행 시간을 판단할 때 무엇을 측정해야 하는가?,MODEL_ANSWER_SUFFICIENT,하나의 중심 판단으로 수렴해 모델답변·설명으로 직접 대조 가능: “pruning으로 줄어든 node 수뿐 아니라 각 node에서 predicate를 계산하는 비용을 함께 측정해야 한다. cheap bound를 먼저 적용하고 비싼 검사는 필요한 branch에만 수행하는 순서를 검토한다.”,YES_CONTEXT_USED,NO_CONTENT_CHANGE,122,55,0.624
dsa,dsa.core.search-sort.linear-search.q2,DESCRIPTIVE,PUBLISHED,MEDIUM,dsa.core.search-sort.linear-search,first match를 찾는 linear search에서 index i 직전까지 유지할 수 있는 loop invariant를 설명하라.,MODEL_ANSWER_SUFFICIENT,"하나의 중심 판단으로 수렴해 모델답변·설명으로 직접 대조 가능: “i 이전의 모든 원소는 이미 검사했고 target이 아니었다는 사실을 유지할 수 있다. a[i]가 target이면 첫 match이고, 아니라면 i를 증가시켜 같은 invariant를 다음 iteration으로 넘긴다.”",NOT_APPLICABLE,NO_CONTENT_CHANGE,121,72,0.760
dsa,dsa.core.search-sort.linear-search.q3,SCENARIO,PUBLISHED,HARD,dsa.core.search-sort.linear-search,원소 50개를 한 번만 검색하는 요청과 같은 50만 개 collection에서 초당 수천 번 search하는 요청이 있다. linear search를 동일하게 평가하면 안 되는 이유를 설명하라.,MODEL_ANSWER_SUFFICIENT,하나의 중심 판단으로 수렴해 모델답변·설명으로 직접 대조 가능: “작고 한 번만 검색하는 경우 index를 만들거나 sort하는 preprocessing이 더 비쌀 수 있다. 반면 큰 collection에서 반복 search하면 O(n) scan이 누적되므로 hash/index/sorted structure의 update·memory 비용을 지불해 lookup을 줄일 가치가 커진다.”,YES_CONTEXT_USED,NO_CONTENT_CHANGE,178,117,0.802
dsa,dsa.core.search-sort.binary-search.q2,DESCRIPTIVE,PUBLISHED,MEDIUM,dsa.core.search-sort.binary-search,binary search에서 매 반복마다 search interval이 반드시 줄어야 하는 이유를 correctness와 termination 관점에서 설명하라.,STRUCTURED_CRITERIA_USEFUL,정렬 invariant로 후보 절반 제외하면서 target 후보 보존 | 경계 갱신마다 interval 감소해 termination 보장,NOT_APPLICABLE,NO_CONTENT_CHANGE,132,62,0.645
dsa,dsa.core.search-sort.binary-search.q3,SCENARIO,PUBLISHED,MEDIUM,dsa.core.search-sort.binary-search,binary search 중 다른 thread가 배열 일부를 재정렬해 전체 ordering이 깨졌다. 이후 target을 못 찾을 수 있는 이유를 설명하라.,MODEL_ANSWER_SUFFICIENT,하나의 중심 판단으로 수렴해 모델답변·설명으로 직접 대조 가능: “binary search는 mid 비교 결과로 한쪽 절반 전체에 target이 없다고 추론한다. ordering이 깨지면 그 추론이 성립하지 않아 실제 target이 있는 구간을 버릴 수 있다. lookup 동안 sorted snapshot/invariant가 유지돼야 한다.”,YES_CONTEXT_USED,NO_CONTENT_CHANGE,154,100,0.790
dsa,dsa.core.search-sort.binary-search-boundary.q2,DESCRIPTIVE,PUBLISHED,MEDIUM,dsa.core.search-sort.binary-search-boundary,lower bound를 `value >= target`인 첫 true를 찾는 monotonic predicate 문제로 설명하라.,MODEL_ANSWER_SUFFICIENT,하나의 중심 판단으로 수렴해 모델답변·설명으로 직접 대조 가능: “정렬 배열에서는 target보다 작은 구간에서 predicate가 false이고 어느 지점부터 true가 계속된다. binary search는 false 구간과 true 구간의 경계를 절반씩 줄이며 첫 true index를 찾는다.”,NOT_APPLICABLE,NO_CONTENT_CHANGE,129,64,0.658
dsa,dsa.core.search-sort.binary-search-boundary.q3,SCENARIO,PUBLISHED,MEDIUM,dsa.core.search-sort.binary-search-boundary,"half-open `[left,right)` lower-bound 구현에서 `a[mid] >= target`일 때 `left = mid + 1`로 갱신했다. 어떤 의미 오류가 생기는지 설명하라.",MODEL_ANSWER_SUFFICIENT,하나의 중심 판단으로 수렴해 모델답변·설명으로 직접 대조 가능: “mid가 조건을 만족하면 mid 자체가 첫 true 후보일 수 있는데 left를 mid+1로 옮기면 그 후보를 버린다. lower bound에서는 보통 right=mid로 줄여 mid를 후보 구간에 남겨야 한다.”,YES_CONTEXT_USED,NO_CONTENT_CHANGE,118,51,0.620
dsa,dsa.core.search-sort.binary-search-boundary.q4,DESCRIPTIVE,PUBLISHED,MEDIUM,dsa.core.search-sort.binary-search-boundary,"empty array, 모든 값이 target보다 작음, 모든 값이 target 이상인 세 경우 lower bound 결과 index를 각각 어떻게 기대해야 하는가? 길이는 n이다.",STRUCTURED_CRITERIA_USEFUL,empty array의 insertion point 0 | all-less 입력의 insertion point n | all-true 입력의 first-true index 0,NOT_APPLICABLE,NO_CONTENT_CHANGE,126,69,0.724
dsa,dsa.core.search-sort.stable-sort.q2,DESCRIPTIVE,PUBLISHED,MEDIUM,dsa.core.search-sort.stable-sort,stable sort와 deterministic total ordering이 같은 개념이 아닌 이유를 설명하라.,MODEL_ANSWER_SUFFICIENT,하나의 중심 판단으로 수렴해 모델답변·설명으로 직접 대조 가능: “stable sort는 equal-key 원소의 현재 input order를 보존할 뿐이다. input order 자체가 요청마다 달라질 수 있다면 결과도 달라질 수 있으므로 deterministic API ordering에는 unique tie-breaker 같은 total-order contract가 별도로 필요하다.”,NOT_APPLICABLE,NO_CONTENT_CHANGE,180,128,0.837
dsa,dsa.core.search-sort.stable-sort.q3,SCENARIO,PUBLISHED,HARD,dsa.core.search-sort.stable-sort,pagination API가 `score DESC`만 사용하고 score가 같은 row가 많다. stable algorithm을 사용했는데도 page 사이에 row가 이동할 수 있는 이유와 해결책을 설명하라.,MODEL_ANSWER_SUFFICIENT,"하나의 중심 판단으로 수렴해 모델답변·설명으로 직접 대조 가능: “DB/source가 equal-score row를 매번 같은 input order로 제공한다는 보장이 없으면 stable sort가 보존할 기준 자체가 흔들린다. `score DESC, id ASC`처럼 unique final tie-breaker를 포함해 total ordering을 정의해야 한다.”",YES_CONTEXT_USED,NO_CONTENT_CHANGE,168,77,0.629
dsa,dsa.core.search-sort.comparison-sort-lower-bound.q2,DESCRIPTIVE,PUBLISHED,MEDIUM,dsa.core.search-sort.comparison-sort-lower-bound,`2^h >= n!`이 comparison sorting decision tree의 lower bound와 연결되는 이유를 설명하라.,MODEL_ANSWER_SUFFICIENT,하나의 중심 판단으로 수렴해 모델답변·설명으로 직접 대조 가능: “comparison 하나가 두 branch를 만들므로 높이 h의 binary decision tree는 최대 2^h leaf를 구분한다. 모든 n! input ordering을 구별하려면 적어도 n! leaf가 필요해 h >= log2(n!) = Ω(n log n)이 된다.”,NOT_APPLICABLE,NO_CONTENT_CHANGE,153,76,0.611
dsa,dsa.core.search-sort.comparison-sort-lower-bound.q3,SCENARIO,PUBLISHED,HARD,dsa.core.search-sort.comparison-sort-lower-bound,counting sort가 O(n+k)로 동작할 수 있다는 사실이 Ω(n log n) lower bound와 모순되지 않는 이유를 설명하라.,MODEL_ANSWER_SUFFICIENT,"하나의 중심 판단으로 수렴해 모델답변·설명으로 직접 대조 가능: “lower bound는 원소 간 comparison 결과만 사용하는 model에 대한 것이다. counting sort는 bounded integer key의 값 자체를 index/frequency 정보로 사용하므로 다른 model이고, 대신 key range k와 O(k) memory 조건을 지불한다.”",YES_CONTEXT_USED,NO_CONTENT_CHANGE,170,117,0.816
dsa,dsa.core.search-sort.merge-sort.q2,DESCRIPTIVE,PUBLISHED,MEDIUM,dsa.core.search-sort.merge-sort,merge 단계에서 output prefix가 이미 최종 위치가 확정됐다고 볼 수 있는 이유를 설명하라.,MODEL_ANSWER_SUFFICIENT,하나의 중심 판단으로 수렴해 모델답변·설명으로 직접 대조 가능: “두 input sequence가 각각 sorted이므로 현재 head 중 더 작은 값은 양쪽의 모든 남은 원소보다 작거나 같다. 그 값을 output에 추가하면 그 위치는 이후 원소 때문에 바뀔 필요가 없다.”,NOT_APPLICABLE,NO_CONTENT_CHANGE,116,140,0.340
dsa,dsa.core.search-sort.merge-sort.q3,SCENARIO,PUBLISHED,HARD,dsa.core.search-sort.merge-sort,대용량 데이터를 memory에 한 번에 못 올려 여러 sorted run을 disk에 만든 상황에서 merge sort 계열이 자연스러운 이유를 설명하라.,MODEL_ANSWER_SUFFICIENT,하나의 중심 판단으로 수렴해 모델답변·설명으로 직접 대조 가능: “각 run이 이미 sorted이면 head를 비교하며 sequential read로 큰 sorted result를 만들 수 있다. random access보다 sequential I/O를 활용하고 memory에는 각 run의 buffer 일부만 유지할 수 있어 external merge에 적합하다.”,YES_CONTEXT_USED,NO_CONTENT_CHANGE,167,94,0.726
dsa,dsa.core.search-sort.quicksort.q1,DESCRIPTIVE,PUBLISHED,EASY,dsa.core.search-sort.quicksort,"partition 결과가 `[2,1] 5 [7,6]`이라면 pivot 5에 대해 현재 확정된 것은 무엇인가?",MODEL_ANSWER_SUFFICIENT,하나의 중심 판단으로 수렴해 모델답변·설명으로 직접 대조 가능: “왼쪽 원소는 pivot보다 작고 오른쪽 원소는 pivot보다 크다는 구간 조건과 pivot의 경계 위치가 확정됐다. 왼쪽과 오른쪽 내부는 아직 정렬되지 않았으므로 각각 재귀 정렬해야 한다.”,NOT_APPLICABLE,NO_CONTENT_CHANGE,105,132,0.309
dsa,dsa.core.search-sort.quicksort.q3,SCENARIO,PUBLISHED,HARD,dsa.core.search-sort.quicksort,외부 입력이 이미 정렬돼 있고 구현이 항상 첫 원소를 pivot으로 선택한다. 지연 시간과 stack에 어떤 위험이 생기는지 설명하라.,MODEL_ANSWER_SUFFICIENT,"하나의 중심 판단으로 수렴해 모델답변·설명으로 직접 대조 가능: “매번 극단적으로 편향된 partition이 생겨 O(n²) 비교와 O(n) recursion depth가 발생할 수 있다. random/median pivot, smaller-side recursion, introspective 대체 처리 같은 방어를 고려한다.”",YES_CONTEXT_USED,NO_CONTENT_CHANGE,146,77,0.716
dsa,dsa.core.search-sort.quicksort.q4,DESCRIPTIVE,PUBLISHED,HARD,dsa.core.search-sort.quicksort,pivot과 같은 값이 대부분인 배열에서 3-way partition이 2-way partition보다 유리할 수 있는 이유를 설명하라.,MODEL_ANSWER_SUFFICIENT,"하나의 중심 판단으로 수렴해 모델답변·설명으로 직접 대조 가능: “3-way partition은 `< pivot`, `== pivot`, `> pivot`으로 나눠 equal-key 구간을 재귀 대상에서 제거할 수 있다. 2-way 방식이 같은 값을 계속 큰 subproblem에 남기면 불필요한 comparison과 깊은 recursion이 발생할 수 있다.”",NOT_APPLICABLE,NO_CONTENT_CHANGE,164,77,0.685
dsa,dsa.core.search-sort.partition.q2,DESCRIPTIVE,PUBLISHED,MEDIUM,dsa.core.search-sort.partition,partition loop에서 '미분류 구간이 매 iteration 줄어든다'는 조건이 필요한 이유를 설명하라.,MODEL_ANSWER_SUFFICIENT,하나의 중심 판단으로 수렴해 모델답변·설명으로 직접 대조 가능: “구간 invariant만 맞아도 pointer가 같은 위치에서 반복되면 algorithm이 종료하지 않는다. 매 iteration에 적어도 하나의 원소가 분류되도록 pointer가 진전해야 termination을 보장할 수 있다.”,NOT_APPLICABLE,NO_CONTENT_CHANGE,128,67,0.688
dsa,dsa.core.search-sort.partition.q3,SCENARIO,PUBLISHED,MEDIUM,dsa.core.search-sort.partition,pivot과 같은 값에서 두 pointer가 모두 멈추고 swap 뒤에도 pointer를 움직이지 않는 구현이 있다. duplicate가 많은 입력에서 어떤 실패가 생기는지 설명하라.,MODEL_ANSWER_SUFFICIENT,하나의 중심 판단으로 수렴해 모델답변·설명으로 직접 대조 가능: “같은 두 위치를 계속 비교·swap하며 미분류 구간이 줄지 않아 infinite loop가 생길 수 있다. equal-key 처리와 swap 후 pointer progress를 scheme의 invariant에 맞게 명시해야 한다.”,YES_CONTEXT_USED,NO_CONTENT_CHANGE,129,69,0.722
dsa,dsa.core.search-sort.partition.q4,DESCRIPTIVE,PUBLISHED,MEDIUM,dsa.core.search-sort.partition,in-place partition API가 caller의 input order를 파괴할 수 있는 이유와 API 계약에서 무엇을 명시해야 하는지 설명하라.,MODEL_ANSWER_SUFFICIENT,"하나의 중심 판단으로 수렴해 모델답변·설명으로 직접 대조 가능: “partition은 원소를 같은 array 안에서 swap해 pivot 기준 구간을 만들기 때문에 원래 순서를 보존하지 않는다. caller가 input을 재사용한다면 mutation 허용 여부, copy 필요성, stable ordering 요구를 계약으로 명시해야 한다.”",NOT_APPLICABLE,NO_CONTENT_CHANGE,153,81,0.699
dsa,dsa.core.search-sort.heap-sort.q2,DESCRIPTIVE,PUBLISHED,MEDIUM,dsa.core.search-sort.heap-sort,"heap sort iteration에서 `[0, heapSize)`와 `[heapSize, n)`가 각각 만족해야 하는 invariant를 설명하라.",STRUCTURED_CRITERIA_USEFUL,heap prefix의 max-heap invariant | sorted suffix의 최종 위치 확정 | root 이동 후 prefix 복구,NOT_APPLICABLE,NO_CONTENT_CHANGE,140,71,0.671
dsa,dsa.core.search-sort.heap-sort.q3,SCENARIO,PUBLISHED,HARD,dsa.core.search-sort.heap-sort,worst-case O(n log n)과 O(1) 수준 extra array가 중요한 환경에서 heap sort가 후보가 될 수 있지만 stable ordering 요구가 있으면 추가 검토가 필요한 이유를 설명하라.,MODEL_ANSWER_SUFFICIENT,하나의 중심 판단으로 수렴해 모델답변·설명으로 직접 대조 가능: “기본 heap sort는 root/end swap으로 equal-key 원소의 상대 순서를 바꿀 수 있어 stable하지 않다. memory/worst-case 장점과 stable result contract가 충돌하므로 tie-breaker를 key에 포함하거나 다른 stable sort를 선택해야 한다.”,YES_CONTEXT_USED,NO_CONTENT_CHANGE,172,100,0.751
dsa,dsa.core.search-sort.counting-sort.q1,DESCRIPTIVE,PUBLISHED,EASY,dsa.core.search-sort.counting-sort,n=1000이고 key 범위가 0..9라면 counting sort가 comparison sort보다 유리할 수 있는 핵심 이유는?,MODEL_ANSWER_SUFFICIENT,"하나의 중심 판단으로 수렴해 모델답변·설명으로 직접 대조 가능: “key range k=10이 작아 O(n+k) frequency counting과 reconstruction이 가능하고, 원소 간 비교를 반복할 필요가 없기 때문이다.”",NOT_APPLICABLE,NO_CONTENT_CHANGE,93,139,0.250
dsa,dsa.core.search-sort.counting-sort.q3,SCENARIO,PUBLISHED,HARD,dsa.core.search-sort.counting-sort,"item 100개, key 범위 0..10^9인 입력에서 dense counting array가 부적절한 이유를 time-space 관점에서 설명하라.",MODEL_ANSWER_SUFFICIENT,"하나의 중심 판단으로 수렴해 모델답변·설명으로 직접 대조 가능: “k가 n보다 압도적으로 커서 count array allocation/initialization이 입력 자체보다 훨씬 비싸고 memory도 과도하다. comparison sort, coordinate compression 등 sparse range에 맞는 방법을 검토해야 한다.”",YES_CONTEXT_USED,NO_CONTENT_CHANGE,155,71,0.631
dsa,dsa.core.search-sort.counting-sort.q4,DESCRIPTIVE,PUBLISHED,HARD,dsa.core.search-sort.counting-sort,record counting sort를 stable하게 만들기 위해 frequency count 이후 cumulative count가 필요한 이유를 설명하라.,MODEL_ANSWER_SUFFICIENT,하나의 중심 판단으로 수렴해 모델답변·설명으로 직접 대조 가능: “frequency만으로는 각 key record가 output의 어느 구간에 들어갈지 알 수 없다. cumulative count로 key별 시작/끝 위치를 계산하고 input order를 보존하는 방향으로 배치하면 동일 key의 상대 순서를 유지할 수 있다.”,NOT_APPLICABLE,NO_CONTENT_CHANGE,145,89,0.761
dsa,dsa.core.search-sort.radix-sort.q1,DESCRIPTIVE,PUBLISHED,EASY,dsa.core.search-sort.radix-sort,LSD radix sort에서 각 digit pass가 stable해야 하는 이유는?,MODEL_ANSWER_SUFFICIENT,하나의 중심 판단으로 수렴해 모델답변·설명으로 직접 대조 가능: “높은 자리 pass에서 digit이 같은 원소끼리는 이전 낮은 자리 pass가 만든 순서를 보존해야 최종적으로 여러 자리 전체 ordering이 만들어지기 때문이다.”,NOT_APPLICABLE,NO_CONTENT_CHANGE,92,113,0.405
dsa,dsa.core.search-sort.radix-sort.q3,SCENARIO,PUBLISHED,HARD,dsa.core.search-sort.radix-sort,signed integer를 raw unsigned byte 순서 그대로 LSD radix sort했더니 음수가 양수 뒤로 가는 등 numeric order가 깨졌다. 왜 representation rule이 필요한지 설명하라.,MODEL_ANSWER_SUFFICIENT,하나의 중심 판단으로 수렴해 모델답변·설명으로 직접 대조 가능: “radix sort는 digit representation의 lexicographic ordering을 따른다. signed numeric order와 raw unsigned bit/byte order가 같지 않으므로 sign bit 변환이나 negative/positive partition 같은 명시적 encoding rule이…”,YES_CONTEXT_USED,NO_CONTENT_CHANGE,191,128,0.796
dsa,dsa.core.search-sort.radix-sort.q4,DESCRIPTIVE,PUBLISHED,HARD,dsa.core.search-sort.radix-sort,Unicode 문자열을 UTF-8 raw byte 순서로 radix sort하는 결과가 사용자 locale의 사전식 정렬과 다를 수 있는 이유를 설명하라.,MODEL_ANSWER_SUFFICIENT,"하나의 중심 판단으로 수렴해 모델답변·설명으로 직접 대조 가능: “raw byte lexicographic order는 encoding code-unit 순서를 따르며 locale collation, normalization, case rule과 동일하다는 보장이 없다. radix sort를 쓰기 전에 원하는 string ordering과 canonical representation을 명시해야 한다.”",NOT_APPLICABLE,NO_CONTENT_CHANGE,188,73,0.566
dsa,dsa.core.sequential.array.q2,DESCRIPTIVE,PUBLISHED,MEDIUM,dsa.core.sequential.array,"길이 6인 array `[A,B,C,D,E,F]`의 index 2에 `X`를 삽입하면서 기존 원소 순서를 유지하려면 어떤 원소들이 이동해야 하는가?",MODEL_ANSWER_SUFFICIENT,"하나의 중심 판단으로 수렴해 모델답변·설명으로 직접 대조 가능: “index 2부터 뒤에 있던 C,D,E,F를 각각 한 칸 뒤로 이동시켜 빈 index 2를 만든 뒤 X를 저장해야 한다. 이동량은 삽입 위치 뒤 원소 수에 비례하므로 중간 삽입이 O(n)이 될 수 있다.”",NOT_APPLICABLE,NO_CONTENT_CHANGE,113,45,0.566
dsa,dsa.core.sequential.array.q3,SCENARIO,PUBLISHED,MEDIUM,dsa.core.sequential.array,"100만 개의 primitive 값을 반복해서 순차 scan하는 workload와, 매 연산마다 중간 위치의 원소를 자주 삽입·삭제하는 workload가 있다. 동일한 Big-O 표기만 보지 말고 array가 각각 어떤 장단점을 가지는지 설명하라.",STRUCTURED_CRITERIA_USEFUL,연속 array의 cache-friendly scan | middle insert/delete의 원소 이동 비용 | workload operation 비율에 따른 선택,YES_CONTEXT_USED,NO_CONTENT_CHANGE,161,95,0.736
dsa,dsa.core.sequential.dynamic-array.q3,SCENARIO,PUBLISHED,MEDIUM,dsa.core.sequential.dynamic-array,대부분 append는 빠른데 특정 요청에서만 큰 지연 시간 spike가 보인다. 해당 요청에서 dynamic array가 capacity를 초과했다는 evidence가 있다. amortized O(1)이라는 사실과 이 spike가 동시에 성립할 수 있는 이유를 설명하라.,MODEL_ANSWER_SUFFICIENT,하나의 중심 판단으로 수렴해 모델답변·설명으로 직접 대조 가능: “amortized O(1)은 긴 append sequence의 총 비용을 평균 낸 보장이지 각 append의 worst-case가 O(1)이라는 뜻이 아니다. capacity를 넘는 순간 더 큰 storage를 할당하고 기존 원소를 O(n)만큼 복사할 수 있어 단일 요청에는 spike가 생길 수 있다.”,YES_CONTEXT_USED,NO_CONTENT_CHANGE,169,80,0.638
dsa,dsa.core.sequential.dynamic-array.q4,DESCRIPTIVE,PUBLISHED,MEDIUM,dsa.core.sequential.dynamic-array,"growth factor를 1.1과 2.0 중 선택한다고 하자. resize 빈도, 한 번의 복사량, unused capacity 관점에서 두 선택의 trade-off를 비교하라.",STRUCTURED_CRITERIA_USEFUL,growth 1.1의 낮은 spare capacity와 빈번한 resize/copy | growth 2.0의 적은 resize와 높은 unused/peak memory | peak·tail latency 기준,NOT_APPLICABLE,NO_CONTENT_CHANGE,221,138,0.770
dsa,dsa.core.sequential.singly-linked-list.q1,DESCRIPTIVE,PUBLISHED,EASY,dsa.core.sequential.singly-linked-list,singly linked list에서 특정 node의 predecessor를 이미 알고 있을 때 그 node 다음에 새 node를 삽입하는 데 필요한 핵심 link 변경은?,MODEL_ANSWER_SUFFICIENT,하나의 중심 판단으로 수렴해 모델답변·설명으로 직접 대조 가능: “새 node의 next를 기존 successor로 연결한 뒤 predecessor의 next를 새 node로 바꾸면 된다. 위치 탐색 비용을 제외하면 link 변경 자체는 상수 개다.”,NOT_APPLICABLE,NO_CONTENT_CHANGE,102,172,0.231
dsa,dsa.core.sequential.singly-linked-list.q2,DESCRIPTIVE,PUBLISHED,MEDIUM,dsa.core.sequential.singly-linked-list,head만 알고 있는 singly linked list에서 tail node를 삭제하려면 일반적으로 O(n)이 필요한 이유는?,MODEL_ANSWER_SUFFICIENT,하나의 중심 판단으로 수렴해 모델답변·설명으로 직접 대조 가능: “tail을 제거하려면 새 tail이 될 predecessor의 next를 null로 바꿔야 한다. singly list에는 prev link가 없으므로 head에서 next를 따라 tail의 predecessor를 찾아야 해서 일반적으로 O(n) 순회가 필요하다.”,NOT_APPLICABLE,NO_CONTENT_CHANGE,147,92,0.771
dsa,dsa.core.sequential.singly-linked-list.q3,SCENARIO,PUBLISHED,HARD,dsa.core.sequential.singly-linked-list,`A → B → C`에서 B를 삭제하면서 A.next를 C로 바꾸기 전에 B.next를 null로 먼저 바꿨고 A.next 갱신 중 예외가 발생했다. 어떤 invariant가 깨졌는지와 안전한 update 순서를 설명하라.,MODEL_ANSWER_SUFFICIENT,하나의 중심 판단으로 수렴해 모델답변·설명으로 직접 대조 가능: “A가 여전히 B를 가리키는데 B.next가 null이 되어 C가 기존 list에서 도달 불가능해졌다. 일반적으로 successor C를 먼저 보존하고 A.next를 C로 연결해 list의 reachability를 유지한 뒤 필요하면 제거된 B의 link를 정리한다.”,YES_CONTEXT_USED,NO_CONTENT_CHANGE,148,91,0.772
dsa,dsa.core.sequential.doubly-linked-list.q2,DESCRIPTIVE,PUBLISHED,MEDIUM,dsa.core.sequential.doubly-linked-list,sentinel node를 사용하면 빈 list와 head/tail 삽입·삭제의 경계 처리가 단순해지는 이유를 설명하라.,MODEL_ANSWER_SUFFICIENT,하나의 중심 판단으로 수렴해 모델답변·설명으로 직접 대조 가능: “실제 첫·마지막 node에도 항상 predecessor와 successor 역할을 하는 sentinel이 존재하게 만들어 null 여부에 따른 특수 분기를 줄일 수 있다. 그 대신 sentinel 자체는 data node가 아니라는 invariant를 유지해야 한다.”,NOT_APPLICABLE,NO_CONTENT_CHANGE,149,53,0.534
dsa,dsa.core.sequential.doubly-linked-list.q3,SCENARIO,PUBLISHED,HARD,dsa.core.sequential.doubly-linked-list,LRU에서 map은 key K를 node B에 매핑하지만 list에서는 B가 이미 제거되었고 map entry만 남아 있다. 이후 K hit가 발생하면 어떤 문제가 생기며 map+list가 함께 유지해야 할 invariant는 무엇인가?,STRUCTURED_CRITERIA_USEFUL,map entry에서 live list node로의 참조 | 모든 live list node의 대응 map entry | stale entry가 eviction/link invariant에 미치는 영향,YES_CONTEXT_USED,NO_CONTENT_CHANGE,183,91,0.667
dsa,dsa.core.sequential.array-vs-linked.q2,DESCRIPTIVE,PUBLISHED,MEDIUM,dsa.core.sequential.array-vs-linked,"linked list에서 '삽입 O(1)'이라는 표현에 숨어 있는 전제와, 그 전제가 없을 때의 전체 비용을 설명하라.",MODEL_ANSWER_SUFFICIENT,하나의 중심 판단으로 수렴해 모델답변·설명으로 직접 대조 가능: “삽입할 위치의 node 또는 predecessor를 이미 알고 있다는 전제에서 link 변경만 O(1)이다. index나 key로 위치를 먼저 찾아야 하고 별도 index가 없다면 탐색이 O(n)이어서 전체 operation도 O(n)이 될 수 있다.”,NOT_APPLICABLE,NO_CONTENT_CHANGE,140,79,0.716
dsa,dsa.core.sequential.array-vs-linked.q3,SCENARIO,PUBLISHED,HARD,dsa.core.sequential.array-vs-linked,동일하게 O(n) 순회인 array와 linked list가 실제 CPU 시간에서 크게 다를 수 있는 이유를 설명하라.,MODEL_ANSWER_SUFFICIENT,하나의 중심 판단으로 수렴해 모델답변·설명으로 직접 대조 가능: “점근 복잡도는 원소 수에 따른 성장 차수만 같다고 말한다. array는 연속 memory라 spatial locality와 prefetch에 유리할 수 있지만 linked list는 node allocation이 흩어져 pointer chasing과 cache miss가 늘 수 있다. 실제 workload에서는 memory…”,YES_CONTEXT_USED,NO_CONTENT_CHANGE,219,200,0.506
dsa,dsa.core.sequential.array-vs-linked.q4,DESCRIPTIVE,PUBLISHED,MEDIUM,dsa.core.sequential.array-vs-linked,"중간 삭제가 매우 잦은 workload에서 'linked list가 무조건 array보다 빠르다'고 결론내릴 수 없는 이유를 위치 탐색, locality, allocation 관점에서 설명하라.",STRUCTURED_CRITERIA_USEFUL,linked-list 위치 탐색과 link update 비용 | pointer locality/allocation overhead | array shift 비용과 실제 operation sequence,NOT_APPLICABLE,explanationMarkdown,197,151,0.317
dsa,dsa.core.stack-queue-deque.stack.q2,DESCRIPTIVE,PUBLISHED,MEDIUM,dsa.core.stack-queue-deque.stack,괄호 문자열 `([{}])` 검증에 stack이 자연스러운 이유를 nesting과 LIFO 관점에서 설명하라.,MODEL_ANSWER_SUFFICIENT,하나의 중심 판단으로 수렴해 모델답변·설명으로 직접 대조 가능: “가장 최근에 연 opening bracket이 가장 먼저 닫혀야 한다. opening을 push하고 closing을 만날 때 top과 짝을 검사하면 nested structure의 역순 closure를 LIFO가 그대로 표현한다.”,NOT_APPLICABLE,NO_CONTENT_CHANGE,128,88,0.830
dsa,dsa.core.stack-queue-deque.stack.q3,SCENARIO,PUBLISHED,HARD,dsa.core.stack-queue-deque.stack,사용자가 nesting depth 100만인 문서를 보낼 수 있다. recursive parser와 explicit stack parser 모두에서 어떤 resource risk를 확인해야 하고 어떻게 제한할지 설명하라.,STRUCTURED_CRITERIA_USEFUL,recursive parser call-stack growth | explicit stack heap growth | 공통 nesting-depth input limit/error policy,YES_CONTEXT_USED,NO_CONTENT_CHANGE,161,56,0.491
dsa,dsa.core.stack-queue-deque.queue.q2,DESCRIPTIVE,PUBLISHED,MEDIUM,dsa.core.stack-queue-deque.queue,FIFO queue에서 dequeue 순서와 실제 task completion 순서가 다를 수 있는 이유를 설명하라.,MODEL_ANSWER_SUFFICIENT,하나의 중심 판단으로 수렴해 모델답변·설명으로 직접 대조 가능: “FIFO는 queue에서 task를 꺼내는 선택 순서만 보장한다. 여러 worker가 병렬 실행하면 먼저 dequeue된 task가 오래 걸리고 뒤 task가 빨리 끝날 수 있어 completion order는 달라질 수 있다.”,NOT_APPLICABLE,NO_CONTENT_CHANGE,127,90,0.828
dsa,dsa.core.stack-queue-deque.queue.q3,SCENARIO,PUBLISHED,HARD,dsa.core.stack-queue-deque.queue,"producer 1000 items/s, consumer 600 items/s이고 unbounded queue를 사용한다. 10분 후에도 시스템이 crash하지 않았다는 이유만으로 안정적이라고 볼 수 없는 이유를 설명하라.",MODEL_ANSWER_SUFFICIENT,"하나의 중심 판단으로 수렴해 모델답변·설명으로 직접 대조 가능: “초당 400개의 backlog가 계속 쌓여 queue depth와 waiting time, memory 사용량이 증가한다. unbounded queue가 overload를 지연시킬 뿐 해결하지 않는다. bounded capacity와 block/reject/backpressure 정책이 필요하다.”",YES_CONTEXT_USED,NO_CONTENT_CHANGE,166,97,0.749
dsa,dsa.core.stack-queue-deque.circular-queue.q3,SCENARIO,PUBLISHED,MEDIUM,dsa.core.stack-queue-deque.circular-queue,front==rear만으로 empty와 full을 모두 판정하려 한 구현에서 어떤 ambiguity가 생기는지와 해결 방식 두 가지를 설명하라.,STRUCTURED_CRITERIA_USEFUL,front==rear가 empty/full을 구분하지 못함 | explicit size metadata 방식 | 한 slot reservation 방식,YES_CONTEXT_USED,NO_CONTENT_CHANGE,140,62,0.615
dsa,dsa.core.stack-queue-deque.circular-queue.q4,DESCRIPTIVE,PUBLISHED,HARD,dsa.core.stack-queue-deque.circular-queue,full ring buffer에서 새 로그가 들어오면 oldest를 overwrite하도록 설계했다. 같은 구현을 job queue에 그대로 사용하면 위험할 수 있는 이유를 설명하라.,MODEL_ANSWER_SUFFICIENT,하나의 중심 판단으로 수렴해 모델답변·설명으로 직접 대조 가능: “ring indexing은 같아도 full policy가 다르다. logging에서는 오래된 sample drop이 허용될 수 있지만 job queue에서 unread task를 overwrite하면 작업 유실이 된다. storage shape와 overflow semantics를 분리해야 한다.”,NOT_APPLICABLE,explanationMarkdown,166,122,0.270
dsa,dsa.core.stack-queue-deque.deque.q2,DESCRIPTIVE,PUBLISHED,MEDIUM,dsa.core.stack-queue-deque.deque,deque 하나를 stack처럼 쓰는 operation 조합과 FIFO queue처럼 쓰는 operation 조합을 각각 설명하라.,STRUCTURED_CRITERIA_USEFUL,same-end push/pop의 LIFO semantics | back enqueue/front dequeue의 FIFO semantics,NOT_APPLICABLE,NO_CONTENT_CHANGE,133,84,0.786
dsa,dsa.core.stack-queue-deque.deque.q3,SCENARIO,PUBLISHED,MEDIUM,dsa.core.stack-queue-deque.deque,sliding window maximum에서 deque front와 back이 서로 다른 이유로 제거되는 과정을 설명하라.,MODEL_ANSWER_SUFFICIENT,"하나의 중심 판단으로 수렴해 모델답변·설명으로 직접 대조 가능: “front에서는 index가 current window보다 오래돼 만료된 후보를 제거한다. back에서는 새 값보다 작아 앞으로 maximum이 될 수 없는 dominated 후보를 제거한다. front는 lifetime, back은 candidate dominance를 관리한다.”",YES_CONTEXT_USED,NO_CONTENT_CHANGE,157,106,0.804
dsa,dsa.core.stack-queue-deque.deque.q4,DESCRIPTIVE,PUBLISHED,MEDIUM,dsa.core.stack-queue-deque.deque,deque가 양끝 O(1) operation을 지원한다는 이유만으로 arbitrary priority scheduling에 적합하다고 볼 수 없는 이유를 설명하라.,MODEL_ANSWER_SUFFICIENT,하나의 중심 판단으로 수렴해 모델답변·설명으로 직접 대조 가능: “deque는 front/back 위치에 대한 operation만 빠르게 제공할 뿐 가운데 임의 원소 중 priority 최댓값을 자동으로 찾지 않는다. priority ordering이 필요하면 heap 등 별도 invariant를 가진 자료구조가 필요하다.”,NOT_APPLICABLE,NO_CONTENT_CHANGE,144,59,0.598
dsa,dsa.core.stack-queue-deque.monotonic-stack-queue.q1,DESCRIPTIVE,PUBLISHED,EASY,dsa.core.stack-queue-deque.monotonic-stack-queue,"next greater 문제에서 stack `[5,3]`이 있고 새 값 4가 들어왔다. decreasing monotonic stack을 유지하면서 어떤 원소가 pop되고 그 원소의 next greater는 무엇이 되는가?",MODEL_ANSWER_SUFFICIENT,"하나의 중심 판단으로 수렴해 모델답변·설명으로 직접 대조 가능: “top 3이 4보다 작으므로 pop되고 3의 next greater는 4로 확정된다. 5는 4보다 크므로 남고 새 값 4를 push하면 [5,4]가 된다.”",NOT_APPLICABLE,NO_CONTENT_CHANGE,86,139,0.289
dsa,dsa.core.stack-queue-deque.monotonic-stack-queue.q2,DESCRIPTIVE,PUBLISHED,MEDIUM,dsa.core.stack-queue-deque.monotonic-stack-queue,monotonic stack에서 한 iteration이 여러 원소를 pop할 수 있는데도 전체 n개 입력 처리 비용이 O(n)인 이유를 설명하라.,MODEL_ANSWER_SUFFICIENT,하나의 중심 판단으로 수렴해 모델답변·설명으로 직접 대조 가능: “각 원소는 최대 한 번 push되고 한번 pop되면 다시 stack에 들어오지 않는다. 전체 sequence에서 push 수와 pop 수가 각각 n 이하이므로 총 stack operation 수가 O(n)이다.”,NOT_APPLICABLE,NO_CONTENT_CHANGE,117,68,0.743
dsa,dsa.core.stack-queue-deque.monotonic-stack-queue.q3,SCENARIO,PUBLISHED,MEDIUM,dsa.core.stack-queue-deque.monotonic-stack-queue,sliding-window maximum에서 deque에 value만 저장하고 index를 저장하지 않았다. window가 이동할 때 어떤 correctness 문제가 생기는지 설명하라.,MODEL_ANSWER_SUFFICIENT,하나의 중심 판단으로 수렴해 모델답변·설명으로 직접 대조 가능: “front 후보가 현재 window 밖으로 만료됐는지 판단할 위치 정보가 없다. 같은 value가 여러 번 등장하면 더 구분하기 어렵다. index를 저장해 `index < windowLeft` 조건으로 expired candidate를 제거해야 한다.”,YES_CONTEXT_USED,NO_CONTENT_CHANGE,141,96,0.813
dsa,dsa.core.stack-queue-deque.monotonic-stack-queue.q4,DESCRIPTIVE,PUBLISHED,MEDIUM,dsa.core.stack-queue-deque.monotonic-stack-queue,next greater와 next greater-or-equal 문제에서 pop 조건이 `new > top`인지 `new >= top`인지가 왜 중요한지 duplicate 입력 예로 설명하라.,MODEL_ANSWER_SUFFICIENT,하나의 중심 판단으로 수렴해 모델답변·설명으로 직접 대조 가능: “동일 값이 답으로 인정되는지에 따라 이전 equal element를 새 값이 해결할 수 있는지가 달라진다. strict greater라면 equal에서 pop하면 안 되고 greater-or-equal이라면 pop할 수 있다. 비교 연산 하나가 problem semantics를 바꾼다.”,NOT_APPLICABLE,NO_CONTENT_CHANGE,160,100,0.783
dsa,dsa.core.trees.tree-terminology.q2,DESCRIPTIVE,PUBLISHED,MEDIUM,dsa.core.trees.tree-terminology,node 수가 같은 두 tree에서 한쪽은 균형에 가깝고 다른 쪽은 한 child만 이어지는 chain이다. search path 비용이 달라지는 이유를 height 관점에서 설명하라.,MODEL_ANSWER_SUFFICIENT,하나의 중심 판단으로 수렴해 모델답변·설명으로 직접 대조 가능: “많은 tree operation은 전체 node 수보다 root에서 따라가는 path 길이 h에 비례한다. 균형 tree는 h가 log n 근처일 수 있지만 chain은 h가 n에 가까워 같은 node 수에서도 search 비용이 크게 달라질 수 있다.”,NOT_APPLICABLE,NO_CONTENT_CHANGE,141,81,0.719
dsa,dsa.core.trees.tree-terminology.q3,SCENARIO,PUBLISHED,MEDIUM,dsa.core.trees.tree-terminology,category data에서 하나의 node가 두 parent를 가지고 다른 경로에는 cycle도 존재한다. 이 구조를 일반 rooted tree라고 가정해 traversal code를 작성할 때 어떤 문제가 생기는지 설명하라.,MODEL_ANSWER_SUFFICIENT,하나의 중심 판단으로 수렴해 모델답변·설명으로 직접 대조 가능: “rooted tree는 각 non-root node가 하나의 parent를 갖고 cycle이 없다는 전제를 사용한다. multiple parent는 하나의 path라는 가정을 깨고 cycle은 naive recursion을 무한 반복시킬 수 있다. 실제 model이 graph라면 visited/cycle 정책을 별도로 가져야 한다.”,YES_CONTEXT_USED,NO_CONTENT_CHANGE,186,120,0.789
dsa,dsa.core.trees.binary-tree-traversal.q3,SCENARIO,PUBLISHED,MEDIUM,dsa.core.trees.binary-tree-traversal,"parent resource는 child resource가 모두 제거된 뒤에만 삭제할 수 있다. preorder와 postorder 중 어떤 traversal이 이 dependency에 자연스럽고, 왜 그런지 설명하라.",MODEL_ANSWER_SUFFICIENT,하나의 중심 판단으로 수렴해 모델답변·설명으로 직접 대조 가능: “postorder가 적합하다. left/right child subtree를 먼저 처리한 뒤 parent를 visit하므로 child cleanup 완료 후 parent cleanup이라는 dependency를 traversal order 자체가 표현한다.”,YES_CONTEXT_USED,NO_CONTENT_CHANGE,143,185,0.580
dsa,dsa.core.trees.binary-search-tree.q2,DESCRIPTIVE,PUBLISHED,MEDIUM,dsa.core.trees.binary-search-tree,"BST search 비용을 O(h)라고 할 때 h가 의미하는 값과, balanced/skewed tree에서 h가 어떻게 달라질 수 있는지 설명하라.",MODEL_ANSWER_SUFFICIENT,하나의 중심 판단으로 수렴해 모델답변·설명으로 직접 대조 가능: “h는 tree height다. 균형이 좋으면 h가 O(log n)에 가깝지만 정렬 입력 등으로 한쪽으로 치우치면 O(n)까지 커질 수 있어 BST 자체만으로 logarithmic search가 보장되지는 않는다.”,NOT_APPLICABLE,NO_CONTENT_CHANGE,118,165,0.462
dsa,dsa.core.trees.binary-search-tree.q3,SCENARIO,PUBLISHED,MEDIUM,dsa.core.trees.binary-search-tree,BST의 left subtree 안에 있던 key 4를 node를 옮기지 않고 40으로 mutate했다. 이후 search(40)가 실패할 수 있는 이유를 ordering invariant로 설명하라.,MODEL_ANSWER_SUFFICIENT,하나의 중심 판단으로 수렴해 모델답변·설명으로 직접 대조 가능: “40은 root 비교 결과에 따라 right subtree에서 찾아야 할 값이지만 실제 node는 예전 key 4의 위치인 left subtree에 남아 있다. key mutation이 BST ordering을 깨뜨려 search path가 실제 node가 있는 방향을 버릴 수 있다.”,YES_CONTEXT_USED,NO_CONTENT_CHANGE,159,69,0.615
dsa,dsa.core.trees.balanced-tree-motivation.q1,DESCRIPTIVE,PUBLISHED,EASY,dsa.core.trees.balanced-tree-motivation,"1,2,3,4,5를 빈 plain BST에 순서대로 insert했을 때 예상되는 shape와 search worst-case는?",MODEL_ANSWER_SUFFICIENT,하나의 중심 판단으로 수렴해 모델답변·설명으로 직접 대조 가능: “각 key가 이전 key의 right child가 되는 한쪽 chain에 가까워진다. height가 n에 가까워져 search worst-case가 O(n)이 된다.”,NOT_APPLICABLE,NO_CONTENT_CHANGE,92,159,0.464
dsa,dsa.core.trees.balanced-tree-motivation.q2,DESCRIPTIVE,PUBLISHED,MEDIUM,dsa.core.trees.balanced-tree-motivation,balanced search tree가 plain BST보다 update 구현을 복잡하게 만드는 대신 얻는 핵심 보장은 무엇인가?,MODEL_ANSWER_SUFFICIENT,하나의 중심 판단으로 수렴해 모델답변·설명으로 직접 대조 가능: “height가 한쪽으로 O(n)까지 무너지는 것을 추가 balance invariant와 rotation으로 제한해 search/update path를 O(log n) 수준으로 유지할 수 있다. 그 대가로 metadata와 rebalancing work가 추가된다.”,NOT_APPLICABLE,NO_CONTENT_CHANGE,148,175,0.595
dsa,dsa.core.trees.balanced-tree-motivation.q3,SCENARIO,PUBLISHED,MEDIUM,dsa.core.trees.balanced-tree-motivation,range iteration도 필요하고 external input이 정렬된 순서로 들어올 수 있으며 worst-case 지연 시간이 중요하다. plain BST와 balanced tree 중 무엇을 우선 검토할지 근거를 설명하라.,MODEL_ANSWER_SUFFICIENT,하나의 중심 판단으로 수렴해 모델답변·설명으로 직접 대조 가능: “ordered traversal을 유지하면서 입력 순서와 무관하게 height upper bound를 제한해야 하므로 balanced search tree를 우선 검토한다. plain BST는 정렬 입력에서 skew되어 O(n) path가 될 수 있다. update rebalancing 비용과 memory도 함께 비교해야 한다.”,YES_CONTEXT_USED,NO_CONTENT_CHANGE,184,87,0.626
dsa,dsa.core.trees.tree-rotation.q3,SCENARIO,PUBLISHED,MEDIUM,dsa.core.trees.tree-rotation,rotation 중 B를 y.left에 연결하는 갱신을 빠뜨렸다. key ordering 외에 어떤 구조적 문제가 생길 수 있는지 설명하라.,MODEL_ANSWER_SUFFICIENT,"하나의 중심 판단으로 수렴해 모델답변·설명으로 직접 대조 가능: “B subtree가 새 tree에서 도달 불가능해져 node가 유실되거나, 이전 link를 잘못 유지하면 중복 parent/cycle이 생길 수 있다. rotation은 subtree root, middle subtree, parent 연결을 모두 원자적인 구조 변화로 다뤄야 한다.”",YES_CONTEXT_USED,NO_CONTENT_CHANGE,158,73,0.641
dsa,dsa.core.trees.tree-rotation.q4,DESCRIPTIVE,PUBLISHED,MEDIUM,dsa.core.trees.tree-rotation,rotation 전후 BST inorder는 동일하지만 balance metadata(height/color 등)를 갱신하지 않았다. search가 당장은 맞아도 이후 문제가 생길 수 있는 이유를 설명하라.,MODEL_ANSWER_SUFFICIENT,하나의 중심 판단으로 수렴해 모델답변·설명으로 직접 대조 가능: “ordering correctness와 balance invariant는 별개다. stale metadata를 다음 insert/delete가 신뢰하면 필요한 rotation을 빼먹거나 잘못된 rotation을 수행해 height bound나 red-black/AVL 규칙을 깨뜨릴 수 있다.”,NOT_APPLICABLE,NO_CONTENT_CHANGE,163,117,0.828
dsa,dsa.core.trees.heap.q2,DESCRIPTIVE,PUBLISHED,MEDIUM,dsa.core.trees.heap,"min-heap array `[2,5,4,9,7,8]`에 값 1을 append했다. heap invariant를 복구하기 위해 어떤 방향으로 이동해야 하는지 설명하라.",MODEL_ANSWER_SUFFICIENT,하나의 중심 판단으로 수렴해 모델답변·설명으로 직접 대조 가능: “새 값 1은 마지막 leaf에 들어간 뒤 parent보다 작으므로 parent와 swap하며 위로 sift-up/swim해야 한다. parent-child invariant가 만족될 때까지 root 방향으로 이동한다.”,NOT_APPLICABLE,NO_CONTENT_CHANGE,121,47,0.578
dsa,dsa.core.trees.heap.q3,SCENARIO,PUBLISHED,HARD,dsa.core.trees.heap,min-heap root를 제거한 뒤 마지막 원소 10을 root로 옮겼고 child가 3과 5다. 다음 한 단계에서 무엇을 해야 하며 왜 3을 선택하는가?,MODEL_ANSWER_SUFFICIENT,하나의 중심 판단으로 수렴해 모델답변·설명으로 직접 대조 가능: “10을 더 작은 child 3과 swap해 아래로 sink한다. min-heap에서는 새 parent가 두 child 모두보다 작거나 같아야 하므로 우선순위가 더 높은 작은 child와 바꿔야 invariant를 회복할 수 있다.”,YES_CONTEXT_USED,NO_CONTENT_CHANGE,128,92,0.842
dsa,dsa.core.trees.priority-queue.q1,DESCRIPTIVE,PUBLISHED,EASY,dsa.core.trees.priority-queue,priority queue와 FIFO queue의 ordering 차이를 설명하라.,MODEL_ANSWER_SUFFICIENT,"하나의 중심 판단으로 수렴해 모델답변·설명으로 직접 대조 가능: “FIFO queue는 먼저 들어온 원소를 먼저 꺼내고, priority queue는 삽입 시점과 무관하게 현재 가장 높은/낮은 priority 원소를 선택한다. 동일 priority의 tie 순서는 별도 계약이다.”",NOT_APPLICABLE,NO_CONTENT_CHANGE,119,183,0.351
dsa,dsa.core.trees.priority-queue.q3,SCENARIO,PUBLISHED,HARD,dsa.core.trees.priority-queue,"같은 priority의 task A,B,C가 있고 시스템 요구사항은 동일 priority에서 FIFO다. 단순 heap에 priority 숫자만 저장하면 요구사항을 보장하기 어려운 이유와 해결 방법을 설명하라.",STRUCTURED_CRITERIA_USEFUL,heap priority ordering만으로 동 priority FIFO 보장이 없는 점 | sequence number를 secondary key로 넣어 stable total order 구성,YES_CONTEXT_USED,NO_CONTENT_CHANGE,183,111,0.747
dsa,dsa.core.trees.trie.q1,DESCRIPTIVE,PUBLISHED,EASY,dsa.core.trees.trie,trie에 `app`과 `apple`을 함께 저장할 때 `app` node에 terminal marker가 필요한 이유는?,MODEL_ANSWER_SUFFICIENT,하나의 중심 판단으로 수렴해 모델답변·설명으로 직접 대조 가능: “`app` path는 `apple`의 prefix이기도 하므로 path 존재만으로 app 자체가 저장된 key인지 알 수 없다. app 마지막 node에 terminal marker를 둬 exact key 종료와 단순 prefix를 구분한다.”,NOT_APPLICABLE,NO_CONTENT_CHANGE,135,63,0.658
dsa,dsa.core.trees.trie.q2,DESCRIPTIVE,PUBLISHED,MEDIUM,dsa.core.trees.trie,"`app`, `apple`, `apt`가 저장된 trie에서 `app`만 삭제할 때 어떤 node/path를 보존해야 하는지 설명하라.",MODEL_ANSWER_SUFFICIENT,하나의 중심 판단으로 수렴해 모델답변·설명으로 직접 대조 가능: “app의 terminal marker를 해제하되 `a-p-p` path는 apple이 계속 사용하므로 보존해야 한다. 다른 key가 사용하지 않고 terminal도 아닌 node만 bottom-up으로 제거할 수 있다.”,NOT_APPLICABLE,NO_CONTENT_CHANGE,122,56,0.638
dsa,dsa.core.trees.trie.q3,SCENARIO,PUBLISHED,HARD,dsa.core.trees.trie,alphabet이 매우 크고 각 node가 alphabet 크기만큼 fixed child array를 가진 trie가 있다. 실제로 각 node에는 child가 평균 2개뿐이다. 어떤 memory 문제가 생기며 대안의 trade-off를 설명하라.,STRUCTURED_CRITERIA_USEFUL,fixed alphabet array의 sparse slot memory 낭비 | sparse/compressed child representation 절감 | lookup·pointer·allocation overhead trade-off,YES_CONTEXT_USED,explanationMarkdown,146,159,0.347
dsa,dsa.core.trees.trie.q4,DESCRIPTIVE,PUBLISHED,HARD,dsa.core.trees.trie,사용자 입력을 trie key로 저장할 때 Unicode normalization 정책이 없으면 visually 같은 문자열이 다른 path가 될 수 있는 이유를 설명하라.,MODEL_ANSWER_SUFFICIENT,하나의 중심 판단으로 수렴해 모델답변·설명으로 직접 대조 가능: “겉으로 같은 문자도 서로 다른 code-point sequence로 표현될 수 있어 raw character sequence를 edge로 쓰면 다른 경로가 생성될 수 있다. trie 이전에 canonical normalization/case 정책을 정해 equality 기준을 고정해야 한다.”,NOT_APPLICABLE,NO_CONTENT_CHANGE,163,66,0.595
infrastructure-cloud,infrastructure.core.compute.execution-models.q2,SCENARIO,PUBLISHED,MEDIUM,infrastructure.core.compute.execution-models,"다음 순서로 장애가 발생했다.

1. 애플리케이션이 임시 파일을 container writable layer에만 저장한다.
2. Container가 삭제·재생성된다.
3. 임시 파일이 사라진다.

이를 정상 실패 모델로 보고 설계해야 하는 이유와 필요한 조치는?",MODEL_ANSWER_SUFFICIENT,"하나의 중심 판단으로 수렴해 모델답변·설명으로 직접 대조 가능: “container writable layer는 container lifecycle에 묶여 있어 container가 삭제·재생성되면 보존된다고 가정할 수 없다. 단순 process restart와 container recreation을 구분하고, 재생성 뒤에도 필요한 데이터는 PostgreSQL·volume·object storage처럼…”",YES_CONTEXT_USED,NO_CONTENT_CHANGE,258,196,0.742
infrastructure-cloud,infrastructure.core.compute.execution-models.q3,DESCRIPTIVE,PUBLISHED,HARD,infrastructure.core.compute.execution-models,"Burst traffic을 처리하는 API의 실행 모델을 다음 두 후보 중 선택하려 한다.

- Managed container
- Serverless

비용, 시작 지연 시간, 권한, 운영 책임을 비교하는 판단 기준을 설명하라.",STRUCTURED_CRITERIA_USEFUL,serverless의 idle cost/burst 편의와 cold start·limit | managed container의 runtime control과 capacity 운영 책임 | least privilege·p95/cost evidence,NOT_APPLICABLE,NO_CONTENT_CHANGE,237,175,0.539
infrastructure-cloud,infrastructure.core.compute.resource-boundaries.q2,SCENARIO,PUBLISHED,MEDIUM,infrastructure.core.compute.resource-boundaries,"트래픽 증가 시 다음 증상이 함께 발생한다.

| Resource | 관측된 상태 |
| --- | --- |
| CPU | 사용률이 limit 근처에서 throttle됨 |
| Memory | limit 초과로 container가 종료됨 |

두 증상을 같은 방식으로 조정하면 안 되는 이유는?",STRUCTURED_CRITERIA_USEFUL,CPU throttling이 latency/throughput에 미치는 효과 | memory limit의 OOM kill/restart 효과 | 각 resource별 적절한 concurrency·heap·headroom 조정,YES_CONTEXT_USED,NO_CONTENT_CHANGE,196,191,0.626
infrastructure-cloud,infrastructure.core.compute.resource-boundaries.q3,DESCRIPTIVE,PUBLISHED,HARD,infrastructure.core.compute.resource-boundaries,"JVM 서비스의 container memory limit을 정할 때 heap만 보고 결정하면 어떤 장애가 생길 수 있는지, downstream capacity와 함께 어떤 식으로 산정할지 설명하라.",STRUCTURED_CRITERIA_USEFUL,heap 밖 metaspace/stack/direct/native memory와 container OOM | JVM peak/headroom 기반 memory sizing | replica/request와 DB/downstream capacity budget,NOT_APPLICABLE,NO_CONTENT_CHANGE,258,215,0.651
infrastructure-cloud,infrastructure.core.compute.configuration-secrets.q2,SCENARIO,PUBLISHED,MEDIUM,infrastructure.core.compute.configuration-secrets,"Secret rotation 뒤 pod와 connection 상태가 다음처럼 다르다.

1. 새 pod는 새 credential을 사용한다.
2. 기존 pod의 DB connection은 구 credential로 계속 살아 있다.

완전한 rotation을 위해 무엇을 확인해야 하는가?",MODEL_ANSWER_SUFFICIENT,"하나의 중심 판단으로 수렴해 모델답변·설명으로 직접 대조 가능: “환경 변수나 mounted secret의 변경만으로 이미 생성된 connection의 credential이 바뀌지 않을 수 있다. 새 secret을 주입한 pod를 순차적으로 교체하고 connection pool을 drain·재생성하며, 구 credential 폐기 시점과 실패·rollback 절차를 검증해야 한다.”",YES_CONTEXT_USED,NO_CONTENT_CHANGE,177,171,0.484
infrastructure-cloud,infrastructure.core.compute.configuration-secrets.q3,DESCRIPTIVE,PUBLISHED,HARD,infrastructure.core.compute.configuration-secrets,"Configuration과 secret이 거치는 다음 전체 흐름에서 secret leakage를 줄이고 least privilege를 유지하는 설계를 설명하라.

- Build
- 배포
- Runtime
- 로그와 trace
- Rotation과 폐기",STRUCTURED_CRITERIA_USEFUL,build/image에 secret 배제·runtime 최소권한 주입 | log/trace/crash dump redaction·access audit | rotation·revocation·manifest 추적 경계,NOT_APPLICABLE,NO_CONTENT_CHANGE,261,195,0.383
infrastructure-cloud,infrastructure.core.network.network-boundaries.q2,SCENARIO,PUBLISHED,MEDIUM,infrastructure.core.network.network-boundaries,public API가 사용자가 입력한 URL을 fetch하는 기능을 제공한다. application authentication은 통과했지만 private metadata endpoint에도 접근할 수 있다면 어떤 경계가 빠진 것인가?,MODEL_ANSWER_SUFFICIENT,"하나의 중심 판단으로 수렴해 모델답변·설명으로 직접 대조 가능: “사용자 인증은 애플리케이션 identity를 확인할 뿐 server의 outbound destination을 제한하지 않는다. URL allowlist·scheme/port 검증과 private address 및 redirect 재검사, egress firewall·network policy를 함께 적용하고 DNS rebinding과…”",YES_CONTEXT_USED,NO_CONTENT_CHANGE,205,162,0.559
infrastructure-cloud,infrastructure.core.network.network-boundaries.q3,DESCRIPTIVE,PUBLISHED,HARD,infrastructure.core.network.network-boundaries,NetworkPolicy 같은 네트워크 경계 통제와 애플리케이션 인증·인가를 중복으로 두는 이유와 각 계층의 한계를 설명하라.,STRUCTURED_CRITERIA_USEFUL,network policy의 pod/port reachability 통제 한계 | application auth의 user/object 권한과 우회 위험 | 독립 계층 최소화와 flow evidence,NOT_APPLICABLE,NO_CONTENT_CHANGE,245,200,0.485
infrastructure-cloud,infrastructure.core.network.load-balancing-ingress.q2,SCENARIO,PUBLISHED,MEDIUM,infrastructure.core.network.load-balancing-ingress,"두 instance 뒤의 API가 로그인 session을 local memory에만 저장한다.

1. 사용자가 한 instance에서 로그인한다.
2. 다음 요청이 다른 instance로 routing된다.
3. 사용자가 로그아웃된 상태가 된다.

해결책을 선택할 때 함께 판단해야 할 조건은?",STRUCTURED_CRITERIA_USEFUL,sticky session의 빠른 완화와 instance/scale 취약성 | stateless token 또는 shared store 대안 | store availability·latency·revocation/invalidation,YES_CONTEXT_USED,NO_CONTENT_CHANGE,165,198,0.412
infrastructure-cloud,infrastructure.core.network.load-balancing-ingress.q3,DESCRIPTIVE,PUBLISHED,HARD,infrastructure.core.network.load-balancing-ingress,"Rolling deployment에서 새 instance로 traffic을 넘길 때 다음 요소를 함께 설계해야 하는 이유를 설명하라.

- Connection drain
- Readiness
- TLS termination
- Health check",STRUCTURED_CRITERIA_USEFUL,readiness 후 traffic 등록 | 기존 connection drain/graceful removal | TLS termination boundary | routing health check scope,NOT_APPLICABLE,NO_CONTENT_CHANGE,312,194,0.429
infrastructure-cloud,infrastructure.core.network.dns-tls.q2,SCENARIO,PUBLISHED,MEDIUM,infrastructure.core.network.dns-tls,"인증서 교체 중 instance 상태가 다음처럼 나뉘었다.

- 일부 instance: 새 certificate 제공
- 일부 instance: 만료 직전 certificate 제공

가능한 원인과 안전한 운영 조치는?",MODEL_ANSWER_SUFFICIENT,"하나의 중심 판단으로 수렴해 모델답변·설명으로 직접 대조 가능: “certificate file 갱신과 process가 읽는 in-memory certificate lifecycle이 일치하지 않거나 rolling restart가 완료되지 않은 상태일 수 있다. 새 certificate를 검증한 뒤 instance별 reload·restart를 점진적으로 수행하고, handshake 실패와…”",YES_CONTEXT_USED,NO_CONTENT_CHANGE,248,183,0.402
infrastructure-cloud,infrastructure.core.network.dns-tls.q3,DESCRIPTIVE,PUBLISHED,HARD,infrastructure.core.network.dns-tls,"새 endpoint로 DNS record를 바꾸는 배포 계획을 세우고 있다.

다음 조건을 함께 고려한 전환·rollback 계획을 설명하라.

- TTL과 resolver cache
- TLS certificate SAN
- 구·신 endpoint의 운영 기간",STRUCTURED_CRITERIA_USEFUL,resolver TTL·negative cache가 늦추는 DNS 전환/rollback | certificate SAN·trust validation | 구·신 endpoint overlap과 health 비교,NOT_APPLICABLE,NO_CONTENT_CHANGE,244,164,0.303
infrastructure-cloud,infrastructure.core.reliability.storage-models.q2,SCENARIO,PUBLISHED,MEDIUM,infrastructure.core.reliability.storage-models,"다음 순서로 파일 업로드를 처리했다.

1. Object body는 storage에 저장되었다.
2. DB metadata transaction은 실패했다.
3. 재시작 뒤 storage에 orphan object가 남았다.

이 orphan object를 방지하려면 어떻게 설계할 수 있는가?",STRUCTURED_CRITERIA_USEFUL,DB pending/upload/finalize workflow boundary | orphan storage object reconciliation/retention | retry/delete idempotency,YES_CONTEXT_USED,NO_CONTENT_CHANGE,216,187,0.376
infrastructure-cloud,infrastructure.core.reliability.storage-models.q3,DESCRIPTIVE,PUBLISHED,HARD,infrastructure.core.reliability.storage-models,"업로드 파일의 저장 위치를 다음 후보 중 선택하려 한다.

- Object storage
- Block volume
- Database blob

Durability, access pattern, backup, 가용성을 비교하는 기준을 설명하라.",STRUCTURED_CRITERIA_USEFUL,object storage의 immutable large-object access/durability | block/file volume의 low-latency filesystem access | DB blob의 transaction 편의 대 DB·backup 부담,NOT_APPLICABLE,NO_CONTENT_CHANGE,294,208,0.617
infrastructure-cloud,infrastructure.core.reliability.backup-restore.q2,SCENARIO,PUBLISHED,MEDIUM,infrastructure.core.reliability.backup-restore,"다음 두 결과가 서로 다르다.

- 매일 실행되는 backup job: 성공
- 실제 restore: archive 일부가 손상되어 실패

어떤 검증을 추가해야 하는가?",STRUCTURED_CRITERIA_USEFUL,backup artifact checksum/manifest 검증 | isolated restore 및 application consistency test | RPO/RTO와 credential/schema/DNS dependency runbook,YES_CONTEXT_USED,NO_CONTENT_CHANGE,198,164,0.423
infrastructure-cloud,infrastructure.core.reliability.backup-restore.q3,DESCRIPTIVE,PUBLISHED,HARD,infrastructure.core.reliability.backup-restore,"고가용성 replica가 있는데도 독립 backup과 restore rehearsal가 필요한 이유를, PostgreSQL 같은 canonical database를 기준으로 설명하라.",STRUCTURED_CRITERIA_USEFUL,replica가 corruption/delete를 복제하는 점 | point-in-time independent backup 필요 | 실제 restore로 RPO/RTO·호환성 검증,NOT_APPLICABLE,NO_CONTENT_CHANGE,240,166,0.423
infrastructure-cloud,infrastructure.core.reliability.iac-rollout.q2,SCENARIO,PUBLISHED,MEDIUM,infrastructure.core.reliability.iac-rollout,"Rolling rollout 중 다음 상태가 관측된다.

1. 새 version의 readiness probe는 통과한다.
2. Downstream schema는 아직 준비되지 않았다.
3. 실제 요청은 오류를 반환한다.

어떤 배포 순서와 guard를 검토해야 하는가?",STRUCTURED_CRITERIA_USEFUL,readiness와 downstream schema 호환성 분리 | expand/contract·dependency preflight | canary error gate와 rollback 순서,YES_CONTEXT_USED,NO_CONTENT_CHANGE,229,192,0.310
infrastructure-cloud,infrastructure.core.reliability.iac-rollout.q3,DESCRIPTIVE,PUBLISHED,HARD,infrastructure.core.reliability.iac-rollout,"IaC 변경을 rollback했지만 결과는 다음과 같다.

- Compute와 network: 이전 상태로 복구됨
- Database migration: 유지됨
- 외부 결제 설정: 유지됨

이 경계에서 안전한 rollout·rollback 계약을 어떻게 설계할지 설명하라.",STRUCTURED_CRITERIA_USEFUL,reversible infrastructure state와 durable schema migration 구분 | provider 외부 side effect compensation/idempotency | canary/approval/restore runbook,NOT_APPLICABLE,NO_CONTENT_CHANGE,323,199,0.266
java,java.core.api-design.static-factory-method.q7,DESCRIPTIVE,PUBLISHED,MEDIUM,java.core.api-design.static-factory-method,"`Money` 생성 API가 통화별 scale 검증을 수행하고, 자주 쓰는 통화별 zero 값을 재사용하며, 호출자에게는 구체 구현 타입을 숨기고 싶다. 생성자보다 static factory가 이 요구를 표현하기 좋은 이유를 설명하라. Static factory를 쓴다고 자동으로 보장되지 않는 것도 함께 설명하라.",STRUCTURED_CRITERIA_USEFUL,named validation·reusable/hidden implementation construction benefit | factory alone가 보장하지 않는 immutability/cache/thread safety,NOT_APPLICABLE,NO_CONTENT_CHANGE,255,141,0.247
java,java.core.api-design.dependency-injection-construction.q6,SCENARIO,PUBLISHED,MEDIUM,java.core.api-design.dependency-injection-construction,"`ReportService`는 constructor로 `ReportRepository`를 주입받지만, 메서드 안에서 매번 `new ExternalMailer()`를 만들어 메일을 전송한다. 이 설계에서 dependency가 여전히 숨겨져 있다고 볼 수 있는 이유와 생성자 주입으로 바꿨을 때 테스트·설정·lifecycle 측면에서 달라지는 점을 설명하라.",STRUCTURED_CRITERIA_USEFUL,constructor signature에 숨은 collaborator 노출 | fake 기반 테스트 대체 가능성 | client configuration·reuse·lifecycle 분리,YES_CONTEXT_USED,NO_CONTENT_CHANGE,286,180,0.192
java,java.core.api-design.method-contract-parameter-validation.q7,DESCRIPTIVE,PUBLISHED,MEDIUM,java.core.api-design.method-contract-parameter-validation,"`transfer(Account from, Account to, Money amount)`에서 `from`, `to`, `amount` 각각은 null이 아니고 amount도 양수다. 하지만 `from == to`인 이체는 허용하지 않는다. 이런 cross-parameter 규칙을 호출자마다 따로 검사하는 것보다 transfer 경계에서 검증해야 하는 이유와 실패 시점의 장점을 설명하라.",MODEL_ANSWER_SUFFICIENT,"하나의 중심 판단으로 수렴해 모델답변·설명으로 직접 대조 가능: “각 인자 자체가 유효해도 인자 사이의 조합이 메서드 계약을 위반할 수 있다. Transfer operation을 소유한 경계에서 `from != to`를 검증하면 모든 호출 경로가 같은 invariant를 적용하고, 잘못된 입력이 내부 처리나 외부 side effect까지 진행되기 전에 즉시 실패한다. 호출자마다 검사하면 한 경로에서…”",NOT_APPLICABLE,NO_CONTENT_CHANGE,214,175,0.184
java,java.core.coding-tests.comparator-for-coding-tests.q7,SCENARIO,PUBLISHED,HARD,java.core.coding-tests.comparator-for-coding-tests,"다음 순서로 참가자를 정렬해야 한다.

1. 점수는 높은 순
2. 점수가 같으면 소요 시간은 짧은 순
3. 둘 다 같으면 참가자 id는 작은 순

`score`, `time`, `id`가 모두 `int` 전체 범위를 사용할 수 있다고 할 때 overflow와 `reversed()` 범위까지 고려한 Comparator 설계를 설명하라.",STRUCTURED_CRITERIA_USEFUL,score 내림차순 우선순위 | time·id 오름차순 tie-break 순서 | subtraction overflow와 scoped reversed 방지,YES_CONTEXT_USED,NO_CONTENT_CHANGE,257,152,0.267
java,java.core.coding-tests.priorityqueue-coding-tests.q7,SCENARIO,PUBLISHED,HARD,java.core.coding-tests.priorityqueue-coding-tests|java.core.coding-tests.comparator-for-coding-tests,"작업을 `priority` 오름차순, 같은 priority면 입력 순번 오름차순으로 처리해야 한다. 그런데 `Job` 객체를 PriorityQueue에 넣은 뒤 외부 코드가 `priority`를 수정할 수 있다. 안정적인 구현을 위해 데이터 모델과 Comparator를 어떻게 구성할지 설명하라.",STRUCTURED_CRITERIA_USEFUL,priority 변경 불가한 queue key state | sequence-based equal-priority FIFO | priority update 시 remove/reinsert semantics,YES_CONTEXT_USED,NO_CONTENT_CHANGE,297,166,0.218
java,java.core.coding-tests.hashmap-hashset-counting.q7,SCENARIO,PUBLISHED,HARD,java.core.coding-tests.hashmap-hashset-counting|java.core.coding-tests.comparator-for-coding-tests|java.core.coding-tests.sorting-arrays-collections,"입력 단어의 빈도를 세고 `빈도 높은 순 → 빈도가 같으면 단어 사전순`으로 모두 출력해야 한다. HashMap, 정렬, Comparator를 어떻게 조합할지 설명하라.",STRUCTURED_CRITERIA_USEFUL,Map 기반 frequency 집계 | frequency 내림차순 정렬 | word 오름차순 tie-break와 HashMap 순서 배제,YES_CONTEXT_USED,NO_CONTENT_CHANGE,333,143,0.239
java,java.core.coding-tests.priorityqueue-coding-tests.q8,SCENARIO,PUBLISHED,HARD,java.core.coding-tests.priorityqueue-coding-tests,"Dijkstra 구현에서 `PriorityQueue<Node>` 안의 기존 entry를 직접 decrease-key 하지 않고, 더 짧은 거리를 찾을 때마다 새 `(node, distance)` entry를 추가한다. 그러면 같은 node의 예전 더 큰 거리 entry도 queue에 남는다. 이 구현이 안전하려면 `poll()` 직후 어떤 검사를 해야 하며, 그 검사가 없으면 어떤 문제가 생길 수 있는지 설명하라.",MODEL_ANSWER_SUFFICIENT,하나의 중심 판단으로 수렴해 모델답변·설명으로 직접 대조 가능: “Queue에서 꺼낸 entry의 distance가 현재 `dist[node]`와 다르면 그 entry는 더 짧은 경로가 발견되기 전에 들어간 stale entry이므로 건너뛰는 것이 일반적이다. 보통 `if (current.distance() != dist[current.node()]) continue;` 같은 검사를 둔다. 비음수…”,YES_CONTEXT_USED,NO_CONTENT_CHANGE,394,270,0.160
java,java.core.collections.arraylist-linkedlist-tradeoff.q7,SCENARIO,PUBLISHED,HARD,java.core.collections.arraylist-linkedlist-tradeoff,목록에 100만 건이 있고 대부분 순회와 index 조회다. 가끔 중간 삽입이 필요하지만 삽입 위치를 찾는 비용도 포함해야 한다면 기본 선택과 확인할 근거는?,MODEL_ANSWER_SUFFICIENT,"하나의 중심 판단으로 수렴해 모델답변·설명으로 직접 대조 가능: “대부분 순회와 index 조회라면 ArrayList를 우선 검토한다. LinkedList의 노드 연결 변경이 위치를 이미 알고 있을 때만 유리하며, index로 위치를 찾는 비용과 노드 allocation·cache locality까지 실제 workload로 측정한다.”",YES_CONTEXT_USED,NO_CONTENT_CHANGE,150,68,0.186
java,java.core.collections.list-set-map-contracts.q7,SCENARIO,PUBLISHED,MEDIUM,java.core.collections.list-set-map-contracts,"`List<Order>`의 `subList(0, 10)`을 별도 목록 snapshot처럼 저장해 두었다. 이후 원본 List에 구조적 변경이 발생하자 subList 사용에서 예상치 못한 동작이나 `ConcurrentModificationException`이 발생했다. `subList`를 독립 collection이 아니라 backing list의 view로 이해해야 하는 이유와 snapshot이 필요할 때의 설계를 설명하라.",MODEL_ANSWER_SUFFICIENT,하나의 중심 판단으로 수렴해 모델답변·설명으로 직접 대조 가능: “`subList`는 원본 List의 지정 범위를 바라보는 view이므로 원본과 구조를 공유한다. View와 backing list를 계약에 맞지 않게 따로 구조 변경하면 view의 상태가 유효하지 않거나 fail-fast 예외가 발생할 수 있다. 원본과 독립된 시점 snapshot이 필요하다면 `new…”,YES_CONTEXT_USED,NO_CONTENT_CHANGE,243,116,0.116
java,java.core.collections.immutable-unmodifiable-collections.q7,DESCRIPTIVE,PUBLISHED,MEDIUM,java.core.collections.immutable-unmodifiable-collections,"서비스가 `Collections.unmodifiableList(source)`를 캐시해 다른 컴포넌트에 전달했다. 전달받은 쪽에서는 수정할 수 없지만 source 소유자가 나중에 `clear()`를 호출하자 캐시 내용도 사라졌다. Unmodifiable view와 immutable snapshot의 차이를 설명하고, 외부 변경과 분리된 결과가 필요할 때 무엇을 사용해야 하는지 설명하라.",STRUCTURED_CRITERIA_USEFUL,unmodifiable reference가 backing collection과 공유됨 | source 구조 변경과 분리하는 snapshot copy | mutable element의 deep immutability 한계,NOT_APPLICABLE,NO_CONTENT_CHANGE,305,106,0.216
java,java.core.concurrency.atomic-cas.q7,SCENARIO,PUBLISHED,HARD,java.core.concurrency.atomic-cas,"재고와 주문 상태를 다음처럼 별도 atomic variable로 갱신한다.

- 재고 수량: `AtomicInteger`
- 주문 상태: `AtomicReference`
- 요구 계약: 두 갱신이 항상 함께 성공해야 함

단일 atomic variable만으로 충분한가? 실패 시 재고를 되돌리는 retry 설계의 한계까지 설명하라.",STRUCTURED_CRITERIA_USEFUL,서로 다른 atomic의 비원자 복합 invariant | 하나의 lock/immutable CAS state로 함께 commit | 외부 side effect rollback/transaction 경계,YES_CONTEXT_USED,NO_CONTENT_CHANGE,175,62,0.191
java,java.core.concurrency.concurrency-vs-parallelism.q5,DESCRIPTIVE,PUBLISHED,MEDIUM,java.core.concurrency.concurrency-vs-parallelism,"CPU core가 하나인 서버에서 두 요청 작업이 번갈아 실행되고, 각 작업은 중간에 외부 I/O를 기다린다. 이 환경에서도 concurrency가 유용할 수 있는 이유를 parallelism과 구분해 설명하고, thread 수를 계속 늘렸을 때 어느 지점부터 이득이 줄어들 수 있는지도 설명하라.",STRUCTURED_CRITERIA_USEFUL,single-core interleaved I/O concurrency와 simultaneous parallelism 차이 | thread 증가의 scheduler/memory 비용 | connection/downstream capacity limit,NOT_APPLICABLE,NO_CONTENT_CHANGE,295,286,0.097
java,java.core.concurrency.platform-virtual-thread.q7,SCENARIO,PUBLISHED,HARD,java.core.concurrency.platform-virtual-thread,"요청마다 virtual thread를 사용하는 API가 있다. 동시에 10,000개의 요청을 받아도 virtual thread 생성 자체는 큰 문제가 없지만 DB connection pool은 30개이고, 부하가 커지자 connection wait와 API p99 지연 시간이 급증했다. Virtual thread를 도입했는데도 병목이 사라지지 않은 이유와 필요한 동시성 제어를 설명하라.",STRUCTURED_CRITERIA_USEFUL,virtual thread 생성 scalability와 DB connection capacity 분리 | 30-connection pool 대기·p99 관측 | downstream budget 기반 admission control,YES_CONTEXT_USED,NO_CONTENT_CHANGE,421,357,0.194
java,java.core.concurrency.shared-mutable-state-race.q7,DESCRIPTIVE,PUBLISHED,HARD,java.core.concurrency.shared-mutable-state-race,"다음 재고 코드에서 `stock`을 `volatile int`로 바꾸면 두 thread의 동시 차감을 안전하게 만들 수 있는가? 이유와 보호해야 할 원자적 경계를 설명하라.

```java
if (stock > 0) {
    stock--;
}
```",MODEL_ANSWER_SUFFICIENT,하나의 중심 판단으로 수렴해 모델답변·설명으로 직접 대조 가능: “안전하지 않다. volatile은 최신 값 관찰과 happens-before 관계에는 도움을 주지만 `stock > 0` 확인과 `stock--`의 read-modify-write 전체를 하나의 원자 연산으로 만들지 않는다. 두 thread가 같은 양수 값을 확인한 뒤 모두 차감할 수 있으므로 check와 update를 하나의 lock…”,NOT_APPLICABLE,NO_CONTENT_CHANGE,266,249,0.239
java,java.core.concurrency.jmm-happens-before-visibility.q7,DESCRIPTIVE,PUBLISHED,HARD,java.core.concurrency.jmm-happens-before-visibility,"Thread A와 B가 다음 규칙으로 동작한다.

```java
int data = 0;
volatile boolean ready = false;

// Thread A
data = 42;
ready = true;

// Thread B
if (ready) {
    System.out.println(data);
}
```

B가 `ready == true`를 관찰했다면 `data == 42`를 관찰할 수 있는 이유를 happens-before 관계로 설명하라. `ready`가 일반 boolean이면 무엇이 달라지는지도 설명하라.",MODEL_ANSWER_SUFFICIENT,"하나의 중심 판단으로 수렴해 모델답변·설명으로 직접 대조 가능: “A의 `data = 42`는 program order상 `ready = true`보다 앞선다. Volatile write인 `ready = true`는 같은 volatile field의 이후 read가 true 값을 관찰할 때 그 read보다 happens-before하고, happens-before의 transitivity로…”",NOT_APPLICABLE,NO_CONTENT_CHANGE,342,302,0.169
java,java.core.concurrency.threadlocal-context.q7,SCENARIO,PUBLISHED,MEDIUM,java.core.concurrency.threadlocal-context,고정 thread pool에서 요청 A가 `ThreadLocal`에 `userId=10`을 저장한 뒤 `remove()`를 호출하지 않았다. 이후 같은 worker thread가 요청 B를 처리하면서 초기화 전에 ThreadLocal 값을 읽었다. 어떤 문제가 생길 수 있으며 요청 단위 context를 안전하게 다루려면 무엇을 보장해야 하는가?,MODEL_ANSWER_SUFFICIENT,하나의 중심 판단으로 수렴해 모델답변·설명으로 직접 대조 가능: “Worker thread가 재사용되므로 요청 B가 A의 userId를 읽는 context leakage가 발생할 수 있다. 요청 시작 시 값을 명시적으로 설정하고 반드시 finally에서 remove/restore하는 lifecycle을 보장하거나 context propagation을 관리하는 framework 경계를 사용해야 한다.…”,YES_CONTEXT_USED,NO_CONTENT_CHANGE,289,222,0.172
java,java.core.concurrency.future-completablefuture.q7,SCENARIO,PUBLISHED,HARD,java.core.concurrency.future-completablefuture,"결제 HTTP 호출을 `CompletableFuture`로 감쌌다. Client timeout 뒤 애플리케이션에서 future를 cancel했지만 결제 서버에서는 이미 승인 side effect가 발생할 수 있다. `CompletableFuture`의 취소와 실제 외부 작업 취소를 구분하고, 재시도 시 중복 결제를 막기 위해 필요한 계약을 설명하라.",MODEL_ANSWER_SUFFICIENT,하나의 중심 판단으로 수렴해 모델답변·설명으로 직접 대조 가능: “CompletableFuture의 cancellation은 result graph의 완료 상태를 바꾸는 것이며 이미 실행 중인 외부 HTTP 요청과 원격 side effect가 반드시 중단된다는 보장은 없다. Client가 timeout을 봤을 때 결과는 unknown일 수 있으므로 외부 호출에 deadline/cancellation을…”,YES_CONTEXT_USED,NO_CONTENT_CHANGE,303,232,0.288
java,java.core.design-patterns.strategy-pattern.q7,SCENARIO,PUBLISHED,MEDIUM,java.core.design-patterns.strategy-pattern,"결제 수단별 수수료 계산 분기가 한 service에 계속 추가된다. Strategy로 분리할 때 어떤 variation을 interface 계약으로 만들고, 단순 if/else가 더 나은 경우는 언제인가?",MODEL_ANSWER_SUFFICIENT,하나의 중심 판단으로 수렴해 모델답변·설명으로 직접 대조 가능: “수수료 계산처럼 같은 책임의 정책이 독립적으로 추가·교체되고 호출자는 공통 입력/출력만 알면 될 때 Strategy 계약으로 분리한다. 정책이 하나뿐이고 변경 축도 작다면 추상화를 늘리지 않고 명확한 if가 더 읽기 좋다.”,YES_CONTEXT_USED,NO_CONTENT_CHANGE,124,77,0.225
java,java.core.design-patterns.strategy-pattern.q8,SCENARIO,PUBLISHED,HARD,java.core.design-patterns.strategy-pattern,"`Checkout`은 할인 정책을 Strategy로 받는다. 새 `CouponPolicy`가 할인 금액 계산뿐 아니라 `Order`의 상태를 직접 `DISCOUNTED`로 바꾸고 coupon 사용 기록도 저장하기 시작했다. Strategy의 책임 경계가 왜 흐려졌다고 볼 수 있는지, 계산 정책과 공통 상태 전이를 어떻게 나누는 것이 좋은지 설명하라.",MODEL_ANSWER_SUFFICIENT,"하나의 중심 판단으로 수렴해 모델답변·설명으로 직접 대조 가능: “Strategy의 공통 계약이 할인 계산이라면 구현마다 주문 상태 변경이나 저장 side effect까지 소유하게 할 경우 교체 가능한 정책들이 서로 다른 부작용을 가지게 되어 context가 기대할 수 있는 계약이 깨진다. Strategy는 할인 결과나 결정 값을 반환하고, Checkout이 그 결과를 바탕으로 주문 상태 전이와…”",YES_CONTEXT_USED,NO_CONTENT_CHANGE,288,189,0.208
java,java.core.design-patterns.observer-pattern.q5,SCENARIO,PUBLISHED,HARD,java.core.design-patterns.observer-pattern,"`OrderService`가 DB transaction 안에서 주문을 저장한 뒤 동기 Observer 두 개를 순서대로 호출한다. 첫 observer는 이미 이메일을 발송했고, 두 번째 observer가 예외를 던져 transaction은 rollback됐다. 이 구조에서 어떤 일관성 문제가 생겼는가? 동기 Observer를 유지할 경우와 transaction 밖의 비동기 이벤트로 분리할 경우 각각 어떤 경계를 설계해야 하는지 설명하라.",MODEL_ANSWER_SUFFICIENT,하나의 중심 판단으로 수렴해 모델답변·설명으로 직접 대조 가능: “외부 이메일 side effect는 이미 발생했지만 DB 주문은 rollback되어 서로 다른 시스템의 상태가 어긋났다. 동기 Observer를 transaction 안에 둘 경우 observer가 수행해도 되는 작업과 예외 전파 정책을 제한하고 transaction과 같은 원자성 경계가 아닌 외부 side effect를 함부로…”,YES_CONTEXT_USED,NO_CONTENT_CHANGE,309,181,0.334
java,java.core.design-patterns.state-pattern.q5,DESCRIPTIVE,PUBLISHED,MEDIUM,java.core.design-patterns.state-pattern,"주문이 `paid`, `cancelled` 두 boolean으로 상태를 표현한다. 코드가 커지면서 `paid=true && cancelled=true` 같은 조합도 만들어지고, 메서드마다 허용 여부를 별도 if문으로 검사한다. State를 하나의 명시적 상태와 전이 규칙으로 모델링하면 어떤 문제가 줄어드는지 설명하라.",MODEL_ANSWER_SUFFICIENT,"하나의 중심 판단으로 수렴해 모델답변·설명으로 직접 대조 가능: “서로 독립 boolean으로 하나의 상태를 표현하면 실제로 허용하지 않는 조합까지 표현할 수 있고, 각 메서드가 조합을 해석하는 규칙도 중복된다. `PENDING`, `PAID`, `CANCELLED`처럼 하나의 현재 상태를 두고 상태별 허용 action과 다음 상태를 명시하면 impossible state를 줄이고 전이 규칙을…”",NOT_APPLICABLE,NO_CONTENT_CHANGE,240,147,0.153
java,java.core.enum-modeling.enum-ordinal-name-persistence.q5,SCENARIO,PUBLISHED,MEDIUM,java.core.enum-modeling.enum-ordinal-name-persistence,"외부 시스템이 문자열 상태 code를 보내고 애플리케이션은 이를 enum으로 변환한다. 새 버전의 외부 시스템이 아직 우리 코드에는 없는 `""paused""` 값을 보내기 시작했다. 단순 `Enum.valueOf()`에만 의존하면 어떤 호환성 문제가 생기며, 외부 code와 내부 enum을 매핑할 때 어떤 fallback/error 정책을 명시해야 하는지 설명하라.",MODEL_ANSWER_SUFFICIENT,"하나의 중심 판단으로 수렴해 모델답변·설명으로 직접 대조 가능: “Enum.valueOf는 enum 상수 이름과 정확히 일치하는 문자열만 허용하므로 알 수 없는 새 code는 IllegalArgumentException으로 실패한다. 외부 protocol의 code를 내부 enum 이름과 분리해 명시적 parser/map으로 관리하고, unknown 값이 오면 요청을 거부할지 UNKNOWN 상태로…”",YES_CONTEXT_USED,NO_CONTENT_CHANGE,303,216,0.180
java,java.core.exceptions-resources.failure-atomicity.q5,SCENARIO,PUBLISHED,HARD,java.core.exceptions-resources.failure-atomicity,"`Order.addLineItem()`의 실행 흐름은 다음과 같다.

1. 주문 금액을 먼저 변경한다.
2. 재고 검증에서 예외를 던진다.
3. 호출자는 예외를 catch하고 같은 주문 객체를 재사용한다.

어떤 문제가 생기며 실패 atomicity를 지키는 구현 경계를 어떻게 설계해야 하는가?",MODEL_ANSWER_SUFFICIENT,"하나의 중심 판단으로 수렴해 모델답변·설명으로 직접 대조 가능: “예외가 난 뒤에도 금액이 일부 변경된 객체가 남아 다음 호출이 잘못된 상태에서 시작할 수 있다. 검증과 계산을 side effect 전에 끝내거나 임시 상태에서 모두 성공한 뒤 한 번에 반영하고, 실패 시 객체가 호출 전 상태로 남는 계약을 둔다.”",YES_CONTEXT_USED,NO_CONTENT_CHANGE,138,124,0.124
java,java.core.exceptions-resources.exception-propagation-catch-boundary.q7,SCENARIO,PUBLISHED,MEDIUM,java.core.exceptions-resources.exception-propagation-catch-boundary,"Repository가 IOException을 catch한 뒤 stack trace를 로그로 남기고 `StorageFailure`로 감싸 다시 던진다. Service도 같은 예외를 다시 로그로 남기고 HTTP 경계도 503 응답 직전에 또 로그를 남긴다. 장애 한 번에 로그가 세 번 찍히는 이 구조의 문제와, 예외 번역·로그 책임을 어디에 둘지 설명하라.",STRUCTURED_CRITERIA_USEFUL,중간 계층 중복 log의 signal/noise 비용 | 경계별 의미 있는 exception translation과 cause 보존 | request/correlation context를 가진 단일 최종 log,YES_CONTEXT_USED,NO_CONTENT_CHANGE,277,155,0.128
java,java.core.exceptions-resources.exception-translation-cause.q6,DESCRIPTIVE,PUBLISHED,MEDIUM,java.core.exceptions-resources.exception-translation-cause,"파일 기반 설정을 읽는 infrastructure code가 `IOException`을 그대로 domain service까지 던지고 있다. Domain service는 파일이라는 구현 세부를 알 필요가 없다. 예외를 번역한다면 어떤 정보는 숨기고 어떤 정보는 cause로 보존해야 하며, 번역한 예외가 호출자에게 어떤 의미를 제공해야 하는지 설명하라.",MODEL_ANSWER_SUFFICIENT,"하나의 중심 판단으로 수렴해 모델답변·설명으로 직접 대조 가능: “상위 계층에는 `ConfigurationLoadFailure`처럼 현재 계층에서 이해할 수 있는 실패 의미를 제공하고, 파일 경로·I/O 구현 타입 같은 세부는 public contract로 퍼뜨리지 않을 수 있다. 다만 진단 가능성을 위해 원래 IOException은 cause로 보존해 stack trace와 근본 원인을 추적할 수…”",NOT_APPLICABLE,NO_CONTENT_CHANGE,252,108,0.199
java,java.core.exceptions-resources.try-with-resources-suppressed.q8,DESCRIPTIVE,PUBLISHED,MEDIUM,java.core.exceptions-resources.try-with-resources-suppressed,Try-with-resources 본문은 정상적으로 결과 객체를 만들었지만 scope를 빠져나오며 `close()`가 IOException을 던졌다. 메서드가 결과를 이미 계산했다는 이유로 정상 반환된다고 볼 수 있는가? Resource 정리가 메서드 완료 시점과 예외 결과에 어떤 영향을 주는지 설명하라.,MODEL_ANSWER_SUFFICIENT,"하나의 중심 판단으로 수렴해 모델답변·설명으로 직접 대조 가능: “정상 반환으로 볼 수 없다. Try-with-resources는 본문이 끝난 뒤 resource close까지 수행한 다음 scope를 빠져나오므로, 본문에서 반환 값을 계산했더라도 close가 예외를 던지면 메서드 호출 자체가 예외로 완료될 수 있다. 본문 예외가 따로 없으면 close 예외가 주 예외가 된다. 따라서 resource…”",NOT_APPLICABLE,NO_CONTENT_CHANGE,237,138,0.293
java,java.core.exceptions-resources.autocloseable-resource-ownership.q7,SCENARIO,PUBLISHED,MEDIUM,java.core.exceptions-resources.autocloseable-resource-ownership,"메서드가 `Files.lines(path)`로 만든 `Stream<String>`을 그대로 반환한다. 호출자는 그 Stream이 파일 handle을 소유한다는 사실을 모른 채 terminal operation만 호출한다. 이 API의 resource ownership이 왜 불명확한지 설명하고, 더 안전한 두 가지 설계 대안을 제시하라.",MODEL_ANSWER_SUFFICIENT,"하나의 중심 판단으로 수렴해 모델답변·설명으로 직접 대조 가능: “Files.lines가 반환하는 Stream은 사용 후 close해야 할 I/O resource를 소유할 수 있는데, 단순 Stream 반환만으로는 호출자가 close 책임을 쉽게 놓칠 수 있다. 한 방법은 메서드 내부 try-with-resources에서 모두 소비해 `List<String>` 같은 비-resource 결과만 반환하는…”",YES_CONTEXT_USED,NO_CONTENT_CHANGE,341,172,0.278
java,java.core.functional.behavior-parameterization.q7,DESCRIPTIVE,PUBLISHED,MEDIUM,java.core.functional.behavior-parameterization,같은 주문 목록 순회 코드에서 할인 정책만 바뀐다. 정책을 if/else 플래그로 늘리는 대신 함수형 인터페이스를 전달할 때 얻는 변화와 주의점을 설명하라.,MODEL_ANSWER_SUFFICIENT,"하나의 중심 판단으로 수렴해 모델답변·설명으로 직접 대조 가능: “공통 순회와 달라지는 계산을 분리해 호출자가 정책을 전달하므로 정책 수가 늘어도 본문이 같은 흐름으로 유지된다. 다만 lambda가 상태·의존성·lifecycle을 많이 갖게 되거나 실행 경계가 복잡해지면 이름 있는 협력 객체가 더 명확할 수 있고, 캡처한 mutable state의 수명과 동시성도 별도로 확인한다.”",NOT_APPLICABLE,NO_CONTENT_CHANGE,177,103,0.104
java,java.core.functional.functional-interface.q6,DESCRIPTIVE,PUBLISHED,MEDIUM,java.core.functional.functional-interface,"다음 API는 `Function<Path, String>`을 받는다. 구현 lambda 안에서는 `Files.readString(path)`처럼 checked `IOException`이 발생할 수 있다. 표준 `Function`의 계약과 checked exception이 맞지 않을 때 왜 그대로 던질 수 없는지 설명하고, 예외를 감싸는 방법과 checked exception을 선언하는 별도 함수형 인터페이스를 만드는 방법의 trade-off를 설명하라.",STRUCTURED_CRITERIA_USEFUL,표준 Function의 checked-exception signature 제약 | unchecked translation의 composition과 의미 | throws 선언 별도 interface의 명시성·adapter 비용,NOT_APPLICABLE,NO_CONTENT_CHANGE,359,157,0.161
java,java.core.functional.behavior-parameterization.q8,SCENARIO,PUBLISHED,HARD,java.core.functional.behavior-parameterization,"`select(users, rule)`은 모든 User를 순회하며 `rule.test(user)`를 호출한다. 새 rule이 각 User마다 원격 권한 API를 호출하기 시작하자 1,000명의 목록 처리에서 원격 호출도 1,000번 발생했다. Behavior parameterization 자체는 유지하면서 이 설계에서 무엇을 다시 분리해야 하는지 설명하라.",MODEL_ANSWER_SUFFICIENT,"하나의 중심 판단으로 수렴해 모델답변·설명으로 직접 대조 가능: “순회 알고리즘과 선택 정책을 분리했다는 구조는 유지할 수 있지만, rule 한 번의 평가 비용이 더 이상 단순 계산이 아니다. 반복문 내부에서 원격 I/O를 숨기면 호출 수와 지연이 입력 크기에 비례해 커진다. 필요한 권한 정보를 batch로 미리 조회하거나 local lookup 가능한 context를 준비한 뒤 rule은 그…”",YES_CONTEXT_USED,NO_CONTENT_CHANGE,280,190,0.176
java,java.core.functional.lambda-capture-effectively-final.q7,SCENARIO,PUBLISHED,HARD,java.core.functional.lambda-capture-effectively-final,`final List<Integer> results = new ArrayList<>();`를 여러 비동기 task의 lambda가 capture하고 각 task가 `results.add(value)`를 호출한다. Reference가 final이므로 이 코드는 컴파일될 수 있다. 그렇다고 thread-safe한 것은 아닌 이유와 안전한 대안을 설명하라.,STRUCTURED_CRITERIA_USEFUL,final reference binding과 mutable object thread-safety 구분 | 공유 ArrayList의 race/corruption | Future aggregation·concurrent collection·lock 대안,YES_CONTEXT_USED,NO_CONTENT_CHANGE,307,148,0.192
java,java.core.functional.method-reference-functional-composition.q5,DESCRIPTIVE,PUBLISHED,MEDIUM,java.core.functional.method-reference-functional-composition,"`normalize = trim.andThen(parse).andThen(validate)`처럼 Function을 조합했다. `parse`가 runtime exception을 던지면 뒤의 `validate`가 실행되지 않는다. 함수 합성이 성공 경로의 순서를 표현하는 것과 실패 처리 정책을 표현하는 것은 왜 별개인지 설명하고, 실패를 도메인 계약으로 다뤄야 한다면 어떤 선택지가 있는지 설명하라.",STRUCTURED_CRITERIA_USEFUL,andThen 정상 경로 실행 순서 | exception 시 이후 stage 미실행 | Result-like failure value 또는 boundary translation 계약,NOT_APPLICABLE,NO_CONTENT_CHANGE,234,128,0.094
java,java.core.generics.wildcards-pecs.q7,DESCRIPTIVE,PUBLISHED,MEDIUM,java.core.generics.wildcards-pecs,"메서드가 List<? extends Number>를 받아 모든 값을 읽은 뒤 합계를 계산한다. 이 시그니처에서 List에 임의의 Number를 추가할 수 없는 이유와, 값을 추가해야 할 때의 설계를 설명하라.",STRUCTURED_CRITERIA_USEFUL,extends producer의 안전한 read | unknown subtype에 대한 write 제한 | super/구체 타입으로 consumer input 설계,NOT_APPLICABLE,NO_CONTENT_CHANGE,156,67,0.197
java,java.core.generics.wildcards-pecs.q8,DESCRIPTIVE,PUBLISHED,MEDIUM,java.core.generics.wildcards-pecs,"다음 메서드는 Integer 목록을 Number 목록으로 복사할 수 있어야 한다.

```java
static <T> void copy(List<? extends T> src, List<? super T> dst) {
    for (T value : src) {
        dst.add(value);
    }
}
```

왜 source에는 `extends`, destination에는 `super`가 필요한지 각각 읽기·쓰기 관점에서 설명하라. `List<T>` 두 개로만 받는 것보다 어떤 호출 범위를 넓히는지도 설명하라.",STRUCTURED_CRITERIA_USEFUL,extends source에서 T로 안전한 read | super destination에 T write | List<T> 제약 대비 호환 subtype 호출 범위,NOT_APPLICABLE,NO_CONTENT_CHANGE,267,124,0.108
java,java.core.generics.type-erasure-reifiable-types.q7,DESCRIPTIVE,PUBLISHED,MEDIUM,java.core.generics.type-erasure-reifiable-types,"다음 두 overload를 같은 클래스에 선언하려 한다.

```java
void process(List<String> values) {}
void process(List<Integer> values) {}
```

왜 Java에서는 이 두 메서드를 함께 선언할 수 없는지 type erasure와 메서드 signature 관점에서 설명하고, API를 구분하려면 어떤 대안을 사용할 수 있는지 설명하라.",MODEL_ANSWER_SUFFICIENT,"하나의 중심 판단으로 수렴해 모델답변·설명으로 직접 대조 가능: “컴파일 후 두 매개변수의 parameterized type 정보가 erasure되어 둘 다 사실상 `process(List)` 형태의 같은 JVM signature로 충돌한다. 그래서 type argument만 다른 overload는 선언할 수 없다. 메서드 이름을 다르게 하거나, 별도의 wrapper/type token을 매개변수에…”",NOT_APPLICABLE,NO_CONTENT_CHANGE,243,145,0.224
java,java.core.generics.generic-types-methods.q6,DESCRIPTIVE,PUBLISHED,MEDIUM,java.core.generics.generic-types-methods,JSON decoder registry가 runtime에 `Class<T>`를 받아 그 타입에 맞는 decoder를 찾고 `T`를 반환한다. Generic type parameter만으로는 runtime에 `T.class`를 사용할 수 없는 이유와 `Class<T>` 같은 type token이 어떤 정보를 보완하는지 설명하라.,MODEL_ANSWER_SUFFICIENT,하나의 중심 판단으로 수렴해 모델답변·설명으로 직접 대조 가능: “일반적인 type parameter T는 erasure 때문에 runtime에 독립적인 Class 객체 형태로 자동 보존되지 않으므로 메서드 내부에서 임의의 `T.class`를 만들 수 없다. 호출자가 `Class<T>`를 함께 전달하면 runtime class identity를 명시적으로 제공할 수 있고 registry…”,NOT_APPLICABLE,NO_CONTENT_CHANGE,283,171,0.315
java,java.core.generics.generic-varargs-heap-pollution.q6,SCENARIO,PUBLISHED,HARD,java.core.generics.generic-varargs-heap-pollution,`@SafeVarargs`가 붙은 generic varargs 메서드가 전달받은 `T... values` 배열 reference를 static field에 저장해 다른 코드에 노출한다. 메서드 내부에서 배열에 잘못된 값을 직접 쓰지 않더라도 왜 `@SafeVarargs` 보증을 의심해야 하는지 설명하라.,MODEL_ANSWER_SUFFICIENT,하나의 중심 판단으로 수렴해 모델답변·설명으로 직접 대조 가능: “Generic varargs는 runtime에 reifiable하지 않은 element type의 배열을 다루므로 배열 reference가 외부로 escape하면 다른 코드가 Object[] alias 등을 통해 배열 내용을 오염시킬 가능성이 생긴다. `@SafeVarargs`는 호출 경고를 숨기는 장식이 아니라 구현이 varargs…”,YES_CONTEXT_USED,NO_CONTENT_CHANGE,318,149,0.319
java,java.core.io-nio.path-files-api.q7,SCENARIO,PUBLISHED,HARD,java.core.io-nio.path-files-api,"애플리케이션이 사용자 입력 `../reports/today.csv`를 받아 파일을 읽는다.

다음 요구를 각각 어느 경계에서 처리할지 설명하라.

- 허용된 base directory 밖 접근 차단
- 실제 filesystem I/O 실패 처리
- 큰 파일의 bounded 처리와 API 선택",STRUCTURED_CRITERIA_USEFUL,normalized/real path와 symlink 기반 base-directory containment | filesystem I/O 오류 처리 | untrusted large-file bounded streaming 선택,YES_CONTEXT_USED,NO_CONTENT_CHANGE,273,152,0.115
java,java.core.io-nio.blocking-nonblocking-selector.q7,SCENARIO,PUBLISHED,HARD,java.core.io-nio.blocking-nonblocking-selector|java.core.io-nio.nio-channel-buffer,"한 non-blocking TCP channel에서 다음 순서로 byte가 도착한다.

1. `OP_READ` ready가 된다.
2. 첫 `read()`에는 length prefix 4 byte 중 2 byte만 들어온다.
3. 다음 selection에는 나머지 header와 payload 일부가 들어온다.

Selector loop와 Buffer가 데이터를 안전하게 이어 처리하려면 어떤 상태와 책임을 추적해야 하는가?",STRUCTURED_CRITERIA_USEFUL,partial read별 Buffer position/limit 유지 | compact/flip으로 추가 byte 누적 | complete header/payload parsing·EOF/zero-read/key lifecycle,YES_CONTEXT_USED,NO_CONTENT_CHANGE,357,222,0.216
java,java.core.io-nio.byte-character-stream-charset.q7,SCENARIO,PUBLISHED,HARD,java.core.io-nio.byte-character-stream-charset,"UTF-8 TCP 데이터를 4 byte씩 읽고 매 chunk마다 `new String(bytes, UTF_8)`로 바로 변환한다. 어떤 한글 문자의 multi-byte sequence가 두 chunk 사이에 나뉘면 문자열이 깨질 수 있다. 왜 chunk boundary와 character boundary가 일치하지 않는지, streaming decode에서는 어떤 상태를 보존해야 하는지 설명하라.",MODEL_ANSWER_SUFFICIENT,하나의 중심 판단으로 수렴해 모델답변·설명으로 직접 대조 가능: “UTF-8 문자는 1~4 byte를 사용할 수 있으므로 임의의 network/file chunk 끝이 한 문자의 byte sequence 중간일 수 있다. Chunk를 각각 독립 문자열로 decode하면 첫 chunk의 불완전 sequence가 malformed/replacement로 처리되고 다음 chunk와 다시 합칠 기회를…”,YES_CONTEXT_USED,NO_CONTENT_CHANGE,361,145,0.212
java,java.core.jvm-runtime.runtime-diagnostics-jcmd-jstack-jfr.q7,SCENARIO,PUBLISHED,HARD,java.core.jvm-runtime.runtime-diagnostics-jcmd-jstack-jfr,"API 지연 시간이 상승했지만 CPU는 낮다. `jstack`에서는 다수의 요청 thread가 같은 외부 호출을 기다린다.

어떤 가설을 세울 수 있으며, 한 번의 thread dump만으로 결론 내리지 않기 위해 무엇을 추가로 관찰해야 하는가?",MODEL_ANSWER_SUFFICIENT,"하나의 중심 판단으로 수렴해 모델답변·설명으로 직접 대조 가능: “외부 호출 지연 시간이나 connection pool 대기가 병목일 가능성을 세운다. 시간 간격을 둔 여러 thread dump와 요청/remote 지연 시간, pool 사용량, timeout·error metric을 함께 비교해 thread 상태가 지속되는지와 원인을 분리한다.”",YES_CONTEXT_USED,NO_CONTENT_CHANGE,156,87,0.074
java,java.core.jvm-runtime.jdk-jvm-classfile.q7,DESCRIPTIVE,PUBLISHED,MEDIUM,java.core.jvm-runtime.jdk-jvm-classfile,"같은 `.class` 파일을 서로 다른 OS의 JVM에서 실행했는데 관찰되는 Java 동작은 같지만 실제 생성된 machine code와 최적화 결과는 다를 수 있다. Java source, class file bytecode, JVM 구현, native code의 경계를 나눠 설명하라.",MODEL_ANSWER_SUFFICIENT,하나의 중심 판단으로 수렴해 모델답변·설명으로 직접 대조 가능: “javac는 Java source를 JVM specification이 정의한 class file과 bytecode 형태로 만든다. JVM 구현은 그 class file을 해석하거나 JIT compile해 현재 CPU/OS에 맞는 native code로 실행할 수 있다. Class file과 Java/JVMS가 보장하는 관찰 가능한…”,NOT_APPLICABLE,NO_CONTENT_CHANGE,275,209,0.268
java,java.core.jvm-runtime.class-loading-linking-initialization.q7,DESCRIPTIVE,PUBLISHED,MEDIUM,java.core.jvm-runtime.class-loading-linking-initialization,"어떤 class의 static field가 `static int value = loadValue();`로 선언되어 있다. 이 class가 처음 active use될 때 loading, linking의 preparation, initialization에서 `value`가 각각 어떤 의미를 가지는지 설명하라.",STRUCTURED_CRITERIA_USEFUL,loading으로 runtime class 구성 | preparation의 static storage·default value | initialization에서 source initializer 실행,NOT_APPLICABLE,NO_CONTENT_CHANGE,301,245,0.053
java,java.core.jvm-runtime.classloader-delegation-type-identity.q7,SCENARIO,PUBLISHED,HARD,java.core.jvm-runtime.classloader-delegation-type-identity,플러그인 class loader가 parent delegation을 우회해 애플리케이션과 같은 binary name의 `com.example.Plugin` interface까지 별도로 define했다. 플러그인 구현 객체를 애플리케이션 쪽 `com.example.Plugin`으로 cast할 때 실패할 수 있는 이유와 loader 경계 설계 방법을 설명하라.,STRUCTURED_CRITERIA_USEFUL,runtime type identity에서 binary name과 defining loader 결합 | shared API parent delegation과 implementation loader 분리,YES_CONTEXT_USED,NO_CONTENT_CHANGE,302,211,0.216
java,java.core.jvm-runtime.jvm-runtime-data-areas-frames.q7,DESCRIPTIVE,PUBLISHED,MEDIUM,java.core.jvm-runtime.jvm-runtime-data-areas-frames,재귀 메서드가 호출될 때마다 작은 객체 하나를 heap에 만들고 다시 자신을 호출한다. Heap 여유가 충분한데도 깊은 재귀에서 `StackOverflowError`가 발생할 수 있는 이유를 stack frame과 heap object의 수명 관점에서 설명하라.,MODEL_ANSWER_SUFFICIENT,하나의 중심 판단으로 수렴해 모델답변·설명으로 직접 대조 가능: “각 메서드 호출은 현재 thread의 Java stack에 별도 frame을 만들고 이전 호출이 끝나기 전 재귀 호출을 하면 frame이 계속 누적된다. Frame 수가 thread stack 한계를 넘으면 heap 여유와 무관하게 StackOverflowError가 발생할 수 있다. 메서드 안에서 생성한 객체는 heap에 있고 참조가…”,NOT_APPLICABLE,NO_CONTENT_CHANGE,284,224,0.225
java,java.core.jvm-runtime.heap-metaspace-native-thread-memory.q7,SCENARIO,PUBLISHED,HARD,java.core.jvm-runtime.heap-metaspace-native-thread-memory,JVM 옵션은 `-Xmx512m`인데 OS에서 본 Java process RSS가 약 900MB까지 올라갔다. 많은 thread와 direct buffer를 사용하는 서비스라면 이 현상을 어떻게 설명하고 어떤 메모리 영역을 추가로 확인해야 하는가?,STRUCTURED_CRITERIA_USEFUL,Xmx가 제한하는 heap과 process RSS 구분 | metaspace·stack·direct/native/code 영역 산정 | NMT/jcmd 기반 영역별 evidence,YES_CONTEXT_USED,NO_CONTENT_CHANGE,329,239,0.384
java,java.core.jvm-runtime.jit-hotspot-warmup.q7,DESCRIPTIVE,PUBLISHED,HARD,java.core.jvm-runtime.jit-hotspot-warmup,새 JVM을 띄운 직후 첫 수백 요청은 느리지만 이후 동일 요청의 지연 시간이 낮아졌다. 이 현상을 무조건 ‘JIT 덕분’이라고 단정하지 말아야 하는 이유와 성능 측정에서 warm-up을 어떻게 다뤄야 하는지 설명하라.,STRUCTURED_CRITERIA_USEFUL,class/JIT/cache/connection/GC 등 warm-up 원인 분리 | warm-up 대 steady-state 측정 경계 | JFR/compilation evidence로 원인 검증,NOT_APPLICABLE,NO_CONTENT_CHANGE,314,250,0.345
java,java.core.language-types.numeric-conversion-overflow.q5,SCENARIO,PUBLISHED,MEDIUM,java.core.language-types.numeric-conversion-overflow,"외부 API의 `long` ID를 내부 legacy 코드의 `int` ID로 넘겨야 한다. 단순 `(int) externalId` cast를 사용하면 어떤 문제가 생길 수 있으며, 범위를 벗어난 값을 조용히 잘라내지 않도록 경계에서 어떤 방식으로 검증하는 것이 좋은지 설명하라.",MODEL_ANSWER_SUFFICIENT,하나의 중심 판단으로 수렴해 모델답변·설명으로 직접 대조 가능: “long 값을 int로 narrowing cast하면 상위 비트가 잘려 전혀 다른 int 값으로 바뀔 수 있고 예외가 자동으로 발생하지 않는다. 외부 ID가 int 범위라는 계약을 경계에서 명시적으로 검사하거나 `Math.toIntExact`처럼 범위를 벗어나면 실패하는 변환을 사용해 잘못된 식별자가 내부로 들어오지 않게 해야 한다.…”,YES_CONTEXT_USED,NO_CONTENT_CHANGE,231,172,0.144
java,java.core.language-types.boxing-unboxing-wrapper.q7,DESCRIPTIVE,PUBLISHED,MEDIUM,java.core.language-types.boxing-unboxing-wrapper,"`Map<String, Integer> counts`에서 다음 코드를 사용한다.

```java
int count = counts.get(key);
```

key가 없거나 Map에 `null` 값이 저장될 수 있다면 어떤 실패가 발생할 수 있는가? `null`을 '0'과 구분해야 하는 경우와 0으로 취급해도 되는 경우 각각 어떤 API를 선택할지 설명하라.",STRUCTURED_CRITERIA_USEFUL,absent/null과 primitive unboxing NPE | missing을 보존하는 nullable/Optional result | absence를 zero와 동일시하는 getOrDefault 정책,NOT_APPLICABLE,NO_CONTENT_CHANGE,250,164,0.235
java,java.core.metadata-compatibility.binary-compatibility-api-evolution.q5,SCENARIO,PUBLISHED,HARD,java.core.metadata-compatibility.binary-compatibility-api-evolution,라이브러리 v2에서 public 메서드의 매개변수 타입을 바꾸고 기존 애플리케이션을 재컴파일하지 않았다. 배포 시 어떤 호환성 실패가 발생할 수 있으며 안전한 진화 방법은 무엇인가?,MODEL_ANSWER_SUFFICIENT,하나의 중심 판단으로 수렴해 모델답변·설명으로 직접 대조 가능: “기존 class file이 기대하는 메서드 descriptor를 찾지 못해 linkage 계열 오류가 날 수 있다. 기존 signature를 유지하고 overload/deprecation으로 단계적으로 이동하거나 major version과 재컴파일 경계를 명확히 하며 binary/source compatibility를 각각 검증한다.”,YES_CONTEXT_USED,NO_CONTENT_CHANGE,187,53,0.112
java,java.core.metadata-compatibility.dynamic-proxy-invocationhandler.q7,DESCRIPTIVE,PUBLISHED,HARD,java.core.metadata-compatibility.dynamic-proxy-invocationhandler,"JDK dynamic proxy가 `Service` interface 호출에 logging을 적용한다. 외부에서 `proxy.outer()`를 호출하면 handler가 실행되지만, target의 `outer()` 내부에서 `this.inner()`를 호출할 때는 `inner()` logging이 적용되지 않는다. 왜 이런 self-invocation이 proxy를 우회하는지 설명하라.",MODEL_ANSWER_SUFFICIENT,하나의 중심 판단으로 수렴해 모델답변·설명으로 직접 대조 가능: “Handler가 가로채는 것은 proxy object에 들어온 interface method 호출이다. Proxy가 target.outer를 호출한 뒤 target 내부의 `this.inner()`는 proxy를 다시 거치지 않고 실제 target 객체의 메서드를 직접 호출하므로 InvocationHandler에 도달하지 않는다. 내부…”,NOT_APPLICABLE,NO_CONTENT_CHANGE,295,154,0.212
java,java.core.metadata-compatibility.serialization-contract-risk.q5,SCENARIO,PUBLISHED,HARD,java.core.metadata-compatibility.serialization-contract-risk,외부 사용자가 보낸 Java native serialization byte stream을 그대로 `ObjectInputStream.readObject()`로 역직렬화하려 한다. `serialVersionUID`를 맞추면 안전하다고 볼 수 없는 이유와 신뢰할 수 없는 입력 경계에서 더 안전한 접근을 설명하라.,STRUCTURED_CRITERIA_USEFUL,serialVersionUID의 version compatibility 역할 | untrusted object graph의 execution/security 위험 | explicit DTO/schema validation과 object filter 경계,YES_CONTEXT_USED,NO_CONTENT_CHANGE,336,140,0.202
java,java.core.metadata-compatibility.jpms-classpath-modulepath.q5,DESCRIPTIVE,PUBLISHED,HARD,java.core.metadata-compatibility.jpms-classpath-modulepath,Module A가 `com.example.model` package를 `exports`해서 다른 module의 일반 코드 호출은 가능하다. 그런데 runtime framework가 private field를 deep reflection으로 읽으려 하자 실패했다. `exports`와 `opens`가 해결하는 접근 경계의 차이를 설명하라.,STRUCTURED_CRITERIA_USEFUL,exports의 public compile-time access | opens의 deep reflective access | qualified module boundary,NOT_APPLICABLE,NO_CONTENT_CHANGE,282,194,0.349
java,java.core.metadata-compatibility.binary-compatibility-api-evolution.q6,SCENARIO,PUBLISHED,HARD,java.core.metadata-compatibility.binary-compatibility-api-evolution,"Library에 `public static final int DEFAULT_TIMEOUT = 30;`이라는 compile-time constant가 있다. 이를 v2에서 60으로 바꾼 뒤 library JAR만 교체했는데, 재컴파일하지 않은 기존 client가 여전히 30을 사용할 수 있다. 왜 이런 일이 가능한지와 public constant 값을 변경할 때의 compatibility 주의를 설명하라.",MODEL_ANSWER_SUFFICIENT,하나의 중심 판단으로 수렴해 모델답변·설명으로 직접 대조 가능: “Primitive/String compile-time constant는 client를 컴파일할 때 constant value가 client class file에 inline될 수 있다. 그래서 library field가 v2에서 60으로 바뀌어도 기존 binary가 field를 runtime에 다시 읽지 않고 이미 포함된 30을 사용할…”,YES_CONTEXT_USED,NO_CONTENT_CHANGE,304,148,0.237
java,java.core.modern-language.record-data-modeling.q7,DESCRIPTIVE,PUBLISHED,MEDIUM,java.core.modern-language.record-data-modeling,"record `OrderLine`을 DTO로 사용하다가 검증, 상태 변화, lazy-loaded 연관관계가 필요한 domain 객체로 확장하려 한다. record를 그대로 유지할지 일반 class로 바꿀지 판단 기준을 설명하라.",MODEL_ANSWER_SUFFICIENT,"하나의 중심 판단으로 수렴해 모델답변·설명으로 직접 대조 가능: “구성 값 자체가 중심이고 생성 후 상태 변화가 거의 없는 carrier라면 record가 잘 맞는다. 반대로 identity, 상태 전이, persistence lifecycle, proxy/lazy loading처럼 행동과 생명주기가 중심이면 일반 class/entity로 분리하고 그 계약을 직접 설계한다.”",NOT_APPLICABLE,NO_CONTENT_CHANGE,173,119,0.252
java,java.core.modern-language.sealed-types-closed-hierarchy.q5,DESCRIPTIVE,PUBLISHED,MEDIUM,java.core.modern-language.sealed-types-closed-hierarchy,"`PaymentResult`가 `Success`, `Failure`만 허용하는 sealed hierarchy이고 여러 모듈에서 exhaustive switch로 처리하고 있다. 새 `Pending` subtype을 추가하려 한다. Sealed hierarchy가 변경 영향을 줄여 주는 도구이면서 동시에 기존 처리 코드를 다시 검토하게 만드는 이유를 설명하라.",MODEL_ANSWER_SUFFICIENT,하나의 중심 판단으로 수렴해 모델답변·설명으로 직접 대조 가능: “Sealed hierarchy는 가능한 subtype 집합을 명시하므로 compiler가 exhaustive switch의 누락을 발견하는 데 도움을 준다. 따라서 새 Pending을 추가하면 기존에 Success/Failure만 완전한 경우의 수라고 가정한 switch가 재컴파일 시 누락 case로 드러날 수 있다. 이것은 변경…”,NOT_APPLICABLE,NO_CONTENT_CHANGE,284,147,0.299
java,java.core.modern-language.optional-return-boundary.q7,SCENARIO,PUBLISHED,MEDIUM,java.core.modern-language.optional-return-boundary,"Repository가 DB timeout과 ‘조회 결과 없음’을 모두 `Optional.empty()`로 반환한다. Service는 empty를 보고 404를 반환한다. 이 설계가 장애와 정상 부재를 어떻게 혼동하는지 설명하고, Optional과 예외를 각각 어떤 의미에 사용하는 것이 좋은지 설명하라.",MODEL_ANSWER_SUFFICIENT,하나의 중심 판단으로 수렴해 모델답변·설명으로 직접 대조 가능: “`Optional.empty()`가 정상적인 미존재와 인프라 장애를 동시에 뜻하면 service는 retry 가능한 DB 장애를 404로 잘못 번역할 수 있고 관측성도 잃는다. 값이 없을 수 있다는 정상 결과만 Optional로 표현하고 timeout·connection failure 같은 operation 실패는 예외나 별도…”,YES_CONTEXT_USED,NO_CONTENT_CHANGE,268,103,0.100
java,java.core.object-contracts.equals-contract.q7,DESCRIPTIVE,PUBLISHED,HARD,java.core.object-contracts.equals-contract,"DB 저장 전에는 `id == null`이고 저장 후 generated id가 채워지는 Entity가 있다. `equals`를 id만으로 구현하려 할 때 transient Entity 두 개를 어떻게 비교할지, 저장 전후 동일 객체의 equality 의미가 바뀌는 문제를 포함해 왜 신중해야 하는지 설명하라.",STRUCTURED_CRITERIA_USEFUL,transient null generated ID 비교의 모호성 | persist 후 equality/hash lifecycle 변화 | proxy·stable business key와 Entity-specific identity policy,NOT_APPLICABLE,NO_CONTENT_CHANGE,302,189,0.171
java,java.core.object-contracts.hashcode-contract.q7,SCENARIO,PUBLISHED,HARD,java.core.object-contracts.hashcode-contract,"`UserKey`의 `equals/hashCode`가 mutable `email`을 사용한다. 이 객체를 `HashSet`에 넣은 뒤 email을 변경하면 `set.contains(key)`가 false가 될 수 있는 이유를 hash bucket 관점에서 설명하고, hash 기반 collection의 key에 적합한 상태 조건을 설명하라.",MODEL_ANSWER_SUFFICIENT,하나의 중심 판단으로 수렴해 모델답변·설명으로 직접 대조 가능: “삽입 시 HashSet은 당시 hashCode를 기준으로 bucket을 선택한다. 이후 email이 바뀌어 hashCode가 달라지면 contains는 새로운 hash가 가리키는 다른 bucket에서 검색할 수 있어 실제 객체가 들어 있어도 찾지 못할 수 있다. Hash key의 equals/hashCode에 참여하는 상태는…”,YES_CONTEXT_USED,NO_CONTENT_CHANGE,281,162,0.279
java,java.core.object-contracts.tostring-diagnostics.q5,SCENARIO,PUBLISHED,MEDIUM,java.core.object-contracts.tostring-diagnostics,JPA Entity의 `toString()`이 모든 연관관계 collection을 순회해 출력한다. 단순 로그 한 줄을 남겼는데 lazy loading SQL이 여러 번 실행되고 양방향 연관관계에서는 재귀 위험도 생겼다. `toString`을 진단용 계약으로 설계할 때 어떤 정보를 포함하고 무엇을 피해야 하는지 설명하라.,STRUCTURED_CRITERIA_USEFUL,safe scalar identity diagnostics | lazy association traversal·recursive graph·large collection 회피 | secret·implicit DB I/O 배제,YES_CONTEXT_USED,NO_CONTENT_CHANGE,242,136,0.265
java,java.core.object-contracts.comparator-custom-order.q7,SCENARIO,PUBLISHED,HARD,java.core.object-contracts.comparator-custom-order,`TreeSet<Task>`가 `priority`를 기준으로 Comparator를 사용한다. Task를 Set에 넣은 뒤 그 Task의 priority를 변경했더니 iteration 순서와 contains/remove 결과가 이상해질 수 있다. 정렬 collection이 요구하는 비교 기준의 안정성과 해결 방법을 설명하라.,MODEL_ANSWER_SUFFICIENT,하나의 중심 판단으로 수렴해 모델답변·설명으로 직접 대조 가능: “TreeSet은 삽입 시 comparator 결과를 이용해 tree 위치를 결정하지만 element의 field 변경을 감지해 자동 재배치하지 않는다. 비교에 참여하는 priority가 바뀌면 현재 tree 구조와 새 비교 결과가 불일치해 검색·삭제·순회 의미가 깨질 수 있다. 정렬 key를 불변으로 두거나 변경이 필요하면…”,YES_CONTEXT_USED,NO_CONTENT_CHANGE,237,170,0.171
java,java.core.object-model.encapsulation-invariants.q7,DESCRIPTIVE,PUBLISHED,MEDIUM,java.core.object-model.encapsulation-invariants,`Order`가 `items`와 캐시된 `totalPrice`를 함께 관리한다. `items` field는 `private`이지만 getter가 내부의 mutable `List<OrderItem>`을 그대로 반환한다. 호출자가 getter로 받은 List에서 항목을 직접 제거하면 어떤 invariant가 깨질 수 있는가? `private`만으로 충분하지 않은 이유와 더 안전한 API 경계를 설명하라.,STRUCTURED_CRITERIA_USEFUL,items 변경과 cached totalPrice 불일치 | private field와 escaped mutable reference 차이 | snapshot/read-only view 및 invariant-owning command methods,NOT_APPLICABLE,NO_CONTENT_CHANGE,269,182,0.282
java,java.core.object-model.abstraction-responsibility.q5,SCENARIO,PUBLISHED,HARD,java.core.object-model.abstraction-responsibility,"애플리케이션은 결제 승인과 취소만 필요하지만 특정 결제사 SDK에는 tokenization, vendor retry header, raw status code, SDK 전용 exception 등 많은 기능이 있다. `CheckoutService`가 SDK interface를 그대로 의존하면 어떤 결합이 생기는가? 애플리케이션이 소유하는 abstraction과 adapter의 책임을 어떻게 나누는 것이 좋은지 설명하라.",STRUCTURED_CRITERIA_USEFUL,vendor SDK contract가 Checkout으로 새는 변경·test coupling | application-owned PaymentGateway API | adapter의 vendor DTO·exception translation와 policy ownership,YES_CONTEXT_USED,NO_CONTENT_CHANGE,320,161,0.206
java,java.core.object-model.inheritance-is-a.q5,DESCRIPTIVE,PUBLISHED,HARD,java.core.object-model.inheritance-is-a,"`Account.withdraw(amount)`의 계약은 잔액 안에서 양수 금액을 출금할 수 있다는 것이다. 그런데 `FixedDepositAccount extends Account`는 만기 전에는 어떤 출금도 허용하지 않아 `withdraw` 호출 시 예외를 던진다. 이 상속이 대체 가능성 관점에서 왜 문제인지 설명하고, 더 자연스러운 모델링 대안을 제시하라.",MODEL_ANSWER_SUFFICIENT,하나의 중심 판단으로 수렴해 모델답변·설명으로 직접 대조 가능: “Account를 받는 호출자는 계약에 맞는 금액이면 withdraw가 가능하다고 기대하는데 FixedDepositAccount가 추가 제약으로 그 행동을 거부하면 기반 타입의 약속을 subtype이 강화해 substitutability를 깨뜨릴 수 있다. 공통으로 보장할 수 있는 더 작은 Account 계약으로 기반 타입을 재설계하고…”,NOT_APPLICABLE,NO_CONTENT_CHANGE,280,156,0.198
java,java.core.object-model.composition-collaboration.q7,SCENARIO,PUBLISHED,HARD,java.core.object-model.composition-collaboration,"주문 계산에 `DiscountPolicy` 3종과 `ShippingPolicy` 4종이 서로 독립적으로 조합될 수 있다. 이를 상속으로 표현하면서 `VipFreeShippingOrder`, `VipExpressOrder`, `CouponFreeShippingOrder` 같은 하위 타입이 계속 늘고 있다. Composition으로 바꾸면 어떤 구조가 되고, 왜 조합 수가 늘어도 클래스 계층 폭발을 줄일 수 있는지 설명하라.",STRUCTURED_CRITERIA_USEFUL,독립 discount policy 축 | 독립 shipping policy 축 | 두 조합을 subclass 없이 구성하는 Order orchestration,YES_CONTEXT_USED,NO_CONTENT_CHANGE,283,155,0.149
java,java.core.object-model.interface-vs-abstract-class.q5,DESCRIPTIVE,PUBLISHED,MEDIUM,java.core.object-model.interface-vs-abstract-class,"서로 상속 관계가 없는 `FileCache`와 `DatabaseCache`가 모두 `evict(key)` capability를 제공해야 한다. 반면 어떤 계층은 공통 `createdAt` 상태와 생성 규칙, 일부 구현을 공유해야 한다. 이 두 요구에서 interface와 abstract class를 각각 어떻게 선택할지 기준을 설명하라.",STRUCTURED_CRITERIA_USEFUL,상속 계층과 무관한 capability interface | 공통 state·constructor·implementation이 필요한 abstract base,NOT_APPLICABLE,NO_CONTENT_CHANGE,255,160,0.246
java,java.core.object-model.immutability-defensive-copy.q7,SCENARIO,PUBLISHED,HARD,java.core.object-model.immutability-defensive-copy,"불변 객체를 만들기 위해 생성자에서 `List<List<String>> tags`를 `List.copyOf(tags)`로 저장했다. 그러나 호출자가 나중에 원래 inner List에 값을 추가하자 객체가 관찰하는 중첩 내용도 바뀌었다. 왜 이런 일이 가능한지 shallow copy와 deep immutability 관점에서 설명하고, 어떤 방어적 복사가 필요한지 설명하라.",STRUCTURED_CRITERIA_USEFUL,outer List.copyOf의 구조 snapshot | mutable inner List alias 지속 | 각 nested mutable layer의 defensive copy/deep ownership,YES_CONTEXT_USED,NO_CONTENT_CHANGE,279,193,0.240
java,java.core.streams.stream-reduce.q5,DESCRIPTIVE,PUBLISHED,HARD,java.core.streams.stream-reduce,"Sequential Stream에서는 다음 reduction이 항상 같은 순서로 계산되지만, 이를 parallel Stream에 그대로 바꾸면 결과를 신뢰하기 어렵다.

```java
int result = values.stream()
        .reduce(0, (a, b) -> a - b);
```

왜 뺄셈이 parallel reduction에 적합하지 않은지 identity와 결합 법칙 관점에서 설명하라.",STRUCTURED_CRITERIA_USEFUL,reduction identity 중립 원소 조건 | parallel regrouping에 필요한 associativity | subtraction order-dependent 결과,NOT_APPLICABLE,NO_CONTENT_CHANGE,282,214,0.111
java,java.core.streams.tomap-duplicate-keys.q5,SCENARIO,PUBLISHED,MEDIUM,java.core.streams.tomap-duplicate-keys,"사용자 목록을 email을 key로 하는 Map으로 만들면서 다음 merge function을 사용했다.

```java
Collectors.toMap(User::email, Function.identity(), (oldValue, newValue) -> newValue)
```

나중에 같은 email의 중복 User 두 개가 입력되었지만 예외 없이 마지막 User 하나만 남았다. 이 코드가 기술적으로 동작해도 위험할 수 있는 이유와, duplicate key 정책을 어디에서 결정해야 하는지 설명하라.",STRUCTURED_CRITERIA_USEFUL,last-wins merge가 duplicate를 숨김 | unique invariant일 때 validation failure | multiple values 허용 시 multimap policy,YES_CONTEXT_USED,NO_CONTENT_CHANGE,252,161,0.275
java,java.core.time-numeric.instant-local-zoned-time.q7,SCENARIO,PUBLISHED,MEDIUM,java.core.time-numeric.instant-local-zoned-time,"주문 생성 시각을 저장한 뒤 서울·뉴욕 사용자 화면에 표시해야 한다. 저장할 시간의 의미와 ZoneId를 적용할 시점, `LocalDateTime`만 저장할 때의 문제를 설명하라.",MODEL_ANSWER_SUFFICIENT,하나의 중심 판단으로 수렴해 모델답변·설명으로 직접 대조 가능: “주문 생성은 이미 발생한 한 사건이므로 timeline 시점인 Instant 같은 모델로 보존하고 사용자에게 표시할 때 각 사용자의 ZoneId를 적용한다. LocalDateTime만 저장하면 zone 또는 offset이 없어 세계의 어느 순간인지 결정할 수 없으므로 지역 변환과 사건 순서 비교가 모호해진다.”,YES_CONTEXT_USED,NO_CONTENT_CHANGE,173,96,0.155
java,java.core.time-numeric.clock-testable-time.q7,DESCRIPTIVE,PUBLISHED,MEDIUM,java.core.time-numeric.clock-testable-time,"한 요청에서 먼저 `isExpired()`를 계산하고, 몇 밀리초 뒤 다시 `canRenew()`를 계산하면서 각각 `Instant.now(clock)`을 새로 읽는다. 마감 시각 바로 근처에서는 두 정책이 서로 다른 현재 시각을 볼 수 있다. 같은 유스케이스 안에서 기준 시각을 한 번 캡처해 전달하는 설계가 어떤 장점을 가지는지 설명하라.",STRUCTURED_CRITERIA_USEFUL,한 request에서 공유할 captured now snapshot | repeated Clock reads 경계 시각 불일치 | injected clock으로 같은 use-case instant 검증,NOT_APPLICABLE,NO_CONTENT_CHANGE,286,128,0.172
java,java.core.time-numeric.zoneid-dst.q7,SCENARIO,PUBLISHED,HARD,java.core.time-numeric.zoneid-dst,"뉴욕 사용자에게 ‘매일 오전 9시’ 알림을 보내야 한다. 오늘의 9시를 `Instant` 하나로 계산해 두고 이후 매일 정확히 24시간을 더하는 방식이 장기적으로 틀릴 수 있는 이유와, 반복 일정에 어떤 정보를 보존해야 하는지 설명하라.",MODEL_ANSWER_SUFFICIENT,하나의 중심 판단으로 수렴해 모델답변·설명으로 직접 대조 가능: “DST 전환이 있으면 지역의 오전 9시 사이 실제 경과 시간은 항상 24시간이 아닐 수 있다. 처음 계산한 Instant에 Duration.ofHours(24)를 반복해서 더하면 지역 clock 시간이 8시나 10시로 밀릴 수 있다. 반복 일정의 의미가 ‘뉴욕 현지 오전 9시’라면 LocalTime/날짜 규칙과 `ZoneId`를…”,YES_CONTEXT_USED,NO_CONTENT_CHANGE,253,133,0.277
java,java.core.time-numeric.bigdecimal-money-rounding.q7,DESCRIPTIVE,PUBLISHED,HARD,java.core.time-numeric.bigdecimal-money-rounding,"주문에 여러 line item이 있고 각 항목에 10% 할인을 적용한다. 각 line의 할인액을 소수 둘째 자리로 먼저 반올림한 뒤 합산하는 방식과, 반올림하지 않은 할인액들을 모두 합한 뒤 마지막에 한 번 반올림하는 방식의 총 할인액이 달라질 수 있다. 왜 이런 차이가 생기며 금액 계산에서 무엇을 계약으로 고정해야 하는지 설명하라.",STRUCTURED_CRITERIA_USEFUL,line-first rounding 결과 | aggregate-first rounding 결과 | currency/scale/mode와 rounding stage의 domain contract,NOT_APPLICABLE,NO_CONTENT_CHANGE,247,216,0.152
messaging-async,messaging.core.delivery.at-least-once-idempotency.q2,SCENARIO,PUBLISHED,MEDIUM,messaging.core.delivery.at-least-once-idempotency,`processed_message(messageId)`를 insert하고 주문 상태를 update하는 consumer에서 두 작업의 transaction 경계를 어떻게 두는 것이 안전한가?,MODEL_ANSWER_SUFFICIENT,"하나의 중심 판단으로 수렴해 모델답변·설명으로 직접 대조 가능: “같은 local DB transaction으로 묶어 processed 기록과 business update가 함께 commit/rollback되게 해야 한다. 기록만 commit되고 update가 실패하면 재처리가 막히고, update만 commit되고 기록이 없으면 duplicate가 다시 적용될 수 있다.”",YES_CONTEXT_USED,NO_CONTENT_CHANGE,172,173,0.337
messaging-async,messaging.core.delivery.at-least-once-idempotency.q3,DESCRIPTIVE,PUBLISHED,HARD,messaging.core.delivery.at-least-once-idempotency,"다음 두 경계를 구분해 설명하라.

- Kafka consume-process-produce pipeline을 exactly-once로 구성할 때 필요한 transaction boundary
- 그 보장이 결제 provider 호출까지 확장되지 않는 이유",STRUCTURED_CRITERIA_USEFUL,Kafka output·offset이 하나 transaction인 internal guarantee | external provider가 transaction participant가 아닌 경계 | 외부 idempotency·status·compensation/reconciliation,NOT_APPLICABLE,NO_CONTENT_CHANGE,455,128,0.229
messaging-async,messaging.core.delivery.retry-dlq.q2,SCENARIO,PUBLISHED,MEDIUM,messaging.core.delivery.retry-dlq,"다음 상황의 개선 정책을 설명하라.

- Schema 오류 message를 같은 partition에서 무제한 retry한다.
- 뒤의 정상 message까지 지연된다.

Kafka 자체 delivery guarantee와 application retry/DLQ workflow를 구분해야 한다.",STRUCTURED_CRITERIA_USEFUL,permanent schema failure의 retry 격리 | original key/payload/version/attempt 보존 | replay 시 partition ordering·offset 정책,YES_CONTEXT_USED,NO_CONTENT_CHANGE,268,120,0.233
messaging-async,messaging.core.delivery.retry-dlq.q3,DESCRIPTIVE,PUBLISHED,HARD,messaging.core.delivery.retry-dlq,"다음 순서로 장애가 확대되고 있다.

1. 5개 consumer가 같은 시각에 downstream timeout을 겪는다.
2. 모든 consumer가 동시에 retry한다.
3. Downstream 부하가 더 커진다.

Retry storm을 줄이면서 ordering과 capacity를 통제할 설계를 설명하라.",STRUCTURED_CRITERIA_USEFUL,exponential backoff/jitter와 attempt/deadline budget | ordering-preserving pause/retry workflow 선택 | permanent error DLQ·duplicate handling,NOT_APPLICABLE,NO_CONTENT_CHANGE,318,171,0.239
messaging-async,messaging.core.delivery.ordering.q2,SCENARIO,PUBLISHED,MEDIUM,messaging.core.delivery.ordering,"다음 순서로 두 event를 처리한다.

1. 한 partition에서 `Placed`, `Paid`를 차례로 poll한다.
2. 두 task를 별도 worker에 동시에 맡긴다.
3. `Paid`가 먼저 DB에 반영된다.

이 결과가 가능한 이유와 방어책은?",MODEL_ANSWER_SUFFICIENT,하나의 중심 판단으로 수렴해 모델답변·설명으로 직접 대조 가능: “poll 순서가 worker 완료 순서를 보장하지 않아 느린 Placed보다 Paid가 먼저 끝날 수 있다. key별 직렬 처리·partition 단위 순차 실행·aggregate sequence/version check로 역순 적용을 거부하는 방식을 선택한다.”,YES_CONTEXT_USED,NO_CONTENT_CHANGE,146,161,0.403
messaging-async,messaging.core.delivery.ordering.q3,DESCRIPTIVE,PUBLISHED,HARD,messaging.core.delivery.ordering,모든 event를 하나의 partition으로 보내면 ordering 문제가 사라진다고 할 때 처리량·장애 격리 관점의 trade-off를 설명하라.,STRUCTURED_CRITERIA_USEFUL,single partition log ordering 범위 | app worker 병렬 completion 역전 가능성 | key-level partitioning·hot-key/parallelism trade-off,NOT_APPLICABLE,NO_CONTENT_CHANGE,243,155,0.391
messaging-async,messaging.core.semantics.message-model.q2,SCENARIO,PUBLISHED,MEDIUM,messaging.core.semantics.message-model,"다음 순서로 주문을 처리하려 한다.

1. 주문 성공 HTTP 응답을 먼저 반환한다.
2. 실제 주문 저장은 message consumer에게 맡긴다.

이 비동기 분리에서 먼저 확인해야 할 위험은?",MODEL_ANSWER_SUFFICIENT,"하나의 중심 판단으로 수렴해 모델답변·설명으로 직접 대조 가능: “client가 성공을 받았는데 consumer 실패로 canonical 주문이 아직 없거나 영원히 생성되지 않을 수 있다. 응답 전에 필요한 DB state와 나중에 완료 가능한 derived work를 나누고, async 상태·retry·실패를 사용자 계약에 포함해야 한다.”",YES_CONTEXT_USED,NO_CONTENT_CHANGE,154,153,0.311
messaging-async,messaging.core.semantics.message-model.q3,DESCRIPTIVE,PUBLISHED,HARD,messaging.core.semantics.message-model,`OrderPlaced` event를 replay 가능한 장기 계약으로 설계하려 한다. payload에 포함할 사실과 consumer가 현재 DB를 다시 조회해야 하는지 결정할 때의 trade-off를 설명하라.,STRUCTURED_CRITERIA_USEFUL,replay에 필요한 immutable event facts | payload schema/privacy/size 비용 | current DB 조회의 최신성 대 historical replay 재현성,NOT_APPLICABLE,NO_CONTENT_CHANGE,228,150,0.401
messaging-async,messaging.core.semantics.partition-key.q2,SCENARIO,PUBLISHED,MEDIUM,messaging.core.semantics.partition-key,"Partition 수를 3개에서 12개로 늘렸다.

그런데도 모든 주문 event에 전역 순서가 생기지 않는 이유와 key 선택·partition 변경의 영향을 설명하라.",STRUCTURED_CRITERIA_USEFUL,partition별 ordering과 전역 순서 부재 | aggregate key의 같은 partition routing | partition 수 변경과 key skew 영향,YES_CONTEXT_USED,NO_CONTENT_CHANGE,274,176,0.342
messaging-async,messaging.core.semantics.partition-key.q3,DESCRIPTIVE,PUBLISHED,HARD,messaging.core.semantics.partition-key,consumer 처리량을 늘리려고 partition 수와 consumer 수를 크게 늘리려 한다. parallelism 외에 확인해야 할 ordering·capacity 위험을 설명하라.,STRUCTURED_CRITERIA_USEFUL,partition 수에 따른 parallelism ceiling | key skew와 ordering 변화 | consumer 확장에 따른 DB/API capacity·rebalance 비용,NOT_APPLICABLE,NO_CONTENT_CHANGE,298,168,0.384
messaging-async,messaging.core.semantics.consumer-offset.q1,DESCRIPTIVE,PUBLISHED,MEDIUM,messaging.core.semantics.consumer-offset,"Kafka의 record offset, consumer position, committed position을 서로 구분해 설명하라.",STRUCTURED_CRITERIA_USEFUL,record의 고정 log identity | consumer의 next-fetch position | restart/rebalance용 committed position,NOT_APPLICABLE,NO_CONTENT_CHANGE,228,178,0.520
messaging-async,messaging.core.semantics.consumer-offset.q2,SCENARIO,PUBLISHED,MEDIUM,messaging.core.semantics.consumer-offset,"다음 순서로 처리하던 consumer가 있다.

1. DB update를 반영한다.
2. 처리 위치를 commit하기 전에 종료된다.
3. Consumer가 재시작한다.

어떤 결과가 가능하며 어떤 설계가 필요한가?",STRUCTURED_CRITERIA_USEFUL,DB commit 후 offset 전 crash의 redelivery | processed key와 business update 원자 transaction | side effect의 idempotent 재처리,YES_CONTEXT_USED,NO_CONTENT_CHANGE,214,195,0.536
messaging-async,messaging.core.semantics.consumer-offset.q3,DESCRIPTIVE,PUBLISHED,HARD,messaging.core.semantics.consumer-offset,consumer group rebalance 뒤 committed position을 과거로 옮겨 projection을 rebuild하려 한다. 운영상 확인할 조건과 위험을 설명하라.,MODEL_ANSWER_SUFFICIENT,"하나의 중심 판단으로 수렴해 모델답변·설명으로 직접 대조 가능: “retention 안에 필요한 record와 현재 consumer schema가 있는지, replay 속도와 downstream 부하, partition ordering, idempotent projection을 확인해야 한다. email·적립처럼 외부 side effect를 그대로 재실행하면 중복될 수 있으므로 projection…”",NOT_APPLICABLE,NO_CONTENT_CHANGE,223,171,0.471
messaging-async,messaging.core.workflow.transactional-outbox.q2,SCENARIO,PUBLISHED,MEDIUM,messaging.core.workflow.transactional-outbox,"다음 순서로 동작하던 polling relay가 있다.

1. Broker publish에 성공한다.
2. Outbox row를 sent로 표시하기 전에 crash한다.
3. Relay가 재시작한다.

생길 수 있는 결과와 consumer에 필요한 처리는?",MODEL_ANSWER_SUFFICIENT,하나의 중심 판단으로 수렴해 모델답변·설명으로 직접 대조 가능: “sent 표시가 없어 같은 outbox를 다시 publish할 수 있어 duplicate event가 전달될 수 있다. Stable event id를 유지하고 consumer가 event/business key로 idempotent하게 처리해야 한다. CDC relay도 restart/replay semantics를 확인해…”,YES_CONTEXT_USED,NO_CONTENT_CHANGE,206,192,0.432
messaging-async,messaging.core.workflow.transactional-outbox.q3,DESCRIPTIVE,PUBLISHED,HARD,messaging.core.workflow.transactional-outbox,"같은 order의 outbox event를 다음 actor들이 처리해야 한다.

- 여러 application instance
- Relay
- Consumer

Aggregate key만 같은 Kafka key로 두면 충분하지 않은 이유와 추가로 필요한 상태를 설명하라.",STRUCTURED_CRITERIA_USEFUL,Kafka key가 보존하는 partition append order만으로 부족한 relay publish order | aggregate sequence/gap 검증 | consumer parallelism과 duplicate event 처리,NOT_APPLICABLE,NO_CONTENT_CHANGE,361,124,0.242
messaging-async,messaging.core.workflow.backpressure-capacity.q2,SCENARIO,PUBLISHED,MEDIUM,messaging.core.workflow.backpressure-capacity,"Consumer scale-out 뒤 다음 변화가 관측되었다.

- Consumer 수: 두 배로 증가
- Lag: 감소
- Downstream DB pool: exhaustion 발생

Scale-out 판단에서 누락한 조건은?",MODEL_ANSWER_SUFFICIENT,"하나의 중심 판단으로 수렴해 모델답변·설명으로 직접 대조 가능: “broker partition parallelism만 확인하고 DB connection·query 처리 capacity와 외부 API rate limit을 확인하지 않았다. consumer concurrency, batch size와 downstream pool/지연 시간을 함께 제한하고 lag와 error를 관측해야 한다.”",YES_CONTEXT_USED,NO_CONTENT_CHANGE,182,181,0.483
messaging-async,messaging.core.workflow.backpressure-capacity.q3,DESCRIPTIVE,PUBLISHED,HARD,messaging.core.workflow.backpressure-capacity,실패 message를 즉시 같은 partition에서 retry하는 정책이 lag를 악화시키는 timeline과 개선 방향을 설명하라.,MODEL_ANSWER_SUFFICIENT,"하나의 중심 판단으로 수렴해 모델답변·설명으로 직접 대조 가능: “한 poison/transient message가 성공할 때까지 partition head에서 반복되면 뒤의 정상 message가 처리되지 않아 head-of-line blocking과 lag가 커진다. Pause/seek나 별도 retry workflow로 정상 traffic을 분리할 수 있지만, 별도 topic을 사용하면…”",NOT_APPLICABLE,NO_CONTENT_CHANGE,278,179,0.516
messaging-async,messaging.core.workflow.schema-evolution.q2,SCENARIO,PUBLISHED,MEDIUM,messaging.core.workflow.schema-evolution,"다음 schema 변경을 배포하려 한다.

- Producer: enum에 새 값을 추가한다.
- 기존 consumer: decoder가 unknown value에서 실패한다.

구조상 additive처럼 보이는 변경이 위험한 이유와 compatibility/rollout 판단을 설명하라.",STRUCTURED_CRITERIA_USEFUL,wire schema/unknown-enum compatibility contract | consumer-first/tolerant/versioned rollout | old/new producer-consumer overlap behavior,YES_CONTEXT_USED,NO_CONTENT_CHANGE,299,198,0.159
messaging-async,messaging.core.workflow.schema-evolution.q3,DESCRIPTIVE,PUBLISHED,HARD,messaging.core.workflow.schema-evolution,"다음 조건에서 6개월치 event를 새 consumer로 replay해야 한다.

- Registry는 non-transitive `BACKWARD`만 검사해 왔다.
- 오래된 payload의 field type은 현재와 다르다.

안전한 migration 경계를 설명하라.",STRUCTURED_CRITERIA_USEFUL,non-transitive BACKWARD scope vs retained six-month history | version inventory/decoder adapter migration | replay ordering/idempotency and external side-effect isolation,NOT_APPLICABLE,NO_CONTENT_CHANGE,378,202,0.230
network-http,network-http.core.dns.domain-hierarchy.q2,DESCRIPTIVE,PUBLISHED,MEDIUM,network-http.core.dns.domain-hierarchy,www.example.com을 계층 label로 분해하는 순서를 설명하라.,MODEL_ANSWER_SUFFICIENT,"하나의 중심 판단으로 수렴해 모델답변·설명으로 직접 대조 가능: “완전한 이름은 root 아래 `com` label, 그 아래 `example`, 그 아래 `www` 순서로 해석된다. resolver는 오른쪽 계층의 delegation부터 따라가며 zone cut과 authoritative 책임을 확인하므로 문자열을 단순히 왼쪽부터 한 서버에 전달하는 과정이 아니다.”",NOT_APPLICABLE,NO_CONTENT_CHANGE,169,117,0.360
network-http,network-http.core.dns.domain-hierarchy.q3,SCENARIO,PUBLISHED,MEDIUM,network-http.core.dns.domain-hierarchy,`api.dev.example.com`과 `api.prod.example.com`이 모두 `api`라는 host label을 사용한다. 운영자가 같은 label이므로 DNS record가 충돌한다고 판단했다. 두 이름이 충돌하지 않는 이유와 resolver가 각각을 어떻게 구분하는지 설명하라.,MODEL_ANSWER_SUFFICIENT,하나의 중심 판단으로 수렴해 모델답변·설명으로 직접 대조 가능: “DNS에서 label 하나가 아니라 전체 계층 이름이 식별 기준이므로 `api.dev.example.com`과 `api.prod.example.com`은 서로 다른 FQDN이다. resolver는 오른쪽에서 왼쪽으로 이어지는 zone/delegation 경계를 따라 각 이름의 authoritative data를 찾는다. 같은 `api`…”,YES_CONTEXT_USED,NO_CONTENT_CHANGE,230,89,0.355
network-http,network-http.core.dns.stub-recursive-resolver.q2,DESCRIPTIVE,PUBLISHED,MEDIUM,network-http.core.dns.stub-recursive-resolver,stub resolver와 recursive resolver를 구분하라.,STRUCTURED_CRITERIA_USEFUL,stub resolver의 application handoff/local policy | recursive resolver의 cache·hierarchy traversal·answer synthesis,NOT_APPLICABLE,NO_CONTENT_CHANGE,176,122,0.659
network-http,network-http.core.dns.stub-recursive-resolver.q3,SCENARIO,PUBLISHED,HARD,network-http.core.dns.stub-recursive-resolver,application은 동작하지만 OS resolver cache가 잘못된 IP를 계속 반환하는 장애를 진단하는 방법을 설명하라.,MODEL_ANSWER_SUFFICIENT,하나의 중심 판단으로 수렴해 모델답변·설명으로 직접 대조 가능: “application·stub·recursive cache의 각 층 TTL과 query를 분리해 확인한다. cache flush 전에 authoritative answer와 resolver delegation을 비교한다.”,YES_CONTEXT_USED,NO_CONTENT_CHANGE,123,63,0.692
network-http,network-http.core.dns.authoritative-server.q2,DESCRIPTIVE,PUBLISHED,MEDIUM,network-http.core.dns.authoritative-server,authoritative answer와 cached answer의 차이를 설명하라.,STRUCTURED_CRITERIA_USEFUL,authoritative zone source data | recursive cached answer의 TTL lifetime | record update 직후 관측값 차이,NOT_APPLICABLE,NO_CONTENT_CHANGE,186,62,0.515
network-http,network-http.core.dns.authoritative-server.q3,SCENARIO,PUBLISHED,MEDIUM,network-http.core.dns.authoritative-server,DNS record를 바꾸었는데 일부 client만 새 IP를 보는 이유를 설명하라.,MODEL_ANSWER_SUFFICIENT,하나의 중심 판단으로 수렴해 모델답변·설명으로 직접 대조 가능: “resolver와 client가 기존 record를 TTL까지 cache할 수 있다. authoritative 변경 시각과 각 cache expiry를 확인하고 낮춘 TTL은 미리 적용한다.”,YES_CONTEXT_USED,NO_CONTENT_CHANGE,106,58,0.707
network-http,network-http.core.dns.iterative-resolution.q2,DESCRIPTIVE,PUBLISHED,MEDIUM,network-http.core.dns.iterative-resolution,recursive resolver가 root·TLD·authoritative를 차례로 질의하는 이유를 설명하라.,MODEL_ANSWER_SUFFICIENT,"하나의 중심 판단으로 수렴해 모델답변·설명으로 직접 대조 가능: “각 hierarchy server가 자신이 직접 책임지지 않는 name에 대해 다음 zone의 delegation과 NS 정보를 알려줄 수 있기 때문이다. resolver는 그 referral을 따라 query destination을 바꾸며 최종 authoritative record를 찾고, cache가 있으면 일부 단계를 생략할 수…”",NOT_APPLICABLE,NO_CONTENT_CHANGE,191,86,0.615
network-http,network-http.core.dns.iterative-resolution.q3,SCENARIO,PUBLISHED,MEDIUM,network-http.core.dns.iterative-resolution,TLD referral은 오지만 authoritative query가 timeout되는 DNS 장애를 분석하라.,MODEL_ANSWER_SUFFICIENT,하나의 중심 판단으로 수렴해 모델답변·설명으로 직접 대조 가능: “delegation 자체는 정상이고 authoritative server·network·DNSSEC 응답 크기 등을 확인해야 한다. 이전 cache가 있으면 장애가 늦게 드러날 수 있다.”,YES_CONTEXT_USED,NO_CONTENT_CHANGE,104,30,0.419
network-http,network-http.core.dns.a-aaaa.q2,DESCRIPTIVE,PUBLISHED,MEDIUM,network-http.core.dns.a-aaaa,dual-stack client가 A와 AAAA를 함께 조회하는 이유를 설명하라.,STRUCTURED_CRITERIA_USEFUL,IPv4 A와 IPv6 AAAA 후보 획득 | address-family/route 기반 client 선택 | DNS answer와 실제 path reachability 분리,NOT_APPLICABLE,NO_CONTENT_CHANGE,164,115,0.829
network-http,network-http.core.dns.a-aaaa.q3,SCENARIO,PUBLISHED,MEDIUM,network-http.core.dns.a-aaaa,AAAA는 정상인데 IPv6 route가 없어 client가 IPv6를 먼저 시도해 지연되는 현상을 설명하라.,MODEL_ANSWER_SUFFICIENT,하나의 중심 판단으로 수렴해 모델답변·설명으로 직접 대조 가능: “DNS 응답과 실제 network reachability가 어긋난 것이다. v6 route·listener·firewall을 고치거나 실패 지연을 줄이는 address selection 정책을 사용한다.”,YES_CONTEXT_USED,NO_CONTENT_CHANGE,113,71,0.776
network-http,network-http.core.dns.cname.q2,DESCRIPTIVE,PUBLISHED,MEDIUM,network-http.core.dns.cname,CNAME lookup이 최종 A/AAAA lookup으로 이어지는 이유를 설명하라.,MODEL_ANSWER_SUFFICIENT,하나의 중심 판단으로 수렴해 모델답변·설명으로 직접 대조 가능: “CNAME owner는 address가 아니라 target name을 가리키므로 resolver가 target의 A/AAAA 같은 address record를 다시 찾거나 cache에서 확인해야 한다. 이 DNS alias가 HTTP Host/authority나 TLS SNI까지 target name으로 바꾸는 것은 아니다.”,NOT_APPLICABLE,NO_CONTENT_CHANGE,182,112,0.769
network-http,network-http.core.dns.cname.q3,SCENARIO,PUBLISHED,MEDIUM,network-http.core.dns.cname,CNAME chain이 길어져 resolution 지연 시간과 loop 위험이 생기는 문제를 해결하라.,MODEL_ANSWER_SUFFICIENT,"하나의 중심 판단으로 수렴해 모델답변·설명으로 직접 대조 가능: “불필요한 alias hop을 줄이고 target을 단순화하며 resolver의 loop·maximum query depth를 확인한다. TTL은 cache 수명과 재조회 부하를 조절할 뿐 chain 길이나 cold lookup 단계 수를 줄이지 않으므로, TTL 변경만으로 이 문제를 해결하려 해서는 안 된다. record…”",YES_CONTEXT_USED,modelAnswer|explanationMarkdown,210,135,0.295
network-http,network-http.core.dns.ns-mx.q2,DESCRIPTIVE,PUBLISHED,MEDIUM,network-http.core.dns.ns-mx,MX preference 값이 mail delivery 선택에 쓰이는 방식을 설명하라.,MODEL_ANSWER_SUFFICIENT,"하나의 중심 판단으로 수렴해 모델답변·설명으로 직접 대조 가능: “mail sender는 MX record의 preference를 비교해 일반적으로 더 낮은 값을 먼저 시도하고, 실패하면 다른 exchanger를 사용할 수 있다. MX target은 name이므로 그 target의 A/AAAA 조회와 SMTP connection은 별도 단계다.”",NOT_APPLICABLE,NO_CONTENT_CHANGE,156,98,0.482
network-http,network-http.core.dns.ns-mx.q3,SCENARIO,PUBLISHED,MEDIUM,network-http.core.dns.ns-mx,domain의 NS는 정상인데 MX가 없어 mail만 실패하는 이유를 설명하라.,MODEL_ANSWER_SUFFICIENT,"하나의 중심 판단으로 수렴해 모델답변·설명으로 직접 대조 가능: “web A/AAAA와 mail MX는 별도 record다. sender가 MX를 조회하는지, 대체 처리 정책과 mail host address record를 함께 확인한다.”",YES_CONTEXT_USED,NO_CONTENT_CHANGE,96,63,0.800
network-http,network-http.core.dns.dns-ttl-cache.q2,DESCRIPTIVE,PUBLISHED,MEDIUM,network-http.core.dns.dns-ttl-cache,TTL을 짧게 하면 전환과 authoritative load가 어떻게 바뀌는지 설명하라.,MODEL_ANSWER_SUFFICIENT,"하나의 중심 판단으로 수렴해 모델답변·설명으로 직접 대조 가능: “기존 answer가 더 빨리 만료될 수 있어 새 address 반영 지연을 줄이지만, resolver가 authoritative에 재조회하는 횟수와 부하가 증가한다. 이미 cache된 record의 expiry를 소급해 바꾸지는 않으며, 기존 TCP connection도 자동으로 새 address로 이동하지 않는다.”",NOT_APPLICABLE,NO_CONTENT_CHANGE,177,79,0.347
network-http,network-http.core.dns.dns-ttl-cache.q3,SCENARIO,PUBLISHED,MEDIUM,network-http.core.dns.dns-ttl-cache,failover 전날에만 TTL을 낮추면 이미 긴 TTL로 cache된 client가 즉시 바뀌지 않는 이유를 설명하라.,MODEL_ANSWER_SUFFICIENT,하나의 중심 판단으로 수렴해 모델답변·설명으로 직접 대조 가능: “기존 record의 expiry가 이미 각 resolver에 남아 있어 새 TTL은 다음 fetch부터 적용된다. 전환 전에 TTL을 낮추고 connection·application cache도 준비한다.”,YES_CONTEXT_USED,NO_CONTENT_CHANGE,114,50,0.627
network-http,network-http.core.dns.negative-cache.q2,DESCRIPTIVE,PUBLISHED,MEDIUM,network-http.core.dns.negative-cache,negative caching이 오타를 고친 직후에도 실패를 유지하게 하는 이유를 설명하라.,MODEL_ANSWER_SUFFICIENT,하나의 중심 판단으로 수렴해 모델답변·설명으로 직접 대조 가능: “resolver가 이전 NXDOMAIN 또는 해당 type의 NODATA를 negative TTL 동안 cache하기 때문이다. authoritative zone에 record를 추가했어도 stub·OS·JVM을 포함한 각 cache가 만료되기 전에는 application이 이전 실패를 관찰할 수 있다.”,NOT_APPLICABLE,NO_CONTENT_CHANGE,170,109,0.544
network-http,network-http.core.dns.negative-cache.q3,SCENARIO,PUBLISHED,HARD,network-http.core.dns.negative-cache,새 subdomain을 만들었는데 일부 office만 계속 NXDOMAIN을 받는 장애를 진단하라.,MODEL_ANSWER_SUFFICIENT,하나의 중심 판단으로 수렴해 모델답변·설명으로 직접 대조 가능: “office resolver에 이전 negative answer가 남아 있을 수 있다. authoritative record·SOA negative TTL·resolver cache expiry를 비교하고 재조회 시점을 기다린다.”,YES_CONTEXT_USED,NO_CONTENT_CHANGE,128,79,0.775
network-http,network-http.core.dns.dns-failure.q2,DESCRIPTIVE,PUBLISHED,MEDIUM,network-http.core.dns.dns-failure,DNS timeout과 NXDOMAIN의 의미 차이를 설명하라.,STRUCTURED_CRITERIA_USEFUL,timeout의 응답 부재·unknown cause | NXDOMAIN의 명시적 nonexistence | retry·cache·authoritative diagnosis 차이,NOT_APPLICABLE,NO_CONTENT_CHANGE,177,84,0.447
network-http,network-http.core.dns.dns-failure.q3,SCENARIO,PUBLISHED,HARD,network-http.core.dns.dns-failure,resolver 장애 때 무작정 query retry를 늘린 service가 DNS와 upstream을 함께 악화시키는 이유를 설명하라.,MODEL_ANSWER_SUFFICIENT,하나의 중심 판단으로 수렴해 모델답변·설명으로 직접 대조 가능: “동시 retry가 resolver overload와 retry storm을 만들고 요청 timeout을 잠식한다. bounded retry·backoff·cache stale policy와 resolver redundancy를 사용한다.”,YES_CONTEXT_USED,NO_CONTENT_CHANGE,132,68,0.690
network-http,network-http.core.http-cache.freshness.q2,DESCRIPTIVE,PUBLISHED,MEDIUM,network-http.core.http-cache.freshness,"freshness lifetime, current age, 검증의 관계와 fresh가 business-wise 최신이라는 뜻이 아닌 이유를 설명하라.",STRUCTURED_CRITERIA_USEFUL,freshness lifetime policy | Date/Age 기반 current age | stale revalidation과 business freshness/authorization 분리,NOT_APPLICABLE,NO_CONTENT_CHANGE,322,105,0.503
network-http,network-http.core.http-cache.freshness.q3,SCENARIO,PUBLISHED,HARD,network-http.core.http-cache.freshness,"상황: CDN entry의 age가 `max-age`를 넘었지만 `stale-while-revalidate=30`이 있고 가격 조회 요청이 들어왔다.

질문: cache가 취할 수 있는 흐름과, 이 정책을 가격 응답에 그대로 적용할 때 확인할 조건을 설명하라.",STRUCTURED_CRITERIA_USEFUL,stale-while-revalidate의 stale 즉시 응답·background validation | 304 재사용 대 200 교체 | 가격 business expiry·stale tolerance 제한,YES_CONTEXT_USED,NO_CONTENT_CHANGE,325,190,0.731
network-http,network-http.core.http-cache.cache-control.q2,DESCRIPTIVE,PUBLISHED,MEDIUM,network-http.core.http-cache.cache-control,"`max-age=0`, `no-cache`, `no-store`를 저장과 재사용 관점에서 구분하라.",STRUCTURED_CRITERIA_USEFUL,max-age=0의 저장 가능·즉시 stale | no-cache 재사용 전 origin validation | no-store의 저장 금지,NOT_APPLICABLE,NO_CONTENT_CHANGE,258,153,0.750
network-http,network-http.core.http-cache.cache-control.q3,SCENARIO,PUBLISHED,HARD,network-http.core.http-cache.cache-control,"Authorization으로 개인화된 review 응답에 `public, max-age=3600`을 붙인 뒤 CDN이 같은 body를 여러 사용자에게 반환한다. 원인과 수정 방향을 cache 계층 관점에서 설명하라.",MODEL_ANSWER_SUFFICIENT,하나의 중심 판단으로 수렴해 모델답변·설명으로 직접 대조 가능: “Authorization이 붙은 요청의 응답이라도 public은 shared caching을 명시적으로 허용할 수 있다. 개인별 representation에 이를 붙이면서 사용자·tenant별 representation 선택을 cache key에서 분리하지 않아 leak이 발생한 것이다. 개인 응답은 private/no-store로…”,YES_CONTEXT_USED,NO_CONTENT_CHANGE,256,188,0.847
network-http,network-http.core.http-cache.expires.q2,DESCRIPTIVE,PUBLISHED,MEDIUM,network-http.core.http-cache.expires,`Expires`가 `max-age`보다 clock skew에 취약한 이유와 이 header가 표현하지 않는 것을 설명하라.,STRUCTURED_CRITERIA_USEFUL,absolute Expires와 clock skew | relative max-age/current-age 계산 | cache freshness와 request/business/storage expiry 구분,NOT_APPLICABLE,NO_CONTENT_CHANGE,287,184,0.785
network-http,network-http.core.http-cache.expires.q3,SCENARIO,PUBLISHED,HARD,network-http.core.http-cache.expires,origin과 CDN의 clock이 크게 어긋난 상태에서 `Expires`만 사용하자 CDN이 새 문서를 너무 오래 fresh로 판단한다. 조사·완화 순서를 설명하라.,STRUCTURED_CRITERIA_USEFUL,Date/Expires/Age와 각 clock으로 원인 진단 | Cache-Control·clock sync·revalidation 완화 | 이미 edge에 저장된 object purge/versioning,YES_CONTEXT_USED,NO_CONTENT_CHANGE,263,190,0.845
network-http,network-http.core.http-cache.etag.q2,DESCRIPTIVE,PUBLISHED,MEDIUM,network-http.core.http-cache.etag,strong ETag와 weak ETag의 차이가 cache 검증과 update precondition에 미치는 영향을 설명하라.,STRUCTURED_CRITERIA_USEFUL,strong validator의 byte identity | weak validator의 semantic equivalence | cache validation의 weak comparison과 range/If-Match strong precondition,NOT_APPLICABLE,NO_CONTENT_CHANGE,305,121,0.574
network-http,network-http.core.http-cache.etag.q3,SCENARIO,PUBLISHED,HARD,network-http.core.http-cache.etag,`/concepts` 응답의 ETag를 DB row version 하나로 만들었는데 locale과 feature flag가 달라도 같은 ETag가 나온다. 이 상태에서 조건부 요청이 잘못된 body를 재사용할 수 있는 이유와 수정 방향을 설명하라.,MODEL_ANSWER_SUFFICIENT,"하나의 중심 판단으로 수렴해 모델답변·설명으로 직접 대조 가능: “ETag가 selected representation을 구성하는 모든 선택 입력을 구분하지 못해 서로 다른 locale·feature variant를 같은 validator로 취급한다. representation을 선택하는 query·locale·feature version과 content encoding/Vary 정책을 맞추고, 그…”",YES_CONTEXT_USED,NO_CONTENT_CHANGE,272,168,0.762
network-http,network-http.core.http-cache.last-modified.q2,DESCRIPTIVE,PUBLISHED,MEDIUM,network-http.core.http-cache.last-modified,Last-Modified를 파일 mtime 또는 DB updatedAt과 기계적으로 동일시하면 안 되는 이유를 설명하라.,MODEL_ANSWER_SUFFICIENT,"하나의 중심 판단으로 수렴해 모델답변·설명으로 직접 대조 가능: “Last-Modified는 HTTP 응답이 선택한 representation의 변경 시각을 뜻해야 하지만 파일 mtime, DB updatedAt, export·배포 시각은 서로 다른 사건을 기록할 수 있다. copy·restore·clock 조정으로 mtime이 실제 representation 변경과 어긋날 수도 있다. 따라서…”",NOT_APPLICABLE,NO_CONTENT_CHANGE,250,116,0.630
network-http,network-http.core.http-cache.last-modified.q3,SCENARIO,PUBLISHED,HARD,network-http.core.http-cache.last-modified,문서가 같은 초 안에 두 번 수정되었고 server가 초 단위 `Last-Modified`만 갱신한다. client의 If-Modified-Since 요청이 304를 받아 새 변경을 놓칠 수 있는 흐름과 완화를 설명하라.,MODEL_ANSWER_SUFFICIENT,"하나의 중심 판단으로 수렴해 모델답변·설명으로 직접 대조 가능: “두 representation의 변경 시각이 같은 HTTP-date로 반올림되면 server는 client가 가진 날짜 이후 변경이 없다고 잘못 판단해 304를 보낼 수 있다. 변경을 더 정확히 식별하는 ETag를 함께 제공하고 If-None-Match를 우선 평가하며, Last-Modified는 보조 validator로 사용한다.…”",YES_CONTEXT_USED,NO_CONTENT_CHANGE,250,151,0.760
network-http,network-http.core.http-cache.if-none-match.q2,DESCRIPTIVE,PUBLISHED,MEDIUM,network-http.core.http-cache.if-none-match,If-None-Match의 method별 결과와 `If-Modified-Since`가 함께 있을 때의 우선순위를 설명하라.,STRUCTURED_CRITERIA_USEFUL,GET/HEAD의 304 condition result | other methods의 412 result | If-None-Match priority·wildcard/list/weak comparison,NOT_APPLICABLE,NO_CONTENT_CHANGE,234,98,0.606
network-http,network-http.core.http-cache.if-none-match.q3,SCENARIO,PUBLISHED,HARD,network-http.core.http-cache.if-none-match,user-specific dashboard에 대해 두 사용자의 ETag가 우연히 같고 CDN이 If-None-Match에 304를 반환한다. 이 응답이 위험할 수 있는 이유와 수정할 경계를 설명하라.,MODEL_ANSWER_SUFFICIENT,하나의 중심 판단으로 수렴해 모델답변·설명으로 직접 대조 가능: “ETag 비교가 사용자 identity나 tenant를 포함하지 않은 representation 선택과 결합되어 다른 사용자의 body를 재사용하게 만들 수 있다. resource selection과 authorization을 먼저 수행하고 개인화 응답을 private/no-store로 제한하거나 shared cache…”,YES_CONTEXT_USED,NO_CONTENT_CHANGE,254,162,0.785
network-http,network-http.core.http-cache.if-modified-since.q2,DESCRIPTIVE,PUBLISHED,MEDIUM,network-http.core.http-cache.if-modified-since,If-Modified-Since가 ETag보다 약한 validator가 되기 쉬운 이유와 If-None-Match가 함께 있을 때의 처리 원칙을 설명하라.,STRUCTURED_CRITERIA_USEFUL,HTTP-date 정밀도·clock 의존 | If-None-Match가 존재할 때 precedence | date validator의 보조 적용 조건,NOT_APPLICABLE,explanationMarkdown,220,165,0.263
network-http,network-http.core.http-cache.if-modified-since.q3,SCENARIO,PUBLISHED,HARD,network-http.core.http-cache.if-modified-since,"응답에 ETag와 Last-Modified가 모두 있는데 server 구현이 어떤 요청에서는 날짜를 먼저, 다른 요청에서는 ETag를 먼저 평가해 304가 달라진다. 이 문제를 재현·수정할 때 확인할 흐름을 설명하라.",MODEL_ANSWER_SUFFICIENT,하나의 중심 판단으로 수렴해 모델답변·설명으로 직접 대조 가능: “같은 selected representation에 대해 If-None-Match가 있으면 If-Modified-Since를 무시하고 ETag condition을 평가하도록 순서를 고정한다. 두 validator를 서로 다른 representation 생성 시점에 계산하지 말고 authorization·tenant selection 후…”,YES_CONTEXT_USED,NO_CONTENT_CHANGE,227,121,0.701
network-http,network-http.core.http-cache.304.q2,DESCRIPTIVE,PUBLISHED,MEDIUM,network-http.core.http-cache.304,304가 content 없이도 cache entry를 갱신할 수 있는 이유와 반드시 보존해야 할 metadata contract를 설명하라.,MODEL_ANSWER_SUFFICIENT,"하나의 중심 판단으로 수렴해 모델답변·설명으로 직접 대조 가능: “cache는 검증에 사용한 stored representation content를 유지하고 304가 제공한 metadata로 entry를 갱신해 재사용한다. server는 같은 요청의 200에서 보냈을 Content-Location, Date, ETag, Vary와 해당되는 Cache-Control·Expires를 304에서도 생성해야…”",NOT_APPLICABLE,NO_CONTENT_CHANGE,245,87,0.536
network-http,network-http.core.http-cache.304.q3,SCENARIO,PUBLISHED,HARD,network-http.core.http-cache.304,client가 ETag만 남기고 로컬 cached content를 삭제한 뒤 304를 받아 빈 화면이 되었다. 원인과 대체 처리를 설명하라.,MODEL_ANSWER_SUFFICIENT,하나의 중심 판단으로 수렴해 모델답변·설명으로 직접 대조 가능: “304에는 새 representation content가 없으므로 validator만 있고 stored representation이 없으면 최종 content를 구성할 수 없다. client/cache는 content와 validator lifecycle을 함께 관리하고 stored representation이 없을 때는…”,YES_CONTEXT_USED,NO_CONTENT_CHANGE,226,126,0.716
network-http,network-http.core.http-cache.private-shared-cache.q2,DESCRIPTIVE,PUBLISHED,MEDIUM,network-http.core.http-cache.private-shared-cache,Authorization이 있는 요청의 응답을 shared cache가 재사용하는 HTTP 규칙과 `Set-Cookie`의 관계를 설명하라.,MODEL_ANSWER_SUFFICIENT,"하나의 중심 판단으로 수렴해 모델답변·설명으로 직접 대조 가능: “Authorization header가 있는 요청의 cached 응답은 원칙적으로 shared cache가 subsequent 요청에 재사용할 수 없고, 응답에 public·s-maxage·must-revalidate처럼 shared caching을 명시적으로 허용하는 directive가 있을 때만 그 directive 조건에 따라…”",NOT_APPLICABLE,NO_CONTENT_CHANGE,308,197,0.785
network-http,network-http.core.http-cache.private-shared-cache.q3,SCENARIO,PUBLISHED,HARD,network-http.core.http-cache.private-shared-cache,"첫 사용자의 dashboard가 CDN cache에 저장된 뒤 다음 사용자의 요청에서 그대로 반환되었다. 응답 헤더와 cache key에서 조사할 항목, 이미 노출된 object에 대한 조치를 설명하라.",MODEL_ANSWER_SUFFICIENT,"하나의 중심 판단으로 수렴해 모델답변·설명으로 직접 대조 가능: “개인화 응답에 public·s-maxage 같은 shared caching 허용 directive가 잘못 붙었는지, private/no-store가 필요한지와 CDN cache key가 representation variation을 빠뜨렸는지 확인한다. 잘못 저장된 object는 header 수정만으로 소급 제거되지 않으므로…”",YES_CONTEXT_USED,NO_CONTENT_CHANGE,215,73,0.502
network-http,network-http.core.http-cache.intermediary-cache.q2,DESCRIPTIVE,PUBLISHED,MEDIUM,network-http.core.http-cache.intermediary-cache,"cache miss, fresh hit, stale revalidation을 하나의 intermediary cache 흐름으로 연결하고 reverse proxy와 cache를 동일시하면 안 되는 이유를 설명하라.",MODEL_ANSWER_SUFFICIENT,"하나의 중심 판단으로 수렴해 모델답변·설명으로 직접 대조 가능: “miss에서는 cache가 origin으로 요청을 전달해 응답을 받고 policy에 따라 저장한다. reusable fresh hit는 origin fetch 없이 반환할 수 있고, stale entry는 허용 조건에 따라 revalidation해 304면 stored 응답 metadata를 갱신하고 전체 응답이면 교체한다.…”",NOT_APPLICABLE,NO_CONTENT_CHANGE,269,182,0.812
network-http,network-http.core.http-cache.intermediary-cache.q3,SCENARIO,PUBLISHED,HARD,network-http.core.http-cache.intermediary-cache,origin에서 curriculum을 새 버전으로 commit했지만 한 CDN edge는 이전 content를 계속 반환하고 다른 edge는 새 content를 반환한다. 이 상태가 가능한 이유와 확인·완화 방법을 설명하라.,MODEL_ANSWER_SUFFICIENT,하나의 중심 판단으로 수렴해 모델답변·설명으로 직접 대조 가능: “각 edge가 별도의 stored 응답과 age를 보유하므로 origin commit이 모든 intermediary cache의 atomic update를 의미하지 않는다. edge별 Age·cache status·ETag·Vary와 purge/revalidation 결과를 확인하고 필요하면 purge·짧은 freshness…”,YES_CONTEXT_USED,NO_CONTENT_CHANGE,291,194,0.802
network-http,network-http.core.http-message.request-message.q2,DESCRIPTIVE,PUBLISHED,MEDIUM,network-http.core.http-message.request-message,요청 target과 Host header의 역할을 구분하라.,MODEL_ANSWER_SUFFICIENT,"하나의 중심 판단으로 수렴해 모델답변·설명으로 직접 대조 가능: “요청 target 또는 authority는 어떤 resource/context를 대상으로 하는지를 나타내고, `Host`는 HTTP/1.1에서 virtual host authority를 전달한다. 둘은 TCP destination IP나 application body와 같은 값이 아니며, proxy가 next-hop authority를…”",NOT_APPLICABLE,NO_CONTENT_CHANGE,204,109,0.696
network-http,network-http.core.http-message.request-message.q3,SCENARIO,PUBLISHED,MEDIUM,network-http.core.http-message.request-message,HTTP/1.1 client가 `POST /orders` header를 보낸 뒤 `Content-Length`와 `Transfer-Encoding` 없이 JSON bytes를 이어서 전송했다. server가 body 없는 POST로 처리하거나 connection을 비정상 상태로 만들었다. 왜 이런 일이 생기며 client를 어떻게 수정해야 하는가?,MODEL_ANSWER_SUFFICIENT,하나의 중심 판단으로 수렴해 모델답변·설명으로 직접 대조 가능: “HTTP/1.1 request는 Content-Length와 Transfer-Encoding이 모두 없으면 message body 길이를 0으로 해석한다. 따라서 header 뒤에 임의로 보낸 JSON bytes는 해당 request body로 framing되지 않으며 이후 parsing을 깨뜨리거나 다음 message의 일부처럼 보일…”,YES_CONTEXT_USED,NO_CONTENT_CHANGE,315,115,0.323
network-http,network-http.core.http-message.response-message.q2,DESCRIPTIVE,PUBLISHED,MEDIUM,network-http.core.http-message.response-message,응답 상태·header·body가 각각 표현하는 것을 설명하라.,STRUCTURED_CRITERIA_USEFUL,status의 protocol outcome | headers의 control/metadata/framing | body representation/error detail와 DB commit 분리,NOT_APPLICABLE,NO_CONTENT_CHANGE,222,113,0.679
network-http,network-http.core.http-message.response-message.q3,SCENARIO,PUBLISHED,MEDIUM,network-http.core.http-message.response-message,body가 비어 있는데 200을 반환한 endpoint가 실제로 성공인지 판단할 때 확인할 것을 설명하라.,MODEL_ANSWER_SUFFICIENT,하나의 중심 판단으로 수렴해 모델답변·설명으로 직접 대조 가능: “status만으로 body 계약을 알 수 없다. API schema·Content-Length·media type과 server processing log를 확인해 empty success와 truncated 응답을 구분한다.”,YES_CONTEXT_USED,explanationMarkdown,126,145,0.180
network-http,network-http.core.http-message.header-body.q2,DESCRIPTIVE,PUBLISHED,MEDIUM,network-http.core.http-message.header-body,header parsing과 body framing을 분리해야 하는 이유를 설명하라.,MODEL_ANSWER_SUFFICIENT,하나의 중심 판단으로 수렴해 모델답변·설명으로 직접 대조 가능: “header의 syntax와 Content-Length/transfer framing을 먼저 해석해야 receiver가 body의 정확한 경계와 읽을 양을 알 수 있기 때문이다. 이 경계를 application JSON parsing이나 business 검증과 섞으면 parser desynchronization과 요청 smuggling…”,NOT_APPLICABLE,NO_CONTENT_CHANGE,201,99,0.656
network-http,network-http.core.http-message.header-body.q3,SCENARIO,PUBLISHED,MEDIUM,network-http.core.http-message.header-body,untrusted client가 매우 큰 header를 보내 proxy memory를 소모하는 문제를 방어하라.,MODEL_ANSWER_SUFFICIENT,하나의 중심 판단으로 수렴해 모델답변·설명으로 직접 대조 가능: “header size·line count·parsing time을 제한하고 초과는 4xx로 종료한다. proxy와 origin의 limit을 일치시켜 요청 smuggling 경계를 줄인다.”,YES_CONTEXT_USED,NO_CONTENT_CHANGE,105,48,0.635
network-http,network-http.core.http-message.representation.q2,DESCRIPTIVE,PUBLISHED,MEDIUM,network-http.core.http-message.representation,같은 resource가 JSON과 HTML representation을 가질 수 있는 이유를 설명하라.,MODEL_ANSWER_SUFFICIENT,"하나의 중심 판단으로 수렴해 모델답변·설명으로 직접 대조 가능: “resource를 식별하는 개념과 그것을 표현하는 media format이 분리되기 때문이다. client의 Accept나 server policy에 따라 같은 resource의 의미를 JSON 또는 HTML bytes로 선택할 수 있고, 각 variant의 Content-Type·Vary·validator를 맞춰야 한다.”",NOT_APPLICABLE,NO_CONTENT_CHANGE,181,121,0.435
network-http,network-http.core.http-message.representation.q3,SCENARIO,PUBLISHED,MEDIUM,network-http.core.http-message.representation,cache key가 language와 media type을 구분하지 않아 한 client에게 다른 representation을 주는 문제를 설명하라.,MODEL_ANSWER_SUFFICIENT,하나의 중심 판단으로 수렴해 모델답변·설명으로 직접 대조 가능: “representation 선택 조건이 cache key에 반영되지 않았다. Vary·explicit cache key와 content negotiation을 일치시켜 cross-client leakage를 막는다.”,YES_CONTEXT_USED,NO_CONTENT_CHANGE,120,77,0.790
network-http,network-http.core.http-message.media-type.q2,DESCRIPTIVE,PUBLISHED,MEDIUM,network-http.core.http-message.media-type,application/json과 text/html을 구분해 선언해야 하는 이유를 설명하라.,MODEL_ANSWER_SUFFICIENT,"하나의 중심 판단으로 수렴해 모델답변·설명으로 직접 대조 가능: “두 representation이 같은 UTF-8 bytes일 수 있어도 client parser, rendering과 security policy가 달라질 수 있기 때문이다. 정확한 Content-Type을 선언하고 Content-Encoding과 file extension을 media type 자체와 혼동하지 않는다.”",NOT_APPLICABLE,NO_CONTENT_CHANGE,179,97,0.699
network-http,network-http.core.http-message.media-type.q3,SCENARIO,PUBLISHED,MEDIUM,network-http.core.http-message.media-type,API가 JSON bytes를 반환하면서 `Content-Type: text/plain`을 보냈다. 한 client는 문자열로만 처리하고 다른 client는 임의의 MIME sniffing에 의존해 JSON으로 해석한다. 이 계약이 왜 불안정하며 server와 client에서 무엇을 바로잡아야 하는가?,MODEL_ANSWER_SUFFICIENT,하나의 중심 판단으로 수렴해 모델답변·설명으로 직접 대조 가능: “Content-Type은 representation의 실제 media type과 recipient가 데이터를 처리할 방식을 나타내므로 JSON representation에는 `application/json` 같은 올바른 media type을 선언해야 한다. 잘못된 `text/plain`은 parser 선택·content…”,YES_CONTEXT_USED,NO_CONTENT_CHANGE,333,110,0.249
network-http,network-http.core.http-message.content-type.q2,DESCRIPTIVE,PUBLISHED,MEDIUM,network-http.core.http-message.content-type,요청 Content-Type과 Accept의 차이를 설명하라.,STRUCTURED_CRITERIA_USEFUL,request Content-Type의 sent representation declaration | Accept의 desired response media types,NOT_APPLICABLE,NO_CONTENT_CHANGE,179,118,0.797
network-http,network-http.core.http-message.content-type.q3,SCENARIO,PUBLISHED,MEDIUM,network-http.core.http-message.content-type,JSON body인데 Content-Type이 빠져 server가 415를 반환하는 흐름을 설명하라.,MODEL_ANSWER_SUFFICIENT,하나의 중심 판단으로 수렴해 모델답변·설명으로 직접 대조 가능: “server가 body parser를 선택할 media type을 알 수 없다. client가 application/json을 선언하고 server는 unsupported type과 malformed JSON을 구분해 응답한다.”,YES_CONTEXT_USED,NO_CONTENT_CHANGE,127,82,0.802
network-http,network-http.core.http-message.accept.q2,DESCRIPTIVE,PUBLISHED,MEDIUM,network-http.core.http-message.accept,Accept에 여러 media type과 quality가 있을 때 server가 할 일을 설명하라.,MODEL_ANSWER_SUFFICIENT,"하나의 중심 판단으로 수렴해 모델답변·설명으로 직접 대조 가능: “server는 Accept의 media type·wildcard·q-value와 자신이 제공할 수 있는 representation을 비교해 하나를 선택하고, 선택한 결과의 Content-Type을 명시한다. 지원 가능한 표현이 없으면 406을 반환할 수 있으며, 응답 variant를 cache할 때는 Accept variation도…”",NOT_APPLICABLE,NO_CONTENT_CHANGE,192,115,0.758
network-http,network-http.core.http-message.accept.q3,SCENARIO,PUBLISHED,MEDIUM,network-http.core.http-message.accept,client가 application/json만 Accept했는데 server가 HTML error page를 반환하는 문제를 개선하라.,MODEL_ANSWER_SUFFICIENT,하나의 중심 판단으로 수렴해 모델답변·설명으로 직접 대조 가능: “error path가 content negotiation을 무시했다. error 응답도 Accept를 반영하거나 명시적인 대체 처리 계약을 두어 parser mismatch를 막는다.”,YES_CONTEXT_USED,NO_CONTENT_CHANGE,102,63,0.756
network-http,network-http.core.http-message.content-negotiation.q2,DESCRIPTIVE,PUBLISHED,MEDIUM,network-http.core.http-message.content-negotiation,언어와 media type negotiation이 cache에 요구하는 것을 설명하라.,MODEL_ANSWER_SUFFICIENT,하나의 중심 판단으로 수렴해 모델답변·설명으로 직접 대조 가능: “선택에 영향을 준 요청 헤더가 cache variation key에 포함되어야 한다. Vary와 representation metadata를 사용해 다른 client의 응답을 섞지 않는다.”,NOT_APPLICABLE,NO_CONTENT_CHANGE,105,88,0.395
network-http,network-http.core.http-message.content-negotiation.q3,SCENARIO,PUBLISHED,MEDIUM,network-http.core.http-message.content-negotiation,Accept-Language가 다른 두 client가 같은 cached 응답을 받는 문제를 분석하라.,MODEL_ANSWER_SUFFICIENT,하나의 중심 판단으로 수렴해 모델답변·설명으로 직접 대조 가능: “cache key가 language variation을 포함하지 않았다. origin의 Vary 설정과 CDN cache key를 일치시키고 가능한 canonical representation 수를 제한한다.”,YES_CONTEXT_USED,NO_CONTENT_CHANGE,116,75,0.787
network-http,network-http.core.http-message.content-length-transfer.q2,DESCRIPTIVE,PUBLISHED,MEDIUM,network-http.core.http-message.content-length-transfer,Content-Length와 transfer encoding을 함께 message framing 관점에서 설명하라.,STRUCTURED_CRITERIA_USEFUL,Content-Length fixed octet boundary | Transfer-Encoding HTTP/1.1 transfer framing | hop별 parsing 차이와 request-smuggling risk,NOT_APPLICABLE,NO_CONTENT_CHANGE,230,136,0.757
network-http,network-http.core.http-message.content-length-transfer.q3,SCENARIO,PUBLISHED,HARD,network-http.core.http-message.content-length-transfer,proxy와 origin이 body framing을 서로 다르게 해석할 때 요청 smuggling 위험이 생기는 이유를 설명하라.,MODEL_ANSWER_SUFFICIENT,하나의 중심 판단으로 수렴해 모델답변·설명으로 직접 대조 가능: “두 hop이 서로 다른 body 끝을 사용해 한 요청 일부를 다음 요청으로 볼 수 있다. conflicting framing을 거부하고 parser·proxy 정책을 일치시킨다.”,YES_CONTEXT_USED,NO_CONTENT_CHANGE,99,49,0.712
network-http,network-http.core.http-methods.safe-method.q2,DESCRIPTIVE,PUBLISHED,MEDIUM,network-http.core.http-methods.safe-method,GET이 safe여도 access log나 analytics가 변할 수 있는 이유를 설명하라.,MODEL_ANSWER_SUFFICIENT,하나의 중심 판단으로 수렴해 모델답변·설명으로 직접 대조 가능: “safe는 client가 요청 semantics로 state change를 요청하거나 기대하지 않는다는 의미이지 server의 모든 side effect를 금지한다는 뜻이 아니다. access log·metrics 같은 부수 효과는 생길 수 있지만 GET으로 계정 삭제 같은 unsafe action을 요청하도록 설계해서는 안 된다.”,NOT_APPLICABLE,NO_CONTENT_CHANGE,186,100,0.716
network-http,network-http.core.http-methods.safe-method.q3,SCENARIO,PUBLISHED,MEDIUM,network-http.core.http-methods.safe-method,GET endpoint가 query parameter만으로 계정을 삭제하도록 구현된 위험을 설명하라.,MODEL_ANSWER_SUFFICIENT,하나의 중심 판단으로 수렴해 모델답변·설명으로 직접 대조 가능: “crawler·prefetch·link checker 같은 자동 retrieval이 GET을 실행해 의도치 않은 삭제를 일으킬 수 있다. unsafe action은 그 의미에 맞는 non-safe method로 노출하고 필요한 authorization·CSRF 정책을 적용한다.”,YES_CONTEXT_USED,NO_CONTENT_CHANGE,155,78,0.677
network-http,network-http.core.http-methods.idempotent-method.q2,DESCRIPTIVE,PUBLISHED,MEDIUM,network-http.core.http-methods.idempotent-method,idempotent와 응답이 매번 같다는 주장이 다른 이유를 설명하라.,MODEL_ANSWER_SUFFICIENT,하나의 중심 판단으로 수렴해 모델답변·설명으로 직접 대조 가능: “idempotency는 여러 identical 요청의 사용자가 요청한 intended server effect에 대한 성질이다. 응답 상태·timestamp·header가 달라질 수 있고 server는 access log나 revision history 같은 별도 side effect를 요청마다 남길 수도 있다. exactly-once…”,NOT_APPLICABLE,explanationMarkdown,214,187,0.296
network-http,network-http.core.http-methods.idempotent-method.q3,SCENARIO,PUBLISHED,MEDIUM,network-http.core.http-methods.idempotent-method,PUT 응답을 읽기 전에 connection이 끊겼을 때 client가 같은 요청을 재시도할 수 있는 HTTP semantics상의 근거와 주의점을 설명하라.,MODEL_ANSWER_SUFFICIENT,하나의 중심 판단으로 수렴해 모델답변·설명으로 직접 대조 가능: “RFC 9110은 PUT을 idempotent method로 정의하므로 communication 실패 뒤 동일 요청을 반복해도 intended PUT effect는 한 번과 같다는 전제로 재시도할 수 있다. 다만 외부 notification·payment 같은 application side effect와 version…”,YES_CONTEXT_USED,NO_CONTENT_CHANGE,246,130,0.705
network-http,network-http.core.http-methods.get-head.q2,DESCRIPTIVE,PUBLISHED,MEDIUM,network-http.core.http-methods.get-head,HEAD가 큰 representation의 metadata 확인에 유용하면서도 `Content-Length` 같은 field가 항상 존재한다고 가정하면 안 되는 이유를 설명하라.,MODEL_ANSWER_SUFFICIENT,하나의 중심 판단으로 수렴해 모델답변·설명으로 직접 대조 가능: “HEAD는 응답 content를 전송하지 않고 metadata를 얻을 수 있어 전송 비용을 줄인다. server는 대응 GET과 같은 header를 보내는 것이 권장되지만 content를 실제 생성해야 계산할 수 있는 Content-Length·Vary 같은 field는 생략할 수 있으므로 모든 GET header의…”,NOT_APPLICABLE,NO_CONTENT_CHANGE,207,55,0.420
network-http,network-http.core.http-methods.get-head.q3,SCENARIO,PUBLISHED,MEDIUM,network-http.core.http-methods.get-head,server가 HEAD에도 GET 응답 content를 보내 proxy가 connection을 오염시키는 문제를 설명하라.,MODEL_ANSWER_SUFFICIENT,하나의 중심 판단으로 수렴해 모델답변·설명으로 직접 대조 가능: “HEAD에서는 server가 응답 content를 보내면 안 된다는 method semantics와 framing을 위반한 것이다. content는 보내지 않고 대응 GET과 일관된 metadata semantics를 유지하되 content 생성 시에만 계산 가능한 일부 header는 생략될 수 있음을 고려한다.”,YES_CONTEXT_USED,NO_CONTENT_CHANGE,175,101,0.726
network-http,network-http.core.http-methods.post.q2,DESCRIPTIVE,PUBLISHED,MEDIUM,network-http.core.http-methods.post,POST를 HTTP method 자체의 기본 idempotent semantics로 볼 수 없는 이유를 설명하라.,MODEL_ANSWER_SUFFICIENT,하나의 중심 판단으로 수렴해 모델답변·설명으로 직접 대조 가능: “POST는 target resource가 요청 content를 자체 semantics로 처리하도록 요청하며 RFC 9110이 PUT·DELETE·safe methods처럼 idempotent로 정의한 method가 아니다. 반복 제출이 새 resource·job·event를 만들 수 있으므로 retry safety가 필요하면…”,NOT_APPLICABLE,NO_CONTENT_CHANGE,241,124,0.691
network-http,network-http.core.http-methods.post.q3,SCENARIO,PUBLISHED,HARD,network-http.core.http-methods.post,결제 POST 응답이 timeout되어 client가 retry해야 하는 경우 중복 결제를 막는 방법을 설명하라.,MODEL_ANSWER_SUFFICIENT,하나의 중심 판단으로 수렴해 모델답변·설명으로 직접 대조 가능: “logical payment operation에 stable idempotency key를 부여하고 identity/operation scope와 payload fingerprint에 묶어 저장한다. 처리 중·완료·실패 결과와 key 만료 정책을 정의해 같은 command retry가 effect를 중복 적용하지 않도록 한다.”,YES_CONTEXT_USED,NO_CONTENT_CHANGE,183,71,0.527
network-http,network-http.core.http-methods.put.q2,DESCRIPTIVE,PUBLISHED,MEDIUM,network-http.core.http-methods.put,PUT이 HTTP semantics에서 idempotent로 정의되는 이유를 설명하라.,MODEL_ANSWER_SUFFICIENT,하나의 중심 판단으로 수렴해 모델답변·설명으로 직접 대조 가능: “PUT은 같은 target resource에 요청 representation이 정의한 상태를 생성하거나 대체하겠다는 동일한 intended effect를 반복한다. 따라서 identical PUT을 여러 번 보낸 intended server effect는 한 번 보낸 것과 같도록 정의된다. 응답 차이와 별도 side effect…”,NOT_APPLICABLE,NO_CONTENT_CHANGE,222,162,0.846
network-http,network-http.core.http-methods.put.q3,SCENARIO,PUBLISHED,MEDIUM,network-http.core.http-methods.put,일반적인 PUT endpoint를 전체 state replacement로 계약해 놓고 누락 field를 이전 값으로 조용히 merge하는 문제를 분석하라.,MODEL_ANSWER_SUFFICIENT,하나의 중심 판단으로 수렴해 모델답변·설명으로 직접 대조 가능: “endpoint가 선언한 replacement semantics와 실제 merge 동작이 어긋난다. 요청 representation이 표현하는 target state 계약을 명확히 지키거나 partial modification을 PATCH 등 별도 semantics로 구분하고 concurrent overwrite에는…”,YES_CONTEXT_USED,NO_CONTENT_CHANGE,197,141,0.838
network-http,network-http.core.http-methods.patch.q2,DESCRIPTIVE,PUBLISHED,MEDIUM,network-http.core.http-methods.patch,PATCH document의 여러 변경 중 하나가 실패했다. 일부 변경만 남겨도 되는가? PATCH atomicity와 idempotency를 구분해 설명하라.,STRUCTURED_CRITERIA_USEFUL,PATCH document 전체 atomic application 경계 | method-level non-idempotency와 retry duplicate risk,NOT_APPLICABLE,NO_CONTENT_CHANGE,239,112,0.624
network-http,network-http.core.http-methods.patch.q3,SCENARIO,PUBLISHED,HARD,network-http.core.http-methods.patch,increment counter PATCH를 timeout 뒤 retry해 값이 두 번 증가하는 문제를 해결하라.,MODEL_ANSWER_SUFFICIENT,"하나의 중심 판단으로 수렴해 모델답변·설명으로 직접 대조 가능: “increment는 반복할수록 effect가 누적되므로 PATCH method 이름만으로 retry를 안전하게 만들 수 없다. operation ID/deduplication을 사용하거나 use-case가 허용하면 반복 가능한 절대 상태 변경으로 모델링하고, stale base 문제에는 ETag·If-Match 같은…”",YES_CONTEXT_USED,NO_CONTENT_CHANGE,200,129,0.784
network-http,network-http.core.http-methods.delete.q2,DESCRIPTIVE,PUBLISHED,MEDIUM,network-http.core.http-methods.delete,DELETE가 idempotent여도 backing data가 반드시 물리 삭제되거나 반복 응답이 같다고 말할 수 없는 이유를 설명하라.,MODEL_ANSWER_SUFFICIENT,하나의 중심 판단으로 수렴해 모델답변·설명으로 직접 대조 가능: “DELETE의 intended effect는 target URI와 current functionality의 association 제거이며 HTTP는 backing representation·storage의 실제 파기 방식을 정의하지 않는다. 같은 DELETE의 intended effect는 반복해도 한 번과 같지만 soft…”,NOT_APPLICABLE,NO_CONTENT_CHANGE,262,134,0.695
network-http,network-http.core.http-methods.delete.q3,SCENARIO,PUBLISHED,MEDIUM,network-http.core.http-methods.delete,DELETE 응답을 읽기 전에 connection이 끊긴 client가 retry를 검토할 수 있는 이유와 별도 확인할 상태를 설명하라.,STRUCTURED_CRITERIA_USEFUL,DELETE intended effect의 retry idempotency | async deletion/replica/downstream completion state 확인,YES_CONTEXT_USED,NO_CONTENT_CHANGE,213,144,0.809
network-http,network-http.core.http-methods.protocol-idempotency-boundary.q2,DESCRIPTIVE,PUBLISHED,MEDIUM,network-http.core.http-methods.protocol-idempotency-boundary,PUT처럼 HTTP상 idempotent인 method에서도 application-level duplicate protection이 필요할 수 있는 이유를 설명하라.,MODEL_ANSWER_SUFFICIENT,하나의 중심 판단으로 수렴해 모델답변·설명으로 직접 대조 가능: “HTTP idempotency는 사용자가 요청한 intended method effect에 관한 계약이며 server가 각 요청마다 기록하거나 application이 추가로 발생시키는 email·payment·event publish까지 exactly once로 만드는 기능이 아니다. 그런 effect에 retry safety가…”,NOT_APPLICABLE,NO_CONTENT_CHANGE,281,159,0.726
network-http,network-http.core.http-methods.protocol-idempotency-boundary.q3,SCENARIO,PUBLISHED,HARD,network-http.core.http-methods.protocol-idempotency-boundary,Idempotency-Key를 받지만 key를 사용자별로 분리하지 않은 API의 보안·정확성 문제를 설명하라.,MODEL_ANSWER_SUFFICIENT,하나의 중심 판단으로 수렴해 모델답변·설명으로 직접 대조 가능: “다른 사용자나 tenant가 같은 key를 재사용해 다른 응답을 받거나 요청이 잘못 dedup될 수 있다. identity·tenant·operation scope를 key에 묶고 payload fingerprint mismatch를 거부하며 처리 결과와 expiry를 명시적으로 관리한다.”,YES_CONTEXT_USED,NO_CONTENT_CHANGE,162,102,0.795
network-http,network-http.core.http-state-intermediary.cookie.q2,DESCRIPTIVE,PUBLISHED,MEDIUM,network-http.core.http-state-intermediary.cookie,"cookie가 client-side state와 server-side session을 연결하는 흐름, 그리고 cookie 자체가 authentication·transport encryption이 아닌 이유를 설명하라.",STRUCTURED_CRITERIA_USEFUL,cookie에 보관된 session identifier 전달 | TLS가 제공하는 transport confidentiality 별도 | authentication·authorization·CSRF policy 별도,NOT_APPLICABLE,NO_CONTENT_CHANGE,335,125,0.538
network-http,network-http.core.http-state-intermediary.cookie.q3,SCENARIO,PUBLISHED,HARD,network-http.core.http-state-intermediary.cookie,session ID를 cookie와 URL query parameter에 함께 넣고 access log에 그대로 남기는 service의 위험과 수정 흐름을 설명하라.,STRUCTURED_CRITERIA_USEFUL,URL/history/referer/log token exposure | cookie scope·flags·redaction | exposed session revoke/rotation과 CSRF defense,YES_CONTEXT_USED,NO_CONTENT_CHANGE,271,154,0.727
network-http,network-http.core.http-state-intermediary.set-cookie.q2,DESCRIPTIVE,PUBLISHED,MEDIUM,network-http.core.http-state-intermediary.set-cookie,`Set-Cookie`의 `Max-Age`/`Expires`와 삭제 요청의 scope가 cookie lifecycle에 미치는 영향을 설명하라.,MODEL_ANSWER_SUFFICIENT,"하나의 중심 판단으로 수렴해 모델답변·설명으로 직접 대조 가능: “Max-Age와 Expires는 user agent가 cookie를 얼마나 오래 보관·전송할지 정하고, Max-Age가 있으면 lifetime 판단에서 우선한다. 삭제할 때는 기존 cookie와 같은 name·Domain·Path scope에 Max-Age=0 또는 과거 Expires를 보내야 하므로 value만 빈 문자열로 바꾸거나…”",NOT_APPLICABLE,NO_CONTENT_CHANGE,273,90,0.498
network-http,network-http.core.http-state-intermediary.set-cookie.q3,SCENARIO,PUBLISHED,HARD,network-http.core.http-state-intermediary.set-cookie,logout 응답이 session cookie value만 빈 문자열로 바꾸고 원래 Path를 생략했다. 사용자가 계속 인증되는 경우를 조사하고 수정할 순서를 설명하라.,MODEL_ANSWER_SUFFICIENT,"하나의 중심 판단으로 수렴해 모델답변·설명으로 직접 대조 가능: “같은 name이라도 Domain·Path가 다른 cookie가 공존할 수 있고, 삭제 header가 원래 scope와 일치하지 않으면 기존 session cookie가 계속 전송될 수 있다. 실제 browser cookie jar에서 scope별 entry를 확인하고 같은 name·Domain·Path에 Max-Age=0/과거…”",YES_CONTEXT_USED,NO_CONTENT_CHANGE,268,161,0.761
network-http,network-http.core.http-state-intermediary.cookie-scope.q2,DESCRIPTIVE,PUBLISHED,MEDIUM,network-http.core.http-state-intermediary.cookie-scope,Domain·Path·Secure·SameSite가 서로 다른 scope 축인 이유와 Path를 authorization boundary로 사용하면 안 되는 이유를 설명하라.,STRUCTURED_CRITERIA_USEFUL,Domain host scope | Path URL sending match vs authorization limit | Secure transport condition | SameSite cross-site context,NOT_APPLICABLE,NO_CONTENT_CHANGE,310,95,0.462
network-http,network-http.core.http-state-intermediary.cookie-scope.q3,SCENARIO,PUBLISHED,HARD,network-http.core.http-state-intermediary.cookie-scope,session cookie에 넓은 `Domain=example.com`을 주어 덜 신뢰하는 sibling subdomain도 받게 했다. 어떤 공격·운영 경계가 넓어지며 어떻게 줄일지 설명하라.,MODEL_ANSWER_SUFFICIENT,"하나의 중심 판단으로 수렴해 모델답변·설명으로 직접 대조 가능: “sibling subdomain의 compromise나 잘못된 응답이 parent domain 범위의 session을 탈취·덮어쓸 수 있어 피해 범위가 커진다. Domain을 생략한 host-only cookie와 최소 Path를 우선하고, 필요한 경우 __Host- prefix 조건을 검토하며 관리자·일반 UI의 cookie 이름과…”",YES_CONTEXT_USED,NO_CONTENT_CHANGE,259,169,0.785
network-http,network-http.core.http-state-intermediary.proxy.q2,DESCRIPTIVE,PUBLISHED,MEDIUM,network-http.core.http-state-intermediary.proxy,"forward proxy와 reverse proxy에서 누가 proxy를 선택하는지, HTTPS `CONNECT`가 필요한 경우의 흐름과 함께 비교하라.",STRUCTURED_CRITERIA_USEFUL,forward proxy selected for client egress vs origin-operated reverse proxy | CONNECT tunnel for end-to-end TLS | TLS inspection's separate CA/plaintext trust boundary,NOT_APPLICABLE,NO_CONTENT_CHANGE,328,150,0.635
network-http,network-http.core.http-state-intermediary.proxy.q3,SCENARIO,PUBLISHED,HARD,network-http.core.http-state-intermediary.proxy,회사 forward proxy가 HTTPS를 MITM 검사하도록 바뀐 뒤 외부 API client가 certificate error를 내고 일부 private service가 우회된다. 원인과 확인 항목을 연결해 설명하라.,STRUCTURED_CRITERIA_USEFUL,proxy TLS interception and client CA trust | proxy/bypass/DNS/private-target path | privacy·credential redaction·egress allow boundary,YES_CONTEXT_USED,NO_CONTENT_CHANGE,296,193,0.787
network-http,network-http.core.http-state-intermediary.reverse-proxy.q2,DESCRIPTIVE,PUBLISHED,MEDIUM,network-http.core.http-state-intermediary.reverse-proxy,client-to-proxy와 proxy-to-backend를 별도 connection으로 봐야 하는 이유와 reverse proxy의 retry가 side effect에 미치는 영향을 설명하라.,STRUCTURED_CRITERIA_USEFUL,client-proxy and proxy-backend independent connection/TLS/timeout | upstream retry with non-idempotent side effects | trusted forwarded metadata policy,NOT_APPLICABLE,NO_CONTENT_CHANGE,329,125,0.542
network-http,network-http.core.http-state-intermediary.reverse-proxy.q3,SCENARIO,PUBLISHED,HARD,network-http.core.http-state-intermediary.reverse-proxy,reverse proxy가 매 요청마다 upstream을 재시도하고 backend가 client IP를 proxy IP로만 관찰한다. 결제 중복과 rate limit 오작동을 각각 해결하는 흐름을 설명하라.,STRUCTURED_CRITERIA_USEFUL,timeout-unknown payment and proxy retry duplicate | app-level idempotency/result recovery | trusted proxy normalized client-IP rate limit,YES_CONTEXT_USED,NO_CONTENT_CHANGE,289,188,0.786
network-http,network-http.core.http-state-intermediary.gateway.q2,DESCRIPTIVE,PUBLISHED,MEDIUM,network-http.core.http-state-intermediary.gateway,gateway의 protocol translation·policy 적용과 application/domain authorization을 같은 책임으로 두면 안 되는 이유를 설명하라.,MODEL_ANSWER_SUFFICIENT,"하나의 중심 판단으로 수렴해 모델답변·설명으로 직접 대조 가능: “gateway는 HTTP-gRPC 변환, route·quota·edge authentication·error mapping처럼 경계의 전달 정책을 담당할 수 있지만, 어떤 사용자가 특정 canonical resource를 변경할 수 있는지는 backend domain state와 transaction을 알아야 한다. gateway의…”",NOT_APPLICABLE,NO_CONTENT_CHANGE,313,177,0.727
network-http,network-http.core.http-state-intermediary.gateway.q3,SCENARIO,PUBLISHED,HARD,network-http.core.http-state-intermediary.gateway,gateway가 authentication 후 `X-User-Id`를 backend에 넣지만 client가 같은 header를 먼저 보낼 수 있어 backend가 위조 identity를 받는다. 안전한 hop 흐름을 설계하라.,MODEL_ANSWER_SUFFICIENT,하나의 중심 판단으로 수렴해 모델답변·설명으로 직접 대조 가능: “client가 보낸 주장과 gateway가 검증한 identity가 같은 header에 섞인 trust boundary 오류다. gateway가 inbound identity header를 제거하고 검증된 context를 canonical header나 authenticated upstream channel로 다시 전달하며…”,YES_CONTEXT_USED,explanationMarkdown,302,183,0.332
network-http,network-http.core.http-state-intermediary.forwarded-header.q2,DESCRIPTIVE,PUBLISHED,MEDIUM,network-http.core.http-state-intermediary.forwarded-header,`Forwarded`의 여러 hop 값과 trusted proxy boundary를 함께 해석해야 하는 이유를 설명하라.,STRUCTURED_CRITERIA_USEFUL,multi-hop header values are not inherently original/trusted | edge strip-and-rewrite | allowed source/topology parsing vs authentication,NOT_APPLICABLE,NO_CONTENT_CHANGE,259,101,0.567
network-http,network-http.core.http-state-intermediary.forwarded-header.q3,SCENARIO,PUBLISHED,HARD,network-http.core.http-state-intermediary.forwarded-header,모든 client가 `Forwarded: proto=https;host=trusted.example`를 넣을 수 있는데 backend가 이를 이용해 secure redirect와 absolute URL을 만든다. 취약점과 수정 흐름을 설명하라.,MODEL_ANSWER_SUFFICIENT,하나의 중심 판단으로 수렴해 모델답변·설명으로 직접 대조 가능: “untrusted client가 scheme·host를 위조해 redirect target과 generated URL을 바꾸는 문제다. public edge가 inbound Forwarded를 제거하거나 정규화해 자신이 관찰한 proto·host만 넣고 backend ingress를 trusted edge로 제한한다. backend는…”,YES_CONTEXT_USED,NO_CONTENT_CHANGE,290,214,0.847
network-http,network-http.core.http-state-intermediary.x-forwarded.q2,DESCRIPTIVE,PUBLISHED,MEDIUM,network-http.core.http-state-intermediary.x-forwarded,"X-Forwarded-For chain에서 client address를 선택할 때 실제 socket peer, trusted proxy, 목록 방향을 함께 봐야 하는 이유를 설명하라.",STRUCTURED_CRITERIA_USEFUL,actual socket peer trust check | proxy chain append direction/hop policy | untrusted client value injection protection,NOT_APPLICABLE,NO_CONTENT_CHANGE,276,78,0.434
network-http,network-http.core.http-state-intermediary.x-forwarded.q3,SCENARIO,PUBLISHED,HARD,network-http.core.http-state-intermediary.x-forwarded,rate limiter가 X-Forwarded-For의 첫 값을 무조건 client로 사용하자 attacker가 매 요청 다른 IP를 넣어 제한을 우회한다. ingress와 backend의 수정 지점을 설명하라.,MODEL_ANSWER_SUFFICIENT,"하나의 중심 판단으로 수렴해 모델답변·설명으로 직접 대조 가능: “외부 client가 주입한 untrusted 첫 값이 rate-limit key가 된 것이다. ingress에서 기존 X-Forwarded-* 값을 제거하고 실제 peer를 기준으로 canonical chain을 작성하며, backend는 허용된 proxy source와 고정된 hop policy로만 값을 해석한다. direct…”",YES_CONTEXT_USED,explanationMarkdown,261,156,0.187
network-http,network-http.core.http-state-intermediary.trusted-proxy-boundary.q2,DESCRIPTIVE,PUBLISHED,MEDIUM,network-http.core.http-state-intermediary.trusted-proxy-boundary,trusted proxy 목록을 network source·hop policy와 함께 제한하고 edge에서 기존 header를 제거해야 하는 이유를 설명하라.,STRUCTURED_CRITERIA_USEFUL,network source/hop-scoped trusted proxy list | edge removal and normalization of supplied headers | topology-aligned forwarded chain parsing,NOT_APPLICABLE,NO_CONTENT_CHANGE,306,113,0.538
network-http,network-http.core.http-state-intermediary.trusted-proxy-boundary.q3,SCENARIO,PUBLISHED,HARD,network-http.core.http-state-intermediary.trusted-proxy-boundary,backend가 모든 source에서 온 `Forwarded: proto=https`를 신뢰해 HTTP 요청을 secure로 기록하고 redirect한다. direct access와 다중 proxy를 포함해 수정·검증할 방법을 설명하라.,STRUCTURED_CRITERIA_USEFUL,direct backend access rejection | edge-rewritten forwarded values | single/multi-hop and malformed input test evidence,YES_CONTEXT_USED,explanationMarkdown,255,178,0.166
network-http,network-http.core.http-state-intermediary.cdn-http-intermediary.q2,DESCRIPTIVE,PUBLISHED,MEDIUM,network-http.core.http-state-intermediary.cdn-http-intermediary,CDN edge와 origin 사이의 별도 connection·cache key·HTTP `Vary`를 함께 설계해야 하는 이유를 설명하라.,STRUCTURED_CRITERIA_USEFUL,edge-origin independent transport/retry boundary | representation-variant cache key and Vary | CDN delivery vs canonical DB/application cache responsibility,NOT_APPLICABLE,NO_CONTENT_CHANGE,332,104,0.471
network-http,network-http.core.http-state-intermediary.cdn-http-intermediary.q3,SCENARIO,PUBLISHED,HARD,network-http.core.http-state-intermediary.cdn-http-intermediary,origin content를 publish하고 CDN object를 purge했지만 일부 edge가 오래된 개인화 응답을 계속 제공한다. 원인 조사와 안전한 완화 순서를 설명하라.,STRUCTURED_CRITERIA_USEFUL,edge-specific purge/Age/origin version diagnosis | personalized shared-cache identity leak | private response/versioned public object/purge recovery,YES_CONTEXT_USED,NO_CONTENT_CHANGE,312,210,0.802
network-http,network-http.core.http-status.status-class.q2,DESCRIPTIVE,PUBLISHED,MEDIUM,network-http.core.http-status.status-class,"4xx와 5xx status class를 RFC 의미 수준에서 구분하고, class만으로 retry를 확정할 수 없는 이유를 설명하라.",STRUCTURED_CRITERIA_USEFUL,4xx client-error semantics | 5xx server-error semantics | per-code method idempotency·Retry-After·side-effect retry policy,NOT_APPLICABLE,NO_CONTENT_CHANGE,245,119,0.658
network-http,network-http.core.http-status.status-class.q3,SCENARIO,PUBLISHED,MEDIUM,network-http.core.http-status.status-class,모든 실패를 500으로 반환하는 API가 client retry와 장애 분석을 어렵게 만드는 이유를 설명하라.,MODEL_ANSWER_SUFFICIENT,"하나의 중심 판단으로 수렴해 모델답변·설명으로 직접 대조 가능: “malformed input, authentication/authorization, rate limit, conflict와 실제 server 실패가 같은 신호로 뭉개져 client가 수정 가능한 오류까지 retry하거나 on-call이 원인을 잘못 분류할 수 있다. 구체적인 4xx/429/5xx semantics와 application…”",YES_CONTEXT_USED,NO_CONTENT_CHANGE,209,60,0.455
network-http,network-http.core.http-status.200-201-202-204.q2,DESCRIPTIVE,PUBLISHED,MEDIUM,network-http.core.http-status.200-201-202-204,200·201·202·204를 구분하는 기준을 설명하라.,STRUCTURED_CRITERIA_USEFUL,generic successful request result | new resource created | accepted but pending completion | successful no-content response,NOT_APPLICABLE,NO_CONTENT_CHANGE,176,116,0.786
network-http,network-http.core.http-status.200-201-202-204.q3,SCENARIO,PUBLISHED,MEDIUM,network-http.core.http-status.200-201-202-204,비동기 import API가 202만 반환하고 상태 확인 방법을 주지 않아 client가 완료를 알 수 없는 문제를 개선하라.,MODEL_ANSWER_SUFFICIENT,하나의 중심 판단으로 수렴해 모델답변·설명으로 직접 대조 가능: “202는 accepted일 뿐 완료나 최종 성공이 아니다. 응답에서 현재 처리 상태를 설명하고 application-level operation/status resource 같은 monitor 방법을 제공해 client가 별도로 완료 결과를 확인하게 한다.”,YES_CONTEXT_USED,explanationMarkdown,143,130,0.327
network-http,network-http.core.http-status.redirect-status.q2,DESCRIPTIVE,PUBLISHED,MEDIUM,network-http.core.http-status.redirect-status,301/302와 307/308을 method 보존 관점에서 비교하라.,STRUCTURED_CRITERIA_USEFUL,301/302 historical method rewriting behavior | 307/308 method/body preservation | 303 retrieval transition and command replay contract,NOT_APPLICABLE,NO_CONTENT_CHANGE,219,162,0.847
network-http,network-http.core.http-status.redirect-status.q3,SCENARIO,PUBLISHED,MEDIUM,network-http.core.http-status.redirect-status,POST 결제가 302로 redirect된 뒤 일부 user agent에서 GET으로 바뀌어 effect 확인이 혼란스러운 이유를 설명하라.,STRUCTURED_CRITERIA_USEFUL,302 POST-to-GET ambiguity and payment replay | intended 303 vs 307/308 status semantics | independent payment-operation status result,YES_CONTEXT_USED,NO_CONTENT_CHANGE,185,101,0.707
network-http,network-http.core.http-status.400-401-403-404.q2,DESCRIPTIVE,PUBLISHED,MEDIUM,network-http.core.http-status.400-401-403-404,400과 404를 구분해 반환해야 하는 이유를 설명하라.,STRUCTURED_CRITERIA_USEFUL,400 malformed/unprocessable request boundary | 404 missing/hidden target boundary | distinct client correction and resource-disclosure effects,NOT_APPLICABLE,explanationMarkdown,188,171,0.339
network-http,network-http.core.http-status.400-401-403-404.q3,SCENARIO,PUBLISHED,MEDIUM,network-http.core.http-status.400-401-403-404,권한이 없는 resource에 404를 반환하는 정책이 client debugging과 security 사이에서 고려할 점을 설명하라.,MODEL_ANSWER_SUFFICIENT,하나의 중심 판단으로 수렴해 모델답변·설명으로 직접 대조 가능: “resource 존재 여부를 숨겨 enumeration을 어렵게 할 수 있지만 client가 실제 not-found와 permission refusal을 외부 status만으로 구분하기 어려워진다. threat model에 따라 외부 status를 정하고 내부 audit에는 실제 reason을 별도로 남긴다.”,YES_CONTEXT_USED,NO_CONTENT_CHANGE,173,62,0.524
network-http,network-http.core.http-status.409-412.q2,DESCRIPTIVE,PUBLISHED,MEDIUM,network-http.core.http-status.409-412,409와 412 Precondition Failed를 state/version 관점에서 비교하라.,STRUCTURED_CRITERIA_USEFUL,409 current resource-state conflict | 412 explicit request precondition false | state refresh/merge response difference,NOT_APPLICABLE,NO_CONTENT_CHANGE,222,143,0.791
network-http,network-http.core.http-status.409-412.q3,SCENARIO,PUBLISHED,MEDIUM,network-http.core.http-status.409-412,동시 수정 API가 ETag 없이 마지막 write를 조용히 덮어쓰는 문제를 412로 개선하라.,MODEL_ANSWER_SUFFICIENT,하나의 중심 판단으로 수렴해 모델답변·설명으로 직접 대조 가능: “client가 읽은 representation의 ETag를 If-Match로 보내고 server가 현재 validator와 비교하게 한다. 조건이 false면 requested method를 적용하지 않고 412를 반환해 stale write를 조용히 덮어쓰지 않게 한다.”,YES_CONTEXT_USED,NO_CONTENT_CHANGE,152,74,0.649
network-http,network-http.core.http-status.415-422.q2,DESCRIPTIVE,PUBLISHED,MEDIUM,network-http.core.http-status.415-422,415와 422를 구분하라.,STRUCTURED_CRITERIA_USEFUL,415 unsupported representation format/encoding | 422 understood syntax but unprocessable instruction,NOT_APPLICABLE,NO_CONTENT_CHANGE,235,114,0.648
network-http,network-http.core.http-status.415-422.q3,SCENARIO,PUBLISHED,MEDIUM,network-http.core.http-status.415-422,유효한 JSON이고 media type도 지원되지만 domain rule을 위반한 import에 415를 반환하는 API의 문제를 설명하라.,STRUCTURED_CRITERIA_USEFUL,supported JSON media/syntax vs domain semantic violation | matching 415 content-type vs 422 processing error contract,YES_CONTEXT_USED,NO_CONTENT_CHANGE,165,94,0.732
network-http,network-http.core.http-status.429.q2,DESCRIPTIVE,PUBLISHED,MEDIUM,network-http.core.http-status.429,429 응답의 Retry-After가 client retry에 주는 정보와 한계를 설명하라.,MODEL_ANSWER_SUFFICIENT,"하나의 중심 판단으로 수렴해 모델답변·설명으로 직접 대조 가능: “Retry-After가 포함되면 client가 다시 시도하기 전 기다릴 seconds delay 또는 HTTP-date를 제시한다. RFC 6585에서 이 header는 optional이므로 없다고 즉시 retry해도 된다는 뜻은 아니며, client는 idempotency·deadline·bounded backoff와 jitter를…”",NOT_APPLICABLE,NO_CONTENT_CHANGE,199,73,0.532
network-http,network-http.core.http-status.429.q3,SCENARIO,PUBLISHED,HARD,network-http.core.http-status.429,모든 client가 429 직후 즉시 retry해 rate limiter가 더 악화되는 문제를 해결하라.,MODEL_ANSWER_SUFFICIENT,하나의 중심 판단으로 수렴해 모델답변·설명으로 직접 대조 가능: “client가 Retry-After와 backoff/jitter 없이 동시에 재시도해 같은 rate limit을 다시 두드리는 retry storm이다. server의 limiter scope를 명시하고 client는 bounded retry·jitter를 적용하며 service-wide overload라면 503 같은 별도 신호와…”,YES_CONTEXT_USED,NO_CONTENT_CHANGE,192,106,0.718
network-http,network-http.core.http-status.500-502-503-504.q2,DESCRIPTIVE,PUBLISHED,MEDIUM,network-http.core.http-status.500-502-503-504,500·502·503·504를 원인 관점에서 구분하라.,STRUCTURED_CRITERIA_USEFUL,500 origin internal condition | 502 invalid upstream response | 503 temporary unavailable/overload | 504 upstream timeout,NOT_APPLICABLE,explanationMarkdown,243,191,0.293
network-http,network-http.core.http-status.500-502-503-504.q3,SCENARIO,PUBLISHED,MEDIUM,network-http.core.http-status.500-502-503-504,proxy timeout을 모두 500으로 변환한 뒤 on-call이 origin bug로만 조사하는 문제를 개선하라.,STRUCTURED_CRITERIA_USEFUL,origin exception vs intermediary failure attribution | 502 invalid upstream vs 504 timeout status | trace timing and safe external detail,YES_CONTEXT_USED,NO_CONTENT_CHANGE,178,130,0.844
network-http,network-http.core.http-versions.http10-connection.q2,DESCRIPTIVE,PUBLISHED,MEDIUM,network-http.core.http-versions.http10-connection,HTTP/1.0에서 응답 framing과 connection close의 관계를 설명하라.,MODEL_ANSWER_SUFFICIENT,"하나의 중심 판단으로 수렴해 모델답변·설명으로 직접 대조 가능: “명시적인 Content-Length나 다른 framing이 없고 응답 content가 허용되는 경우 connection close가 content 끝을 알리는 경계가 될 수 있다. 따라서 close-delimited 응답과 status/method상 body가 없는 응답을 구분해야 하며, 다음 요청을 같은 connection에 보낼 수…”",NOT_APPLICABLE,NO_CONTENT_CHANGE,195,100,0.686
network-http,network-http.core.http-versions.http10-connection.q3,SCENARIO,PUBLISHED,MEDIUM,network-http.core.http-versions.http10-connection,HTTP/1.0 client가 매 asset마다 연결을 새로 만들어 page load가 느린 이유를 설명하라.,MODEL_ANSWER_SUFFICIENT,하나의 중심 판단으로 수렴해 모델답변·설명으로 직접 대조 가능: “각 asset마다 TCP handshake와 slow start가 반복된다. persistent connection·HTTP/1.1 또는 multiplexed HTTP/2/3로 개선하되 server limit을 고려한다.”,YES_CONTEXT_USED,NO_CONTENT_CHANGE,123,80,0.790
network-http,network-http.core.http-versions.http11-persistent.q2,DESCRIPTIVE,PUBLISHED,MEDIUM,network-http.core.http-versions.http11-persistent,persistent connection에서 명확한 message framing이 필요한 이유를 설명하라.,MODEL_ANSWER_SUFFICIENT,하나의 중심 판단으로 수렴해 모델답변·설명으로 직접 대조 가능: “하나의 TCP connection을 재사용하므로 이전 응답 content의 끝과 다음 요청의 시작을 receiver가 구분해야 한다. Content-Length·transfer framing·connection close 규칙을 잘못 해석하면 다음 message가 오염되거나 요청 smuggling이 생길 수 있다.”,NOT_APPLICABLE,NO_CONTENT_CHANGE,176,119,0.365
network-http,network-http.core.http-versions.http11-persistent.q3,SCENARIO,PUBLISHED,MEDIUM,network-http.core.http-versions.http11-persistent,HTTP/1.1 persistent connection을 origin이 idle 상태로 무제한 유지하는 문제를 분석하라.,MODEL_ANSWER_SUFFICIENT,하나의 중심 판단으로 수렴해 모델답변·설명으로 직접 대조 가능: “socket·file descriptor·memory가 고갈되고 proxy timeout과 불일치가 생길 수 있다. idle timeout·connection lifetime·pool limit을 workload에 맞게 설정하되 HTTP/1.1 persistence 자체가 특정 timeout을 보장하지 않는다는 점을 고려한다.”,YES_CONTEXT_USED,NO_CONTENT_CHANGE,183,118,0.787
network-http,network-http.core.http-versions.keep-alive.q2,DESCRIPTIVE,PUBLISHED,MEDIUM,network-http.core.http-versions.keep-alive,connection pool에서 persistent connection lifetime을 제한하는 이유를 설명하라.,MODEL_ANSWER_SUFFICIENT,"하나의 중심 판단으로 수렴해 모델답변·설명으로 직접 대조 가능: “stale·idle connection이 server나 load balancer에서 먼저 닫히는 문제와 socket·NAT resource 점유를 줄이고 endpoint 변경을 새 connection에 반영하기 위해서다. protocol version별 close/GOAWAY state를 따르고, pool에서 재사용한…”",NOT_APPLICABLE,NO_CONTENT_CHANGE,246,123,0.669
network-http,network-http.core.http-versions.keep-alive.q3,SCENARIO,PUBLISHED,MEDIUM,network-http.core.http-versions.keep-alive,client pool의 idle lifetime이 load balancer idle timeout보다 길어 HTTP/1.1 connection 재사용 때 RST가 발생하는 문제를 해결하라.,MODEL_ANSWER_SUFFICIENT,"하나의 중심 판단으로 수렴해 모델답변·설명으로 직접 대조 가능: “client가 load balancer가 이미 닫은 transport connection을 stale하게 재사용한 것이다. client idle eviction을 upstream timeout보다 보수적으로 설정하고, 실패한 요청의 method/idempotency와 실제 처리 가능성을 확인한 뒤 제한적으로 retry한다.”",YES_CONTEXT_USED,NO_CONTENT_CHANGE,181,112,0.762
network-http,network-http.core.http-versions.http11-pipelining.q2,DESCRIPTIVE,PUBLISHED,MEDIUM,network-http.core.http-versions.http11-pipelining,pipelining이 응답 order 제약을 가지는 이유를 설명하라.,MODEL_ANSWER_SUFFICIENT,하나의 중심 판단으로 수렴해 모델답변·설명으로 직접 대조 가능: “HTTP/1.1은 같은 connection의 요청에 별도 요청 identifier를 두지 않고 응답 arrival order를 요청 order와 대응시키므로 server는 pipelined 요청의 응답을 같은 순서로 보내야 한다. 그래서 앞 요청이 느리면 뒤 요청의 응답도 기다릴 수 있다.”,NOT_APPLICABLE,explanationMarkdown,162,143,0.220
network-http,network-http.core.http-versions.http11-pipelining.q3,SCENARIO,PUBLISHED,MEDIUM,network-http.core.http-versions.http11-pipelining,첫 pipelined 요청이 느려 뒤의 작은 응답도 기다리는 문제와 retry 주의점을 설명하라.,STRUCTURED_CRITERIA_USEFUL,request-order response HOL in HTTP/1.1 | independent connection/stream alternative | retry after partial processing constrained by method/idempotency,YES_CONTEXT_USED,explanationMarkdown,199,161,0.269
network-http,network-http.core.http-versions.http2-stream.q2,DESCRIPTIVE,PUBLISHED,MEDIUM,network-http.core.http-versions.http2-stream,HTTP/2 frame과 stream의 관계를 설명하라.,MODEL_ANSWER_SUFFICIENT,"하나의 중심 판단으로 수렴해 모델답변·설명으로 직접 대조 가능: “frame은 type과 stream identifier를 가진 wire unit이고, 하나의 stream에 속한 HEADERS·DATA 등의 frame이 logical HTTP 요청/응답 exchange를 구성한다. stream state와 connection state는 분리되며 RST_STREAM은 특정 stream, GOAWAY는…”",NOT_APPLICABLE,NO_CONTENT_CHANGE,225,120,0.697
network-http,network-http.core.http-versions.http2-stream.q3,SCENARIO,PUBLISHED,MEDIUM,network-http.core.http-versions.http2-stream,HTTP/2 endpoint가 한 connection에서 이미 사용한 stream ID를 새 stream에 다시 사용하려 한다. protocol상 왜 잘못이며 peer는 어떤 범위의 오류로 처리하는가?,MODEL_ANSWER_SUFFICIENT,하나의 중심 판단으로 수렴해 모델답변·설명으로 직접 대조 가능: “HTTP/2 stream identifier는 한 connection 안에서 재사용할 수 없고 새 stream ID는 해당 endpoint가 이전에 연 stream보다 커야 한다. peer가 unexpected/illegal new stream identifier를 받으면 connection-level PROTOCOL_ERROR로…”,YES_CONTEXT_USED,NO_CONTENT_CHANGE,241,140,0.745
network-http,network-http.core.http-versions.http2-multiplexing.q2,DESCRIPTIVE,PUBLISHED,MEDIUM,network-http.core.http-versions.http2-multiplexing,HTTP/2가 HTTP/1.1 pipelining의 응답-order HOL을 줄이는 이유를 설명하라.,MODEL_ANSWER_SUFFICIENT,하나의 중심 판단으로 수렴해 모델답변·설명으로 직접 대조 가능: “각 요청/응답이 독립 stream에 매핑되고 여러 stream의 frame을 interleave할 수 있어 한 stream의 application 응답 완료 순서가 다른 stream의 응답 전송 순서를 강제하지 않는다. 다만 모든 stream이 같은 TCP ordered byte stream을 공유하므로 transport loss에…”,NOT_APPLICABLE,NO_CONTENT_CHANGE,199,122,0.758
network-http,network-http.core.http-versions.http2-multiplexing.q3,SCENARIO,PUBLISHED,HARD,network-http.core.http-versions.http2-multiplexing,"HTTP/2 connection에서 stream A의 application handler가 느릴 때 stream B 응답은 계속 전송되지만, TCP packet loss가 발생한 순간에는 A와 B 모두 지연된다. 두 현상이 함께 나타나는 이유를 HTTP/2 multiplexing과 transport 관점에서 설명하라.",STRUCTURED_CRITERIA_USEFUL,application stream independence under multiplexing | shared TCP byte-order loss HOL across streams | separate protocol-layer causes,YES_CONTEXT_USED,NO_CONTENT_CHANGE,358,113,0.331
network-http,network-http.core.http-versions.header-compression.q2,DESCRIPTIVE,PUBLISHED,MEDIUM,network-http.core.http-versions.header-compression,dynamic header compression state가 양 끝에서 동기화되어야 하는 이유와 HPACK/QPACK의 차이를 설명하라.,STRUCTURED_CRITERIA_USEFUL,shared dynamic table references require synchronized state | HPACK ordered-transport model | QPACK encoder/decoder streams and blocking control,NOT_APPLICABLE,NO_CONTENT_CHANGE,244,100,0.589
network-http,network-http.core.http-versions.header-compression.q3,SCENARIO,PUBLISHED,HARD,network-http.core.http-versions.header-compression,Authorization·Cookie 같은 민감한 header를 dynamic compression table에 무분별하게 indexing할 때 생길 수 있는 위험과 대응 경계를 설명하라.,STRUCTURED_CRITERIA_USEFUL,secret header indexing and attacker-influenced compression side channel | never-index/table policy | cache no-store does not govern compression state,YES_CONTEXT_USED,NO_CONTENT_CHANGE,318,203,0.780
network-http,network-http.core.http-versions.quic.q2,DESCRIPTIVE,PUBLISHED,MEDIUM,network-http.core.http-versions.quic,QUIC이 TCP와 다른 transport 경계를 제공하는 이유를 설명하라.,MODEL_ANSWER_SUFFICIENT,"하나의 중심 판단으로 수렴해 모델답변·설명으로 직접 대조 가능: “QUIC은 UDP datagram 위에서 connection ID, TLS와 결합된 handshake, stream별 reliable delivery·flow control·multiplexing을 정의한다. 그래서 한 stream의 missing data가 다른 stream의 delivery를 하나의 TCP ordered byte…”",NOT_APPLICABLE,NO_CONTENT_CHANGE,259,116,0.624
network-http,network-http.core.http-versions.quic.q3,SCENARIO,PUBLISHED,MEDIUM,network-http.core.http-versions.quic,방화벽이 UDP를 차단해 HTTP/3 연결이 실패하고 HTTP/2 대체 처리는 성공하는 상황을 설명하라.,MODEL_ANSWER_SUFFICIENT,하나의 중심 판단으로 수렴해 모델답변·설명으로 직접 대조 가능: “QUIC의 UDP transport path가 허용되지 않은 것이다. UDP reachability·version negotiation·HTTP/3 discovery와 대체 처리 timeout을 확인하고 TCP 기반 HTTP/2 대체 처리를 유지한다.”,YES_CONTEXT_USED,NO_CONTENT_CHANGE,140,101,0.843
network-http,network-http.core.http-versions.http3.q2,DESCRIPTIVE,PUBLISHED,MEDIUM,network-http.core.http-versions.http3,HTTP/3가 TCP-level cross-stream HOL을 줄이는 방식을 설명하라.,MODEL_ANSWER_SUFFICIENT,"하나의 중심 판단으로 수렴해 모델답변·설명으로 직접 대조 가능: “HTTP/3는 QUIC의 독립 stream을 사용해 한 요청 stream의 missing data가 다른 요청 stream의 progress를 같은 TCP ordered byte stream처럼 직접 막지 않게 한다. 다만 해당 stream 내부의 순서, connection-level congestion·flow control…”",NOT_APPLICABLE,NO_CONTENT_CHANGE,242,121,0.664
network-http,network-http.core.http-versions.http3.q3,SCENARIO,PUBLISHED,MEDIUM,network-http.core.http-versions.http3,HTTP/3로 바꿨는데 application이 한 stream 응답을 기다려 전체 UI가 멈추는 문제를 설명하라.,MODEL_ANSWER_SUFFICIENT,하나의 중심 판단으로 수렴해 모델답변·설명으로 직접 대조 가능: “transport-level cross-stream HOL을 줄여도 application dependency graph가 한 결과를 기다리면 상위 계층 HOL은 남는다. stream별 timeout·render dependency·server scheduling을 확인해 불필요한 dependency를 줄인다.”,YES_CONTEXT_USED,NO_CONTENT_CHANGE,173,78,0.636
network-http,network-http.core.http-versions.transport-head-of-line.q2,DESCRIPTIVE,PUBLISHED,MEDIUM,network-http.core.http-versions.transport-head-of-line,HTTP/2의 stream multiplexing과 TCP HOL의 관계를 설명하라.,MODEL_ANSWER_SUFFICIENT,하나의 중심 판단으로 수렴해 모델답변·설명으로 직접 대조 가능: “HTTP/2는 stream 간 응답-order HOL을 줄이지만 모든 frame bytes가 하나의 TCP ordered byte stream을 공유하므로 앞 sequence loss가 복구될 때 connection-level transport HOL은 남는다. HTTP/3/QUIC은 cross-stream transport HOL을…”,NOT_APPLICABLE,NO_CONTENT_CHANGE,231,146,0.775
network-http,network-http.core.http-versions.transport-head-of-line.q3,SCENARIO,PUBLISHED,MEDIUM,network-http.core.http-versions.transport-head-of-line,HTTP/2에서 packet loss 뒤 unrelated stream 지연 시간까지 증가하는 trace를 해석하고 대응하라.,MODEL_ANSWER_SUFFICIENT,하나의 중심 판단으로 수렴해 모델답변·설명으로 직접 대조 가능: “같은 TCP connection의 ordered byte delivery 때문에 loss 지점 뒤 bytes가 retransmission을 기다리는 transport HOL일 수 있다. loss·retransmission·RTT를 확인하고 HTTP/3/QUIC 또는 connection 분산의 이점과…”,YES_CONTEXT_USED,NO_CONTENT_CHANGE,206,102,0.664
network-http,network-http.core.ip-routing.ipv4-address.q2,DESCRIPTIVE,PUBLISHED,MEDIUM,network-http.core.ip-routing.ipv4-address,IP address와 MAC address를 routing 관점에서 구분하라.,MODEL_ANSWER_SUFFICIENT,하나의 중심 판단으로 수렴해 모델답변·설명으로 직접 대조 가능: “IP는 network 간 forwarding에서 source/destination과 route lookup을 표현하는 논리 address이고 MAC은 현재 local link에서 frame의 next-hop interface를 식별하는 주소다. router를 넘으면 IP destination은 유지될 수 있지만 MAC header는 새…”,NOT_APPLICABLE,NO_CONTENT_CHANGE,202,136,0.816
network-http,network-http.core.ip-routing.ipv4-address.q3,SCENARIO,PUBLISHED,MEDIUM,network-http.core.ip-routing.ipv4-address,server에 private IPv4 address `10.0.1.10`과 별도 interface에 직접 설정된 globally routed IPv4 address가 있다. service가 `10.0.1.10`에만 bind된 상태에서 client가 두 번째 address로 접속하면 packet은 server까지 도착하지만 connection이 성립하지 않는다. IPv4 address와 local endpoint 관점에서 원인을 설명하라.,MODEL_ANSWER_SUFFICIENT,하나의 중심 판단으로 수렴해 모델답변·설명으로 직접 대조 가능: “IPv4 address는 host 전체에 하나만 붙는 값이 아니라 interface와 local network-layer endpoint를 식별하는 데 사용될 수 있다. packet이 두 번째 interface까지 도착해도 application listener가 `10.0.1.10`에만 bind되어 있으면 그 destination…”,YES_CONTEXT_USED,promptMarkdown|modelAnswer,327,125,0.158
network-http,network-http.core.ip-routing.prefix-subnet.q2,DESCRIPTIVE,PUBLISHED,MEDIUM,network-http.core.ip-routing.prefix-subnet,/24와 /16 subnet의 host 범위 차이를 설명하라.,MODEL_ANSWER_SUFFICIENT,"하나의 중심 판단으로 수렴해 모델답변·설명으로 직접 대조 가능: “/24는 /16보다 prefix가 길어 network portion이 크고 host address 공간이 작으며 더 구체적인 address block이다. 실제 usable 수는 network/broadcast, IPv6와 cloud/VPC 예약 정책에 따라 달라질 수 있다.”",NOT_APPLICABLE,NO_CONTENT_CHANGE,154,113,0.456
network-http,network-http.core.ip-routing.prefix-subnet.q3,SCENARIO,PUBLISHED,HARD,network-http.core.ip-routing.prefix-subnet,두 서비스가 서로 다른 subnet이라고 생각했지만 실제 address range가 겹쳐 route가 모호한 문제를 해결하라.,MODEL_ANSWER_SUFFICIENT,하나의 중심 판단으로 수렴해 모델답변·설명으로 직접 대조 가능: “overlapping prefix가 routing과 security policy를 모호하게 만든다. 주소 계획을 분리하고 route·ACL의 longest match와 실제 interface를 검증한다.”,YES_CONTEXT_USED,NO_CONTENT_CHANGE,113,57,0.662
network-http,network-http.core.ip-routing.private-public-ip.q2,DESCRIPTIVE,PUBLISHED,MEDIUM,network-http.core.ip-routing.private-public-ip,private address가 Internet service에 접근할 때 NAT가 필요한 이유를 설명하라.,MODEL_ANSWER_SUFFICIENT,하나의 중심 판단으로 수렴해 모델답변·설명으로 직접 대조 가능: “private source address는 public Internet에서 일반적으로 route되지 않으므로 NAT/PAT가 public address·port mapping을 만들고 응답을 내부 flow로 되돌린다. proxy나 VPN처럼 다른 boundary를 사용하는 경우도 있어 NAT가 유일한 방법은 아니다.”,NOT_APPLICABLE,NO_CONTENT_CHANGE,177,121,0.823
network-http,network-http.core.ip-routing.private-public-ip.q3,SCENARIO,PUBLISHED,MEDIUM,network-http.core.ip-routing.private-public-ip,private backend의 IP를 Internet DNS에 등록해도 외부 client가 직접 접속하지 못하는 이유를 설명하라.,MODEL_ANSWER_SUFFICIENT,하나의 중심 판단으로 수렴해 모델답변·설명으로 직접 대조 가능: “private prefix는 public routing 대상이 아니며 방화벽·NAT 뒤에 있다. public load balancer나 reverse proxy를 경계로 두고 backend는 private route로 보호한다.”,YES_CONTEXT_USED,NO_CONTENT_CHANGE,127,73,0.743
network-http,network-http.core.ip-routing.routing-table.q2,DESCRIPTIVE,PUBLISHED,MEDIUM,network-http.core.ip-routing.routing-table,routing table에서 next hop과 egress interface의 역할을 설명하라.,MODEL_ANSWER_SUFFICIENT,"하나의 중심 판단으로 수렴해 모델답변·설명으로 직접 대조 가능: “next hop은 현재 link에서 packet을 다음으로 전달할 router/interface address이고 egress interface는 그 next hop으로 frame을 내보낼 local link를 정한다. 선택 뒤에도 ARP/NDP, interface state, firewall과 return path가 필요하다.”",NOT_APPLICABLE,NO_CONTENT_CHANGE,184,122,0.806
network-http,network-http.core.ip-routing.routing-table.q3,SCENARIO,PUBLISHED,HARD,network-http.core.ip-routing.routing-table,route가 존재하지만 packet이 잘못된 interface로 나가는 장애를 진단하는 순서를 설명하라.,MODEL_ANSWER_SUFFICIENT,"하나의 중심 판단으로 수렴해 모델답변·설명으로 직접 대조 가능: “destination·prefix match와 metric을 확인한 뒤 selected next hop, interface state, ARP/NDP를 확인한다. route table만 보고 link delivery를 단정하지 않는다.”",YES_CONTEXT_USED,NO_CONTENT_CHANGE,131,40,0.471
network-http,network-http.core.ip-routing.longest-prefix-match.q2,DESCRIPTIVE,PUBLISHED,MEDIUM,network-http.core.ip-routing.longest-prefix-match,구체 route와 default route가 동시에 있을 때 선택을 설명하라.,MODEL_ANSWER_SUFFICIENT,"하나의 중심 판단으로 수렴해 모델답변·설명으로 직접 대조 가능: “destination이 둘 다 match하면 prefix 길이가 긴 구체 route를 우선하고, 구체 route가 match하지 않을 때 default route를 사용한다. 같은 specificity 후보 사이에는 metric·policy 같은 추가 규칙이 적용될 수 있다.”",NOT_APPLICABLE,NO_CONTENT_CHANGE,154,97,0.780
network-http,network-http.core.ip-routing.longest-prefix-match.q3,SCENARIO,PUBLISHED,MEDIUM,network-http.core.ip-routing.longest-prefix-match,새 /32 host route가 추가된 뒤 한 endpoint만 다른 gateway로 가는 이유를 분석하라.,MODEL_ANSWER_SUFFICIENT,하나의 중심 판단으로 수렴해 모델답변·설명으로 직접 대조 가능: “/32가 넓은 prefix보다 더 구체적이라 해당 destination만 override한다. route precedence·policy route와 return path까지 대칭인지 확인한다.”,YES_CONTEXT_USED,NO_CONTENT_CHANGE,108,55,0.686
network-http,network-http.core.ip-routing.router-forwarding.q2,DESCRIPTIVE,PUBLISHED,MEDIUM,network-http.core.ip-routing.router-forwarding,router forwarding 과정에서 IP destination이 유지되는 이유를 설명하라.,MODEL_ANSWER_SUFFICIENT,"하나의 중심 판단으로 수렴해 모델답변·설명으로 직접 대조 가능: “각 router는 현재 link frame을 소비하고 다음 link의 frame을 새로 만들지만, 일반적인 forwarding에서는 IP destination을 보고 다음 route를 선택해야 하므로 end host destination을 유지한다. NAT·tunnel 같은 경계에서는 header semantics가 달라질 수 있다.”",NOT_APPLICABLE,explanationMarkdown,187,177,0.384
network-http,network-http.core.ip-routing.router-forwarding.q3,SCENARIO,PUBLISHED,HARD,network-http.core.ip-routing.router-forwarding,중간 router에서 packet이 drop되는데 source와 destination ping은 가끔 성공하는 상황을 분석하라.,MODEL_ANSWER_SUFFICIENT,하나의 중심 판단으로 수렴해 모델답변·설명으로 직접 대조 가능: “congestion·ACL·MTU·ECMP path 중 일부 경로 문제가 있을 수 있다. hop별 counters·traceroute·packet size와 return path를 비교한다.”,YES_CONTEXT_USED,NO_CONTENT_CHANGE,106,56,0.722
network-http,network-http.core.ip-routing.ttl-hop-limit.q2,DESCRIPTIVE,PUBLISHED,MEDIUM,network-http.core.ip-routing.ttl-hop-limit,router를 지날 때 TTL이 어떻게 바뀌는지 설명하라.,MODEL_ANSWER_SUFFICIENT,하나의 중심 판단으로 수렴해 모델답변·설명으로 직접 대조 가능: “각 forwarding hop에서 TTL/Hop Limit이 감소하고 소진되면 router가 packet을 폐기한다. 가능하면 ICMP Time Exceeded를 source에 보내지만 firewall·rate limit·policy 때문에 응답이 없을 수도 있다.”,NOT_APPLICABLE,NO_CONTENT_CHANGE,148,113,0.392
network-http,network-http.core.ip-routing.ttl-hop-limit.q3,SCENARIO,PUBLISHED,MEDIUM,network-http.core.ip-routing.ttl-hop-limit,route loop이 있는 network에서 TTL exceeded가 관찰되는 의미를 설명하라.,MODEL_ANSWER_SUFFICIENT,하나의 중심 판단으로 수렴해 모델답변·설명으로 직접 대조 가능: “packet이 목적지에 못 가고 hop을 반복해 TTL이 소진된 것이다. route advertisement·다음 hop·비대칭 policy를 점검해 loop를 제거한다.”,YES_CONTEXT_USED,NO_CONTENT_CHANGE,95,54,0.744
network-http,network-http.core.ip-routing.icmp.q2,DESCRIPTIVE,PUBLISHED,MEDIUM,network-http.core.ip-routing.icmp,ICMP가 TCP reliability를 대신하지 않는 이유를 설명하라.,MODEL_ANSWER_SUFFICIENT,"하나의 중심 판단으로 수렴해 모델답변·설명으로 직접 대조 가능: “ICMP는 IP layer의 error/control signal을 전달할 뿐 ordered reliable byte stream, sequence/ACK, retransmission과 connection state를 제공하지 않는다. 따라서 ICMP error가 있어도 TCP/application의 전달·처리 결과와 동일하게 볼 수…”",NOT_APPLICABLE,NO_CONTENT_CHANGE,191,131,0.827
network-http,network-http.core.ip-routing.icmp.q3,SCENARIO,PUBLISHED,MEDIUM,network-http.core.ip-routing.icmp,방화벽이 모든 ICMP를 차단해 PMTUD와 진단이 깨지는 문제를 설명하라.,MODEL_ANSWER_SUFFICIENT,하나의 중심 판단으로 수렴해 모델답변·설명으로 직접 대조 가능: “fragmentation needed와 unreachable signal이 전달되지 않아 큰 packet이 black hole이 될 수 있다. 필요한 ICMP type을 허용하고 rate limit·monitoring을 둔다.”,YES_CONTEXT_USED,NO_CONTENT_CHANGE,126,46,0.535
network-http,network-http.core.ip-routing.ipv6-basics.q2,DESCRIPTIVE,PUBLISHED,MEDIUM,network-http.core.ip-routing.ipv6-basics,IPv6의 address·neighbor discovery가 IPv4와 다른 점을 설명하라.,MODEL_ANSWER_SUFFICIENT,"하나의 중심 판단으로 수렴해 모델답변·설명으로 직접 대조 가능: “IPv6는 128-bit address와 여러 scope의 address를 사용할 수 있고, IPv4 ARP broadcast 대신 ICMPv6 NDP와 multicast로 neighbor/router discovery를 수행한다. source selection, route, firewall과 listener의 IPv6 상태도 별도로…”",NOT_APPLICABLE,NO_CONTENT_CHANGE,196,129,0.799
network-http,network-http.core.ip-routing.ipv6-basics.q3,SCENARIO,PUBLISHED,MEDIUM,network-http.core.ip-routing.ipv6-basics,IPv4만 허용한 backend ACL 때문에 IPv6 client만 실패하는 서비스의 진단 순서를 설명하라.,MODEL_ANSWER_SUFFICIENT,하나의 중심 판단으로 수렴해 모델답변·설명으로 직접 대조 가능: “DNS가 AAAA를 제공해 client가 IPv6 경로를 먼저 선택할 수 있다. listener·ACL·route·TLS의 v6 설정을 확인하고 dual-stack 정책을 일치시킨다.”,YES_CONTEXT_USED,NO_CONTENT_CHANGE,102,57,0.730
network-http,network-http.core.layering.why-layering.q2,DESCRIPTIVE,PUBLISHED,MEDIUM,network-http.core.layering.why-layering,layering이 protocol 구현의 변경 영향을 줄이는 이유를 설명하라.,MODEL_ANSWER_SUFFICIENT,하나의 중심 판단으로 수렴해 모델답변·설명으로 직접 대조 가능: “계층 사이의 interface와 contract를 유지하면 한 계층의 구현을 바꾸어도 위·아래 계층이 그 contract를 통해 계속 동작할 수 있다. 단 하위 transport 성공이 HTTP parsing이나 business commit까지 보장하는 것은 아니다.”,NOT_APPLICABLE,NO_CONTENT_CHANGE,149,94,0.245
network-http,network-http.core.layering.why-layering.q3,SCENARIO,PUBLISHED,MEDIUM,network-http.core.layering.why-layering,사내 client가 Ethernet 환경에서는 정상 동작했지만 Wi-Fi와 VPN으로 옮기자 실패했다. 조사해 보니 application code가 HTTP 요청뿐 아니라 Ethernet frame 구조와 특정 NIC 정보를 직접 다루고 있었다. layering 관점에서 설계 문제가 무엇이며 어떻게 분리해야 하는가?,MODEL_ANSWER_SUFFICIENT,하나의 중심 판단으로 수렴해 모델답변·설명으로 직접 대조 가능: “application이 link-layer 구현 세부에 직접 의존해 계층 사이 contract를 깨뜨렸기 때문에 link 기술 변경이 application 수정으로 전파된 것이다. application은 HTTP와 business semantics에 집중하고 transport·IP·link 처리는 socket/network stack…”,YES_CONTEXT_USED,NO_CONTENT_CHANGE,295,80,0.173
network-http,network-http.core.layering.link-network-transport-application.q2,DESCRIPTIVE,PUBLISHED,MEDIUM,network-http.core.layering.link-network-transport-application,transport layer와 application layer의 책임 차이를 설명하라.,MODEL_ANSWER_SUFFICIENT,"하나의 중심 판단으로 수렴해 모델답변·설명으로 직접 대조 가능: “transport는 process endpoint와 port, byte/datagram delivery semantics, flow 같은 전달 계약을 다루고 application은 HTTP/DNS message syntax와 의미·business protocol을 정의한다. TCP 전달 성공은 application 처리 성공과 다르다.”",NOT_APPLICABLE,explanationMarkdown,188,177,0.399
network-http,network-http.core.layering.link-network-transport-application.q3,SCENARIO,PUBLISHED,MEDIUM,network-http.core.layering.link-network-transport-application,"개발팀이 TCP 기반 HTTP client의 packet loss를 줄이겠다며 application 코드에서 TCP sequence number를 추적하고 손실 segment를 직접 재전송하려 한다. transport와 application 책임 관점에서 왜 잘못된 접근인지, application이 실제로 다뤄야 할 retry는 무엇인지 설명하라.",STRUCTURED_CRITERIA_USEFUL,transport retransmission of byte delivery | application request retry under method/idempotency/side-effect semantics,YES_CONTEXT_USED,NO_CONTENT_CHANGE,392,118,0.199
network-http,network-http.core.layering.encapsulation.q2,DESCRIPTIVE,PUBLISHED,MEDIUM,network-http.core.layering.encapsulation,HTTP message가 TCP segment와 IP packet 안에 들어가는 관계를 설명하라.,MODEL_ANSWER_SUFFICIENT,"하나의 중심 판단으로 수렴해 모델답변·설명으로 직접 대조 가능: “HTTP bytes가 transport stream/datagram payload로 운반되고, 그 transport unit이 IP packet payload가 되며 link마다 frame header가 추가된다. 하나의 HTTP message가 여러 segment/frame으로 나뉠 수 있고 각 hop의 link header는 새로…”",NOT_APPLICABLE,NO_CONTENT_CHANGE,198,119,0.766
network-http,network-http.core.layering.encapsulation.q3,SCENARIO,PUBLISHED,MEDIUM,network-http.core.layering.encapsulation,"client와 origin 사이에 reverse proxy가 추가된 뒤 packet capture를 비교했더니 client→proxy와 proxy→origin의 source/destination IP·TCP port는 달라졌지만 HTTP method, path와 request body는 대부분 유지되었다. encapsulation과 proxy의 connection 경계 관점에서 이 현상을 설명하라.",STRUCTURED_CRITERIA_USEFUL,proxy-created transport/network connection headers | preserved upper HTTP semantics | proxy transformation possibility for host/forwarded/body/encoding,YES_CONTEXT_USED,NO_CONTENT_CHANGE,326,123,0.217
network-http,network-http.core.layering.decapsulation.q2,DESCRIPTIVE,PUBLISHED,MEDIUM,network-http.core.layering.decapsulation,수신 host에서 frame·packet·segment·message가 차례로 처리되는 흐름을 설명하라.,MODEL_ANSWER_SUFFICIENT,하나의 중심 판단으로 수렴해 모델답변·설명으로 직접 대조 가능: “link가 frame을 벗겨 IP packet을 전달하고 transport가 segment를 sequence에 맞춰 stream/message로 복원한다. 최종적으로 application parser가 HTTP message를 해석한다.”,NOT_APPLICABLE,NO_CONTENT_CHANGE,132,90,0.365
network-http,network-http.core.layering.decapsulation.q3,SCENARIO,PUBLISHED,MEDIUM,network-http.core.layering.decapsulation,잘못된 destination MAC frame을 application log에서만 찾으려 할 때 어려운 이유를 설명하라.,MODEL_ANSWER_SUFFICIENT,하나의 중심 판단으로 수렴해 모델답변·설명으로 직접 대조 가능: “link 계층에서 폐기되어 상위 packet·HTTP log까지 도달하지 않을 수 있다. 계층별 capture와 counter로 어느 decapsulation 단계에서 버려졌는지 확인한다.”,YES_CONTEXT_USED,NO_CONTENT_CHANGE,105,55,0.712
network-http,network-http.core.layering.frame-packet-segment-message.q2,DESCRIPTIVE,PUBLISHED,MEDIUM,network-http.core.layering.frame-packet-segment-message,TCP의 segment와 IP의 packet을 구분하라.,MODEL_ANSWER_SUFFICIENT,"하나의 중심 판단으로 수렴해 모델답변·설명으로 직접 대조 가능: “TCP segment는 TCP header와 stream 일부 byte를 가진 transport unit이고, IP packet은 IP header와 그 transport unit을 payload로 가진 network-layer unit이다. 실제 link frame은 다시 packet을 감쌀 수 있다.”",NOT_APPLICABLE,explanationMarkdown,170,176,0.297
network-http,network-http.core.layering.frame-packet-segment-message.q3,SCENARIO,PUBLISHED,MEDIUM,network-http.core.layering.frame-packet-segment-message,packet capture에서 HTTP message 하나가 여러 TCP segment로 나뉘는 이유를 설명하라.,MODEL_ANSWER_SUFFICIENT,하나의 중심 판단으로 수렴해 모델답변·설명으로 직접 대조 가능: “TCP는 stream을 segment 크기와 congestion window에 맞춰 나누며 message boundary를 보존하지 않는다. receiver가 sequence로 stream을 재조립한 뒤 HTTP framing을 해석한다.”,YES_CONTEXT_USED,NO_CONTENT_CHANGE,133,54,0.582
network-http,network-http.core.layering.mtu.q2,DESCRIPTIVE,PUBLISHED,MEDIUM,network-http.core.layering.mtu,MTU보다 큰 IP packet이 생길 때 가능한 처리를 설명하라.,MODEL_ANSWER_SUFFICIENT,"하나의 중심 판단으로 수렴해 모델답변·설명으로 직접 대조 가능: “IPv4에서는 조건에 따라 fragmentation될 수 있고, DF 설정이나 IPv6 경로에서는 router가 drop하며 ICMP feedback으로 송신자가 더 작은 packet을 선택하게 할 수 있다. PMTUD가 깨지면 큰 packet만 black hole이 될 수 있다.”",NOT_APPLICABLE,explanationMarkdown,157,150,0.438
network-http,network-http.core.layering.mtu.q3,SCENARIO,PUBLISHED,MEDIUM,network-http.core.layering.mtu,특정 VPN 경로에서 큰 응답만 timeout되는 경우 MTU를 의심하는 근거와 검증을 설명하라.,MODEL_ANSWER_SUFFICIENT,하나의 중심 판단으로 수렴해 모델답변·설명으로 직접 대조 가능: “터널 overhead로 실제 path MTU가 줄어 큰 packet이 drop되거나 fragmentation 문제가 생길 수 있다. DF probe·PMTUD 상태·packet loss를 확인하고 MSS/MTU를 조정한다.”,YES_CONTEXT_USED,NO_CONTENT_CHANGE,124,50,0.576
network-http,network-http.core.local-delivery.mac-address.q2,DESCRIPTIVE,PUBLISHED,MEDIUM,network-http.core.local-delivery.mac-address,IP address와 MAC address의 역할을 비교하라.,MODEL_ANSWER_SUFFICIENT,하나의 중심 판단으로 수렴해 모델답변·설명으로 직접 대조 가능: “IP는 network 간 forwarding에서 destination과 route를 표현하는 논리 address이고 MAC은 현재 local link에서 frame의 next-hop interface를 식별하는 link address다. router를 넘으면 IP destination은 유지될 수 있지만 MAC header는 다음…”,NOT_APPLICABLE,NO_CONTENT_CHANGE,199,132,0.809
network-http,network-http.core.local-delivery.mac-address.q3,SCENARIO,PUBLISHED,MEDIUM,network-http.core.local-delivery.mac-address,default gateway 장애 조치 후 remote API의 destination IP는 그대로인데 같은 LAN에서 host가 보내는 frame의 destination MAC이 새 gateway의 MAC으로 바뀌었다. IP destination과 MAC destination이 서로 다르게 유지·변경되는 이유를 설명하라.,MODEL_ANSWER_SUFFICIENT,하나의 중심 판단으로 수렴해 모델답변·설명으로 직접 대조 가능: “remote API의 IP address는 end-to-end network destination이므로 gateway가 바뀌어도 그대로 유지될 수 있다. 반면 Ethernet frame의 destination MAC은 현재 local link에서 packet을 넘길 next hop interface를 가리킨다. gateway…”,YES_CONTEXT_USED,NO_CONTENT_CHANGE,322,129,0.344
network-http,network-http.core.local-delivery.switch-forwarding.q2,DESCRIPTIVE,PUBLISHED,MEDIUM,network-http.core.local-delivery.switch-forwarding,switch가 MAC address table을 학습하는 방법을 설명하라.,MODEL_ANSWER_SUFFICIENT,"하나의 중심 판단으로 수렴해 모델답변·설명으로 직접 대조 가능: “ingress port로 들어온 frame의 source MAC과 해당 port의 관계를 table에 기록한다. 이후 destination MAC을 table에서 찾아 known unicast는 특정 port로 보내고, unknown/broadcast는 정책에 따라 flood할 수 있다. entry는 aging이나 topology…”",NOT_APPLICABLE,explanationMarkdown,198,173,0.362
network-http,network-http.core.local-delivery.switch-forwarding.q3,SCENARIO,PUBLISHED,MEDIUM,network-http.core.local-delivery.switch-forwarding,"switch의 MAC table에서 destination entry가 aging으로 사라진 직후 첫 unicast frame이 여러 port로 flood되었지만, 응답 traffic이 오간 뒤에는 같은 destination으로 정상 unicast forwarding이 이루어졌다. 이것이 loop와 다른 정상적인 unknown-unicast 동작인 이유와 switch가 table을 다시 학습하는 방식을 설명하라.",MODEL_ANSWER_SUFFICIENT,하나의 중심 판단으로 수렴해 모델답변·설명으로 직접 대조 가능: “switch가 destination MAC의 egress port를 모르면 unknown unicast를 수신 port를 제외한 같은 broadcast domain의 여러 port로 flood할 수 있다. 이 자체는 forwarding loop를 뜻하지 않는다. switch는 들어오는 frame의 source MAC과 ingress…”,YES_CONTEXT_USED,NO_CONTENT_CHANGE,343,126,0.392
network-http,network-http.core.local-delivery.broadcast-domain.q2,DESCRIPTIVE,PUBLISHED,MEDIUM,network-http.core.local-delivery.broadcast-domain,router가 일반적으로 broadcast domain을 나누는 이유를 설명하라.,MODEL_ANSWER_SUFFICIENT,하나의 중심 판단으로 수렴해 모델답변·설명으로 직접 대조 가능: “router는 L2 broadcast를 다른 IP network로 그대로 flood하지 않아 broadcast fan-out과 각 host의 처리 비용을 제한한다. VLAN/bridge와 IP subnet은 관련 있지만 항상 동일한 경계는 아니므로 실제 protocol relay 정책도 확인해야 한다.”,NOT_APPLICABLE,NO_CONTENT_CHANGE,169,91,0.570
network-http,network-http.core.local-delivery.broadcast-domain.q3,SCENARIO,PUBLISHED,MEDIUM,network-http.core.local-delivery.broadcast-domain,한 VLAN의 broadcast traffic이 커져 모든 host CPU가 상승하는 문제를 완화하라.,MODEL_ANSWER_SUFFICIENT,하나의 중심 판단으로 수렴해 모델답변·설명으로 직접 대조 가능: “domain이 너무 크게 구성되어 broadcast fan-out이 커졌다. VLAN·subnet을 분리하고 필요한 discovery만 unicast·scoped multicast로 제한한다.”,YES_CONTEXT_USED,NO_CONTENT_CHANGE,107,64,0.764
network-http,network-http.core.local-delivery.arp.q2,DESCRIPTIVE,PUBLISHED,MEDIUM,network-http.core.local-delivery.arp,host가 remote subnet destination에 대해 gateway MAC을 ARP하는 이유를 설명하라.,MODEL_ANSWER_SUFFICIENT,하나의 중심 판단으로 수렴해 모델답변·설명으로 직접 대조 가능: “routing table이 remote destination의 next hop으로 gateway를 선택하기 때문이다. 현재 link에서 직접 도달할 대상은 최종 server가 아니라 gateway interface이므로 frame destination은 gateway MAC이 되고 IP destination은 최종 server로 남는다.”,NOT_APPLICABLE,NO_CONTENT_CHANGE,189,65,0.521
network-http,network-http.core.local-delivery.arp.q3,SCENARIO,PUBLISHED,MEDIUM,network-http.core.local-delivery.arp,ARP cache poisoning으로 traffic이 attacker MAC으로 가는 위험을 설명하라.,MODEL_ANSWER_SUFFICIENT,하나의 중심 판단으로 수렴해 모델답변·설명으로 직접 대조 가능: “IP-MAC binding을 속여 attacker가 frame을 가로채거나 변조할 수 있다. dynamic inspection·segmentation·TLS와 ARP cache 이상을 함께 사용한다.”,YES_CONTEXT_USED,NO_CONTENT_CHANGE,111,59,0.709
network-http,network-http.core.local-delivery.ipv6-ndp.q2,DESCRIPTIVE,PUBLISHED,MEDIUM,network-http.core.local-delivery.ipv6-ndp,NDP가 link-layer address resolution 외에 제공하는 기능을 설명하라.,MODEL_ANSWER_SUFFICIENT,"하나의 중심 판단으로 수렴해 모델답변·설명으로 직접 대조 가능: “NDP는 neighbor reachability 확인과 Router Solicitation/Advertisement를 통한 router·prefix discovery, Duplicate Address Detection 같은 IPv6 local-link control을 제공한다. 필요한 ICMPv6를 차단하면 address가 있어도…”",NOT_APPLICABLE,NO_CONTENT_CHANGE,223,155,0.830
network-http,network-http.core.local-delivery.ipv6-ndp.q3,SCENARIO,PUBLISHED,MEDIUM,network-http.core.local-delivery.ipv6-ndp,IPv6 host가 잘못된 router advertisement를 받아 traffic을 엉뚱한 gateway로 보내는 문제를 방어하라.,MODEL_ANSWER_SUFFICIENT,하나의 중심 판단으로 수렴해 모델답변·설명으로 직접 대조 가능: “NDP message를 위조한 공격일 수 있다. RA guard·segment policy·source 검증과 TLS를 사용해 route 주입과 내용 도청을 줄인다.”,YES_CONTEXT_USED,NO_CONTENT_CHANGE,92,65,0.839
network-http,network-http.core.local-delivery.default-gateway.q2,DESCRIPTIVE,PUBLISHED,MEDIUM,network-http.core.local-delivery.default-gateway,host가 routing table에서 default route를 선택하는 의미를 설명하라.,MODEL_ANSWER_SUFFICIENT,"하나의 중심 판단으로 수렴해 모델답변·설명으로 직접 대조 가능: “destination과 일치하는 더 구체적인 route가 없을 때 packet을 보낼 catch-all next hop과 egress interface를 정하는 것이다. 실제 전송에는 gateway가 on-link인지, ARP/NDP와 egress/return path가 정상인지도 필요하다.”",NOT_APPLICABLE,NO_CONTENT_CHANGE,163,106,0.459
network-http,network-http.core.local-delivery.default-gateway.q3,SCENARIO,PUBLISHED,MEDIUM,network-http.core.local-delivery.default-gateway,local subnet mask가 잘못 설정되어 remote server를 local host로 ARP하는 현상을 설명하라.,MODEL_ANSWER_SUFFICIENT,하나의 중심 판단으로 수렴해 모델답변·설명으로 직접 대조 가능: “prefix 판단이 틀려 gateway가 필요한 destination을 같은 link에 있다고 오인한다. address·prefix·route를 검증하고 ARP 실패와 gateway forwarding을 분리해 진단한다.”,YES_CONTEXT_USED,NO_CONTENT_CHANGE,123,64,0.692
network-http,network-http.core.port-nat.transport-port.q2,DESCRIPTIVE,PUBLISHED,MEDIUM,network-http.core.port-nat.transport-port,IP address만으로 여러 server process를 구분하기 어려운 이유를 설명하라.,MODEL_ANSWER_SUFFICIENT,"하나의 중심 판단으로 수렴해 모델답변·설명으로 직접 대조 가능: “IP address는 host 또는 interface 수준의 logical location을 나타내므로 한 host에서 여러 transport endpoint를 구분하지 못한다. transport protocol과 port가 추가되어 socket traffic이 올바른 endpoint로 demultiplex되며, port 자체가…”",NOT_APPLICABLE,NO_CONTENT_CHANGE,207,99,0.648
network-http,network-http.core.port-nat.transport-port.q3,SCENARIO,PUBLISHED,MEDIUM,network-http.core.port-nat.transport-port,한 host에서 두 service가 같은 port를 bind하려 할 때 발생하는 문제와 해결을 설명하라.,MODEL_ANSWER_SUFFICIENT,하나의 중심 판단으로 수렴해 모델답변·설명으로 직접 대조 가능: “같은 address·protocol endpoint가 충돌해 bind가 실패한다. 명시적 port 분리·socket reuse 조건·service discovery를 사용한다.”,YES_CONTEXT_USED,NO_CONTENT_CHANGE,98,52,0.694
network-http,network-http.core.port-nat.socket-endpoint.q2,DESCRIPTIVE,PUBLISHED,MEDIUM,network-http.core.port-nat.socket-endpoint,client와 server socket endpoint가 다른 이유를 설명하라.,MODEL_ANSWER_SUFFICIENT,"하나의 중심 판단으로 수렴해 모델답변·설명으로 직접 대조 가능: “통신은 source local endpoint에서 destination remote endpoint로 흐르므로 양 끝의 address·port가 다를 수 있다. TCP accepted socket은 두 endpoint를 함께 가지며, server listening socket의 local endpoint와 연결된 socket의…”",NOT_APPLICABLE,NO_CONTENT_CHANGE,209,89,0.597
network-http,network-http.core.port-nat.socket-endpoint.q3,SCENARIO,PUBLISHED,MEDIUM,network-http.core.port-nat.socket-endpoint,server가 0.0.0.0에 bind했을 때 의도치 않은 network interface에도 노출되는 위험을 설명하라.,MODEL_ANSWER_SUFFICIENT,하나의 중심 판단으로 수렴해 모델답변·설명으로 직접 대조 가능: “모든 local interface의 endpoint에서 listen할 수 있어 관리용 service가 public link에도 노출된다. bind address·firewall·listener scope를 제한한다.”,YES_CONTEXT_USED,NO_CONTENT_CHANGE,120,43,0.536
network-http,network-http.core.port-nat.connection-tuple.q2,DESCRIPTIVE,PUBLISHED,MEDIUM,network-http.core.port-nat.connection-tuple,하나의 server port가 여러 client connection을 수용할 수 있는 이유를 설명하라.,MODEL_ANSWER_SUFFICIENT,하나의 중심 판단으로 수렴해 모델답변·설명으로 직접 대조 가능: “각 client connection은 보통 서로 다른 source IP나 ephemeral source port를 가지므로 server port가 같아도 local/remote 4-tuple이 달라진다. kernel은 이 tuple을 이용해 listening socket에서 각 established socket으로 traffic을…”,NOT_APPLICABLE,NO_CONTENT_CHANGE,191,113,0.738
network-http,network-http.core.port-nat.connection-tuple.q3,SCENARIO,PUBLISHED,MEDIUM,network-http.core.port-nat.connection-tuple,두 사내 client가 같은 NAT gateway를 거쳐 동일한 외부 server의 TCP/443에 연결했다. server packet capture에는 두 연결의 source public IPv4 address는 같지만 source port는 서로 다르게 보인다. server와 NAT가 두 연결을 어떻게 구분하는지 connection tuple 관점에서 설명하라.,STRUCTURED_CRITERIA_USEFUL,source/destination address and port plus protocol tuple | translated public source-port uniqueness/mapping | reverse tuple lookup to internal client,YES_CONTEXT_USED,promptMarkdown,346,126,0.343
network-http,network-http.core.port-nat.nat.q2,DESCRIPTIVE,PUBLISHED,MEDIUM,network-http.core.port-nat.nat,outbound NAT가 응답을 내부 client로 되돌릴 수 있는 이유를 설명하라.,MODEL_ANSWER_SUFFICIENT,하나의 중심 판단으로 수렴해 모델답변·설명으로 직접 대조 가능: “첫 outbound packet에서 내부 tuple과 translated public tuple의 mapping state를 저장하기 때문이다. 응답이 translated destination으로 돌아오면 NAT는 그 state를 조회해 원래 내부 address·port로 reverse translation한다. mapping이…”,NOT_APPLICABLE,explanationMarkdown,210,166,0.286
network-http,network-http.core.port-nat.nat.q3,SCENARIO,PUBLISHED,MEDIUM,network-http.core.port-nat.nat,NAT mapping timeout이 너무 짧아 idle TCP connection이 끊기는 현상을 분석하라.,MODEL_ANSWER_SUFFICIENT,하나의 중심 판단으로 수렴해 모델답변·설명으로 직접 대조 가능: “stateful mapping이 만료되어 다음 packet에 대응할 내부 endpoint가 없다. keepalive·timeout 조정·재연결과 connection pool lifetime을 맞춘다.”,YES_CONTEXT_USED,NO_CONTENT_CHANGE,111,56,0.681
network-http,network-http.core.port-nat.pat.q2,DESCRIPTIVE,PUBLISHED,MEDIUM,network-http.core.port-nat.pat,PAT port allocation이 필요한 이유를 설명하라.,MODEL_ANSWER_SUFFICIENT,하나의 중심 판단으로 수렴해 모델답변·설명으로 직접 대조 가능: “여러 내부 connection이 하나의 public IP를 공유하므로 외부에서 관찰되는 source address만으로는 flow를 구분할 수 없다. PAT는 concurrent flow마다 충돌하지 않는 translated source port와 mapping을 배정해 응답을 올바른 내부 endpoint로 되돌린다.”,NOT_APPLICABLE,NO_CONTENT_CHANGE,178,81,0.484
network-http,network-http.core.port-nat.pat.q3,SCENARIO,PUBLISHED,MEDIUM,network-http.core.port-nat.pat,짧은 ephemeral port 범위와 많은 outbound connection 때문에 PAT gateway가 고갈되는 문제를 설명하라.,MODEL_ANSWER_SUFFICIENT,하나의 중심 판단으로 수렴해 모델답변·설명으로 직접 대조 가능: “사용 가능한 public source port가 한정되어 새 mapping을 만들 수 없다. connection reuse·port range·idle timeout·gateway scale을 함께 조정한다.”,YES_CONTEXT_USED,NO_CONTENT_CHANGE,116,64,0.730
network-http,network-http.core.port-nat.nat-mapping.q2,DESCRIPTIVE,PUBLISHED,MEDIUM,network-http.core.port-nat.nat-mapping,stateful NAT가 mapping을 timeout으로 제거해야 하는 이유를 설명하라.,MODEL_ANSWER_SUFFICIENT,하나의 중심 판단으로 수렴해 모델답변·설명으로 직접 대조 가능: “종료되거나 idle인 flow의 translation state와 public port를 회수해 제한된 table·port 자원을 재사용하기 위해서다. TCP FIN/RST와 UDP inactivity처럼 protocol별 종료 신호가 다르므로 timeout 후 늦은 packet은 새 flow로 안전하게 복원되지 않는다.”,NOT_APPLICABLE,NO_CONTENT_CHANGE,180,106,0.442
network-http,network-http.core.port-nat.nat-mapping.q3,SCENARIO,PUBLISHED,HARD,network-http.core.port-nat.nat-mapping,failover NAT 장비가 기존 mapping state를 잃은 뒤 active connection이 모두 reset되는 문제를 분석하라.,MODEL_ANSWER_SUFFICIENT,하나의 중심 판단으로 수렴해 모델답변·설명으로 직접 대조 가능: “새 장비가 reply를 어느 내부 endpoint로 보낼지 몰라 stateful translation이 끊긴다. state replication·drain·재연결 정책과 failover 시간을 설계한다.”,YES_CONTEXT_USED,NO_CONTENT_CHANGE,113,50,0.622
network-http,network-http.core.port-nat.inbound-reachability.q2,DESCRIPTIVE,PUBLISHED,MEDIUM,network-http.core.port-nat.inbound-reachability,port forwarding이 inbound reachability를 만드는 방식을 설명하라.,MODEL_ANSWER_SUFFICIENT,"하나의 중심 판단으로 수렴해 모델답변·설명으로 직접 대조 가능: “public address·port로 들어온 packet을 미리 지정한 내부 address·port로 destination translation하는 static mapping을 만든다. 이 mapping만으로 충분하지 않으므로 firewall allow rule, 내부 route, listener, TLS와 application…”",NOT_APPLICABLE,NO_CONTENT_CHANGE,211,103,0.667
network-http,network-http.core.port-nat.inbound-reachability.q3,SCENARIO,PUBLISHED,MEDIUM,network-http.core.port-nat.inbound-reachability,port forwarding을 열었지만 service가 private interface에서만 listen해 접속이 실패하는 이유를 설명하라.,MODEL_ANSWER_SUFFICIENT,"하나의 중심 판단으로 수렴해 모델답변·설명으로 직접 대조 가능: “NAT translation이 있어도 내부 listener·firewall·return route가 준비되어야 한다. bind address와 policy, hairpin 접근 여부를 각각 확인한다.”",YES_CONTEXT_USED,NO_CONTENT_CHANGE,111,45,0.567
network-http,network-http.core.port-nat.nat-vs-firewall.q2,DESCRIPTIVE,PUBLISHED,MEDIUM,network-http.core.port-nat.nat-vs-firewall,NAT가 보안 장비처럼 보이지만 firewall을 대신하지 않는 이유를 설명하라.,MODEL_ANSWER_SUFFICIENT,"하나의 중심 판단으로 수렴해 모델답변·설명으로 직접 대조 가능: “NAT는 mapping 없는 inbound를 우연히 전달하지 않을 수 있지만, 이것은 address translation state의 결과이지 명시적인 source·destination·protocol·identity policy가 아니다. port forwarding이나 다른 경로가 열릴 수 있으므로 firewall…”",NOT_APPLICABLE,NO_CONTENT_CHANGE,229,134,0.744
network-http,network-http.core.port-nat.nat-vs-firewall.q3,SCENARIO,PUBLISHED,HARD,network-http.core.port-nat.nat-vs-firewall,NAT 뒤에 있으므로 내부 service는 안전하다고 판단한 시스템의 보안 문제를 분석하라.,MODEL_ANSWER_SUFFICIENT,하나의 중심 판단으로 수렴해 모델답변·설명으로 직접 대조 가능: “outbound path나 port forwarding·lateral network를 통해 접근될 수 있고 NAT는 content policy가 아니다. firewall·identity·least privilege를 별도로 적용한다.”,YES_CONTEXT_USED,NO_CONTENT_CHANGE,130,44,0.517
network-http,network-http.core.request-journey.url-components.q2,DESCRIPTIVE,PUBLISHED,MEDIUM,network-http.core.request-journey.url-components,URL의 scheme·authority·path·query가 각각 표현하는 대상을 설명하라.,STRUCTURED_CRITERIA_USEFUL,scheme protocol processing | authority host/port | path resource route | query parameters | fragment client-only and not sent,NOT_APPLICABLE,NO_CONTENT_CHANGE,170,116,0.687
network-http,network-http.core.request-journey.url-components.q3,SCENARIO,PUBLISHED,MEDIUM,network-http.core.request-journey.url-components,fragment를 server routing key로 사용하려는 API 설계가 동작하지 않는 이유를 설명하라.,MODEL_ANSWER_SUFFICIENT,하나의 중심 판단으로 수렴해 모델답변·설명으로 직접 대조 가능: “fragment는 user agent가 문서 내부 위치나 client state로 처리하고 HTTP 요청에 포함하지 않는다. server routing에는 path·query 또는 body를 사용한다.”,YES_CONTEXT_USED,NO_CONTENT_CHANGE,112,42,0.556
network-http,network-http.core.request-journey.origin.q2,DESCRIPTIVE,PUBLISHED,MEDIUM,network-http.core.request-journey.origin,https://example.com과 http://example.com이 다른 origin인 이유를 설명하라.,MODEL_ANSWER_SUFFICIENT,하나의 중심 판단으로 수렴해 모델답변·설명으로 직접 대조 가능: “origin tuple의 scheme이 `https`와 `http`로 다르기 때문이다. 같은 DNS address나 HTTP Host를 사용해도 scheme·host·port tuple이 다르면 browser의 same-origin/CORS 판단에서 별개 origin이다.”,NOT_APPLICABLE,NO_CONTENT_CHANGE,152,84,0.417
network-http,network-http.core.request-journey.origin.q3,SCENARIO,PUBLISHED,MEDIUM,network-http.core.request-journey.origin,port 8443의 HTTPS API를 기본 443과 같은 origin으로 처리한 browser policy의 위험을 설명하라.,MODEL_ANSWER_SUFFICIENT,하나의 중심 판단으로 수렴해 모델답변·설명으로 직접 대조 가능: “port도 origin 구성 요소라 권한과 CORS 판단이 달라야 한다. 명시적 origin 비교와 허용 목록을 사용해 cross-origin 요청을 제한한다.”,YES_CONTEXT_USED,NO_CONTENT_CHANGE,89,48,0.710
network-http,network-http.core.request-journey.dns-to-route.q2,DESCRIPTIVE,PUBLISHED,MEDIUM,network-http.core.request-journey.dns-to-route,DNS resolution과 IP routing의 책임 차이를 설명하라.,STRUCTURED_CRITERIA_USEFUL,DNS hostname-to-address candidate resolution | route egress/next-hop selection | listener/firewall and cache/connection independent boundaries,NOT_APPLICABLE,NO_CONTENT_CHANGE,201,115,0.742
network-http,network-http.core.request-journey.dns-to-route.q3,SCENARIO,PUBLISHED,MEDIUM,network-http.core.request-journey.dns-to-route,DNS는 성공하지만 packet이 route를 찾지 못하는 요청 실패를 진단하라.,MODEL_ANSWER_SUFFICIENT,하나의 중심 판단으로 수렴해 모델답변·설명으로 직접 대조 가능: “name resolution과 network reachability가 분리된 문제다. address family·routing table·gateway·ACL을 DNS 결과와 별도로 확인한다.”,YES_CONTEXT_USED,NO_CONTENT_CHANGE,107,59,0.705
network-http,network-http.core.request-journey.transport-establishment.q2,DESCRIPTIVE,PUBLISHED,MEDIUM,network-http.core.request-journey.transport-establishment,HTTP 요청 이전에 TCP/QUIC 연결 상태가 필요한 이유를 설명하라.,MODEL_ANSWER_SUFFICIENT,"하나의 중심 판단으로 수렴해 모델답변·설명으로 직접 대조 가능: “HTTP bytes를 운반할 transport endpoint와 protocol state가 먼저 필요하기 때문이다. TCP는 ordered stream state를, QUIC은 encrypted multiplexed transport state를 만들지만, 이것만으로 HTTP 요청 처리·authorization·응답 성공이 완료되는…”",NOT_APPLICABLE,NO_CONTENT_CHANGE,195,65,0.507
network-http,network-http.core.request-journey.transport-establishment.q3,SCENARIO,PUBLISHED,MEDIUM,network-http.core.request-journey.transport-establishment,client에서 DNS lookup은 성공해 server IP를 얻었지만 TCP `connect()`가 timeout된다. TLS handshake log와 HTTP access log는 모두 생성되지 않았다. 요청 흐름상 어느 단계에서 실패한 것이며 무엇부터 확인해야 하는가?,STRUCTURED_CRITERIA_USEFUL,DNS completed before TCP SYN/connect | failed transport handshake blocks TLS and HTTP | listener/firewall/return-route/backlog checks before upper layers,YES_CONTEXT_USED,NO_CONTENT_CHANGE,307,100,0.221
network-http,network-http.core.request-journey.tls-before-http.q2,DESCRIPTIVE,PUBLISHED,MEDIUM,network-http.core.request-journey.tls-before-http,TLS handshake가 끝나기 전 일반 HTTP body를 평문으로 보내면 안 되는 이유를 설명하라.,MODEL_ANSWER_SUFFICIENT,하나의 중심 판단으로 수렴해 모델답변·설명으로 직접 대조 가능: “보호된 application channel의 key와 상대 identity/integrity context가 아직 완성되지 않아 body가 도청·변조될 수 있기 때문이다. 다만 TLS 1.3 0-RTT early data는 예외적인 replay 위험을 가진 별도 흐름이므로 일반 1-RTT data와 구분한다.”,NOT_APPLICABLE,NO_CONTENT_CHANGE,173,95,0.729
network-http,network-http.core.request-journey.tls-before-http.q3,SCENARIO,PUBLISHED,MEDIUM,network-http.core.request-journey.tls-before-http,TLS handshake 성공 로그가 있는데 application 요청이 보이지 않는 경우의 다음 확인을 설명하라.,MODEL_ANSWER_SUFFICIENT,하나의 중심 판단으로 수렴해 모델답변·설명으로 직접 대조 가능: “secure channel 이후 HTTP write·framing·server routing 단계에서 실패할 수 있다. decrypted test trace 대신 endpoint 요청 log와 content length를 확인한다.”,YES_CONTEXT_USED,NO_CONTENT_CHANGE,129,62,0.658
network-http,network-http.core.request-journey.http-request-delivery.q2,DESCRIPTIVE,PUBLISHED,MEDIUM,network-http.core.request-journey.http-request-delivery,reverse proxy가 요청 경로에 추가하는 책임을 설명하라.,MODEL_ANSWER_SUFFICIENT,하나의 중심 판단으로 수렴해 모델답변·설명으로 직접 대조 가능: “inbound connection을 받고 route·TLS termination·header forwarding·retry·cache policy를 적용한 뒤 backend로 별도 connection/message를 만들 수 있다. 이 과정에서 authority와 observed client address가 바뀔 수 있으므로…”,NOT_APPLICABLE,NO_CONTENT_CHANGE,209,129,0.768
network-http,network-http.core.request-journey.http-request-delivery.q3,SCENARIO,PUBLISHED,HARD,network-http.core.request-journey.http-request-delivery,client에는 200인데 origin은 요청을 못 봤다고 할 때 intermediary를 조사하는 방법을 설명하라.,MODEL_ANSWER_SUFFICIENT,하나의 중심 판단으로 수렴해 모델답변·설명으로 직접 대조 가능: “cache hit·proxy synthetic 응답·잘못된 route일 수 있다. 요청 id를 client·intermediary·origin log에 전파해 어느 hop이 응답을 만들었는지 확인한다.”,YES_CONTEXT_USED,NO_CONTENT_CHANGE,112,66,0.750
network-http,network-http.core.request-journey.host-authority.q2,DESCRIPTIVE,PUBLISHED,MEDIUM,network-http.core.request-journey.host-authority,IP가 같은 여러 HTTPS domain을 host/authority로 구분해야 하는 이유를 설명하라.,MODEL_ANSWER_SUFFICIENT,하나의 중심 판단으로 수렴해 모델답변·설명으로 직접 대조 가능: “하나의 IP·port에서 여러 virtual host를 서비스할 수 있어 HTTP layer가 어느 resource/tenant를 대상으로 하는지 authority로 전달해야 하기 때문이다. TLS SNI와 certificate 선택이 관련될 수 있지만 authority가 일치한다는 사실만으로 identity나…”,NOT_APPLICABLE,NO_CONTENT_CHANGE,203,106,0.680
network-http,network-http.core.request-journey.host-authority.q3,SCENARIO,PUBLISHED,MEDIUM,network-http.core.request-journey.host-authority,proxy가 client Host를 backend internal host로 무조건 덮어써 virtual host가 잘못 선택되는 문제를 설명하라.,MODEL_ANSWER_SUFFICIENT,하나의 중심 판단으로 수렴해 모델답변·설명으로 직접 대조 가능: “origin routing에 필요한 authority를 잃어 다른 tenant나 certificate를 선택할 수 있다. original host 보존·trusted forwarding과 backend routing 계약을 명시한다.”,YES_CONTEXT_USED,NO_CONTENT_CHANGE,130,62,0.654
network-http,network-http.core.request-journey.proxy-gateway-path.q2,DESCRIPTIVE,PUBLISHED,MEDIUM,network-http.core.request-journey.proxy-gateway-path,gateway가 proxy보다 넓은 역할로 설명될 수 있는 이유를 설명하라.,MODEL_ANSWER_SUFFICIENT,"하나의 중심 판단으로 수렴해 모델답변·설명으로 직접 대조 가능: “gateway는 요청을 중계하는 것뿐 아니라 protocol translation, authentication, routing, rate limit, aggregation과 같은 경계 policy를 함께 수행할 수 있기 때문이다. 그러므로 gateway 응답과 origin 응답, 각 hop의 timeout·retry·trust…”",NOT_APPLICABLE,NO_CONTENT_CHANGE,206,128,0.770
network-http,network-http.core.request-journey.proxy-gateway-path.q3,SCENARIO,PUBLISHED,HARD,network-http.core.request-journey.proxy-gateway-path,edge gateway가 응답을 cache해 origin 장애 중에도 200을 반환하는 경우의 관측 설계를 설명하라.,MODEL_ANSWER_SUFFICIENT,하나의 중심 판단으로 수렴해 모델답변·설명으로 직접 대조 가능: “client 성공과 origin health는 다른 사실이다. cache hit·age·origin status와 요청 id를 분리해 기록하고 stale 응답 정책을 명시한다.”,YES_CONTEXT_USED,NO_CONTENT_CHANGE,98,63,0.781
network-http,network-http.core.tcp.tcp-byte-stream.q2,DESCRIPTIVE,PUBLISHED,MEDIUM,network-http.core.tcp.tcp-byte-stream,TCP read가 write 단위와 다른 크기로 반환될 수 있는 이유를 설명하라.,MODEL_ANSWER_SUFFICIENT,"하나의 중심 판단으로 수렴해 모델답변·설명으로 직접 대조 가능: “TCP는 write·segment·packet의 경계를 보존하지 않는 ordered byte stream이기 때문이다. 여러 write가 한 read에 합쳐지거나 한 write가 여러 read로 나뉠 수 있으므로 application protocol이 length, delimiter 또는 다른 framing을 정의해야 한다.”",NOT_APPLICABLE,NO_CONTENT_CHANGE,182,96,0.405
network-http,network-http.core.tcp.tcp-byte-stream.q3,SCENARIO,PUBLISHED,MEDIUM,network-http.core.tcp.tcp-byte-stream,length prefix 없이 JSON 여러 개를 TCP로 보내는 protocol의 parsing 문제를 설명하라.,MODEL_ANSWER_SUFFICIENT,하나의 중심 판단으로 수렴해 모델답변·설명으로 직접 대조 가능: “한 read가 message 일부 또는 여러 message를 함께 반환해 경계를 알 수 없다. length prefix·delimiter·HTTP framing을 정의하고 partial buffer를 누적한다.”,YES_CONTEXT_USED,NO_CONTENT_CHANGE,117,64,0.738
network-http,network-http.core.tcp.three-way-handshake.q2,DESCRIPTIVE,PUBLISHED,MEDIUM,network-http.core.tcp.three-way-handshake,SYN·SYN-ACK·ACK에서 sequence 확인이 필요한 이유를 설명하라.,MODEL_ANSWER_SUFFICIENT,하나의 중심 판단으로 수렴해 모델답변·설명으로 직접 대조 가능: “양 endpoint가 서로의 initial sequence를 알고 양방향 control exchange가 가능함을 확인해야 이후 byte stream의 순서·ACK를 해석할 수 있기 때문이다. handshake 성공은 server application의 요청 처리나 authentication 완료를 보장하지 않는다.”,NOT_APPLICABLE,NO_CONTENT_CHANGE,177,107,0.747
network-http,network-http.core.tcp.three-way-handshake.q3,SCENARIO,PUBLISHED,MEDIUM,network-http.core.tcp.three-way-handshake,짧은 HTTP 요청마다 새 TCP connection을 만드는 client의 지연 시간을 분석하라.,MODEL_ANSWER_SUFFICIENT,하나의 중심 판단으로 수렴해 모델답변·설명으로 직접 대조 가능: “매번 handshake RTT와 server accept 비용이 추가된다. persistent connection·pooling·HTTP/2/3를 사용하되 idle resource limit을 둔다.”,YES_CONTEXT_USED,NO_CONTENT_CHANGE,111,69,0.773
network-http,network-http.core.tcp.sequence-number.q2,DESCRIPTIVE,PUBLISHED,MEDIUM,network-http.core.tcp.sequence-number,out-of-order TCP segment가 도착했을 때 ordered byte-stream 계약과 receiver buffering을 구분해 설명하라.,STRUCTURED_CRITERIA_USEFUL,sequence number gap/position detection | ordered delivery cannot expose post-gap bytes | SHOULD-level out-of-order queueing vs retransmission fallback,NOT_APPLICABLE,NO_CONTENT_CHANGE,288,95,0.506
network-http,network-http.core.tcp.sequence-number.q3,SCENARIO,PUBLISHED,MEDIUM,network-http.core.tcp.sequence-number,sequence number를 payload length가 아니라 segment 개수로 증가시키는 구현의 오류를 설명하라.,MODEL_ANSWER_SUFFICIENT,하나의 중심 판단으로 수렴해 모델답변·설명으로 직접 대조 가능: “byte stream offset이 어긋나 중복·누락과 ACK 해석 오류가 생긴다. sequence space를 byte 기준으로 유지하고 SYN·FIN의 소비 규칙도 반영한다.”,YES_CONTEXT_USED,NO_CONTENT_CHANGE,99,52,0.700
network-http,network-http.core.tcp.acknowledgement.q2,DESCRIPTIVE,PUBLISHED,MEDIUM,network-http.core.tcp.acknowledgement,cumulative ACK가 여러 segment 수신을 나타낼 수 있는 이유를 설명하라.,MODEL_ANSWER_SUFFICIENT,"하나의 중심 판단으로 수렴해 모델답변·설명으로 직접 대조 가능: “cumulative ACK 하나가 지금까지 연속적으로 받은 byte 범위의 다음 expected sequence를 나타내기 때문이다. 중간 누락이 없으면 여러 segment의 progress를 하나로 표현할 수 있지만, ACK가 peer application의 처리나 commit 완료를 뜻하지는 않는다.”",NOT_APPLICABLE,NO_CONTENT_CHANGE,170,90,0.562
network-http,network-http.core.tcp.acknowledgement.q3,SCENARIO,PUBLISHED,MEDIUM,network-http.core.tcp.acknowledgement,ACK가 손실되어 sender가 재전송하지만 receiver가 duplicate를 application에 다시 전달하면 안 되는 이유를 설명하라.,MODEL_ANSWER_SUFFICIENT,하나의 중심 판단으로 수렴해 모델답변·설명으로 직접 대조 가능: “receiver는 sequence로 이미 전달한 byte를 판별하고 duplicate data를 버리면서 ACK를 다시 보낸다. application stream은 한 번만 전진해야 한다.”,YES_CONTEXT_USED,NO_CONTENT_CHANGE,105,33,0.478
network-http,network-http.core.tcp.retransmission.q2,DESCRIPTIVE,PUBLISHED,MEDIUM,network-http.core.tcp.retransmission,retransmission이 reliability를 만들지만 처리량을 떨어뜨릴 수 있는 이유를 설명하라.,MODEL_ANSWER_SUFFICIENT,"하나의 중심 판단으로 수렴해 모델답변·설명으로 직접 대조 가능: “잃은 sequence 범위를 다시 보내 stream을 복구하지만, 그 과정에서 RTT와 bandwidth를 추가로 사용하고 loss 신호에 따라 congestion window가 줄 수 있기 때문이다. application이 별도 retry를 하면 original 요청과 duplicate side effect가 생길 수 있다.”",NOT_APPLICABLE,NO_CONTENT_CHANGE,183,112,0.754
network-http,network-http.core.tcp.retransmission.q3,SCENARIO,PUBLISHED,HARD,network-http.core.tcp.retransmission,packet loss가 없는 network에서 duplicate retransmission이 늘어나는 client의 문제를 진단하라.,MODEL_ANSWER_SUFFICIENT,하나의 중심 판단으로 수렴해 모델답변·설명으로 직접 대조 가능: “RTO가 너무 짧거나 ACK가 delayed·재정렬되어 false loss를 판단할 수 있다. RTT sample·timer·middlebox와 실제 loss를 함께 측정한다.”,YES_CONTEXT_USED,NO_CONTENT_CHANGE,98,45,0.643
network-http,network-http.core.tcp.rto.q2,DESCRIPTIVE,PUBLISHED,MEDIUM,network-http.core.tcp.rto,RTO를 고정값으로 두기보다 RTT에서 추정하는 이유를 설명하라.,MODEL_ANSWER_SUFFICIENT,"하나의 중심 판단으로 수렴해 모델답변·설명으로 직접 대조 가능: “경로와 부하에 따라 RTT와 variation이 달라지므로 관측값을 반영해야 한다. 너무 짧으면 정상적으로 늦은 ACK를 loss로 오인해 중복 전송하고, 너무 길면 실제 loss recovery가 늦어진다. RTO는 HTTP deadline과 별도 timer다.”",NOT_APPLICABLE,explanationMarkdown,147,151,0.386
network-http,network-http.core.tcp.rto.q3,SCENARIO,PUBLISHED,MEDIUM,network-http.core.tcp.rto,regional 지연 시간이 다른 client를 같은 짧은 RTO로 처리한 service의 문제를 분석하라.,MODEL_ANSWER_SUFFICIENT,하나의 중심 판단으로 수렴해 모델답변·설명으로 직접 대조 가능: “먼 거리 RTT에서 정상 ACK도 timeout으로 오인해 retransmission과 congestion이 증가한다. per-connection RTT·variance와 backoff를 반영한다.”,YES_CONTEXT_USED,NO_CONTENT_CHANGE,110,43,0.569
network-http,network-http.core.tcp.sliding-window.q2,DESCRIPTIVE,PUBLISHED,MEDIUM,network-http.core.tcp.sliding-window,window가 이동하는 조건을 설명하라.,MODEL_ANSWER_SUFFICIENT,하나의 중심 판단으로 수렴해 모델답변·설명으로 직접 대조 가능: “왼쪽 경계보다 앞선 sequence 범위가 ACK로 확인되면 unacknowledged 영역이 줄고 오른쪽으로 새 전송 공간이 열린다. 실제 전송량은 receiver advertised window와 congestion window 중 더 제한적인 상태에도 좌우된다.”,NOT_APPLICABLE,NO_CONTENT_CHANGE,149,99,0.482
network-http,network-http.core.tcp.sliding-window.q3,SCENARIO,PUBLISHED,HARD,network-http.core.tcp.sliding-window,"receiver는 충분히 빠른데 network congestion 때문에 sender의 in-flight data가 제한된다. `rwnd`와 `cwnd` 중 어느 상태가 이 제한을 주도하며, 두 값을 하나의 window 설정으로 보면 왜 부정확한가?",STRUCTURED_CRITERIA_USEFUL,receiver flow-control rwnd state | path congestion-control cwnd state | sender limit is the more restrictive window,YES_CONTEXT_USED,NO_CONTENT_CHANGE,235,144,0.757
network-http,network-http.core.tcp.flow-control.q2,DESCRIPTIVE,PUBLISHED,MEDIUM,network-http.core.tcp.flow-control,advertised receive window이 sender 전송량에 주는 제한을 설명하라.,MODEL_ANSWER_SUFFICIENT,"하나의 중심 판단으로 수렴해 모델답변·설명으로 직접 대조 가능: “receiver가 현재 TCP receive buffer에서 수용할 수 있는 available byte 범위를 광고하므로 sender는 그 범위를 넘는 in-flight data를 계속 보낼 수 없다. receiver application이 천천히 읽으면 window가 줄어들고, network path congestion window와…”",NOT_APPLICABLE,NO_CONTENT_CHANGE,209,112,0.690
network-http,network-http.core.tcp.flow-control.q3,SCENARIO,PUBLISHED,MEDIUM,network-http.core.tcp.flow-control,application이 socket receive buffer를 읽지 않아 sender가 멈추는 현상을 설명하라.,MODEL_ANSWER_SUFFICIENT,하나의 중심 판단으로 수렴해 모델답변·설명으로 직접 대조 가능: “receiver window가 줄어 sender가 더 보내지 못한다. application read loop·buffer size·backpressure와 downstream 처리 속도를 함께 조정한다.”,YES_CONTEXT_USED,NO_CONTENT_CHANGE,113,74,0.803
network-http,network-http.core.tcp.congestion-control.q2,DESCRIPTIVE,PUBLISHED,MEDIUM,network-http.core.tcp.congestion-control,flow control과 congestion control의 차이를 설명하라.,STRUCTURED_CRITERIA_USEFUL,receiver-buffer protection by advertised window | shared-path capacity protection by congestion window,NOT_APPLICABLE,NO_CONTENT_CHANGE,188,79,0.593
network-http,network-http.core.tcp.congestion-control.q3,SCENARIO,PUBLISHED,HARD,network-http.core.tcp.congestion-control,여러 client가 동시에 download를 시작해 packet loss가 증가하는 service의 TCP 동작을 분석하라.,MODEL_ANSWER_SUFFICIENT,하나의 중심 판단으로 수렴해 모델답변·설명으로 직접 대조 가능: “각 sender가 capacity를 넘겨 congestion window를 줄이고 처리량·지연 시간이 변동한다. slow start·loss·fairness와 application concurrency를 함께 관측한다.”,YES_CONTEXT_USED,NO_CONTENT_CHANGE,122,59,0.667
network-http,network-http.core.tcp.connection-teardown.q2,DESCRIPTIVE,PUBLISHED,MEDIUM,network-http.core.tcp.connection-teardown,TCP half-close를 설명하라.,MODEL_ANSWER_SUFFICIENT,하나의 중심 판단으로 수렴해 모델답변·설명으로 직접 대조 가능: “한 방향의 송신은 FIN으로 끝났지만 반대 방향의 송신과 수신은 계속 가능한 상태다. 따라서 한 쪽에서 EOF를 관찰해도 양방향 connection 전체가 즉시 닫혔다거나 application 처리가 완료됐다고 판단할 수 없다.”,NOT_APPLICABLE,NO_CONTENT_CHANGE,127,84,0.398
network-http,network-http.core.tcp.connection-teardown.q3,SCENARIO,PUBLISHED,MEDIUM,network-http.core.tcp.connection-teardown,server가 응답을 다 보내기 전에 FIN을 보내 client가 incomplete body를 정상 성공으로 처리하는 문제를 설명하라.,MODEL_ANSWER_SUFFICIENT,하나의 중심 판단으로 수렴해 모델답변·설명으로 직접 대조 가능: “transport EOF와 application message completeness를 혼동한 것이다. Content-Length·framing을 확인하고 예상 길이 전에는 성공을 확정하지 않는다.”,YES_CONTEXT_USED,NO_CONTENT_CHANGE,110,52,0.627
network-http,network-http.core.tcp.time-wait.q2,DESCRIPTIVE,PUBLISHED,MEDIUM,network-http.core.tcp.time-wait,active close 쪽에 TIME_WAIT가 생기는 이유를 설명하라.,MODEL_ANSWER_SUFFICIENT,"하나의 중심 판단으로 수렴해 모델답변·설명으로 직접 대조 가능: “active closer는 늦게 도착한 이전 segment가 같은 tuple을 재사용한 새 connection과 섞이지 않도록 기다리고, peer가 마지막 ACK를 받지 못해 FIN을 재전송할 때 ACK를 다시 보낼 수 있어야 한다. 그래서 대량 short connection에서는 ephemeral port pressure가 생길 수…”",NOT_APPLICABLE,NO_CONTENT_CHANGE,191,130,0.802
network-http,network-http.core.tcp.time-wait.q3,SCENARIO,PUBLISHED,MEDIUM,network-http.core.tcp.time-wait,짧은 outbound connection을 대량으로 생성하는 proxy에서 ephemeral port가 부족해지는 문제를 완화하라.,MODEL_ANSWER_SUFFICIENT,하나의 중심 판단으로 수렴해 모델답변·설명으로 직접 대조 가능: “active close와 TIME_WAIT socket이 port를 잠시 점유한다. persistent pooling·connection reuse·적절한 port range와 timeout을 사용하고 무리한 reuse는 피한다.”,YES_CONTEXT_USED,NO_CONTENT_CHANGE,128,81,0.784
network-http,network-http.core.tcp.tcp-head-of-line.q2,DESCRIPTIVE,PUBLISHED,MEDIUM,network-http.core.tcp.tcp-head-of-line,TCP stream이 out-of-order byte를 바로 application에 주지 않는 이유와 receiver buffering의 요구 수준을 설명하라.,STRUCTURED_CRITERIA_USEFUL,ordered stream prohibits exposing bytes beyond missing sequence | optional receiver out-of-order buffering | retransmission-based eventual gap recovery,NOT_APPLICABLE,NO_CONTENT_CHANGE,262,84,0.489
network-http,network-http.core.tcp.tcp-head-of-line.q3,SCENARIO,PUBLISHED,MEDIUM,network-http.core.tcp.tcp-head-of-line,하나의 custom TCP connection에서 대용량 파일 bytes와 지연에 민감한 control message를 application-level channel로 구분해 섞어 보낸다. 파일 구간의 TCP segment 하나가 손실되자 뒤에 도착한 control bytes도 application에 늦게 전달되었다. 원인과 설계 선택지를 설명하라.,STRUCTURED_CRITERIA_USEFUL,single TCP sequence space blocks later application bytes | application channel labels do not isolate transport delivery | multi-connection/QUIC isolation costs,YES_CONTEXT_USED,NO_CONTENT_CHANGE,394,119,0.261
network-http,network-http.core.tls.tls-purpose.q2,DESCRIPTIVE,PUBLISHED,MEDIUM,network-http.core.tls.tls-purpose,TLS encryption과 authentication의 차이를 설명하라.,STRUCTURED_CRITERIA_USEFUL,encryption confidentiality/integrity | peer identity authentication via certificate/PSK | HTTP user authorization and business-result separation,NOT_APPLICABLE,NO_CONTENT_CHANGE,200,85,0.584
network-http,network-http.core.tls.tls-purpose.q3,SCENARIO,PUBLISHED,MEDIUM,network-http.core.tls.tls-purpose,HTTPS를 사용하지만 certificate hostname 검증을 끈 client가 취약한 이유를 설명하라.,MODEL_ANSWER_SUFFICIENT,하나의 중심 판단으로 수렴해 모델답변·설명으로 직접 대조 가능: “암호화는 되더라도 attacker가 자기 certificate로 endpoint를 가장할 수 있다. chain·hostname·expiry 검증을 유지하고 pinning은 rotation 정책과 함께 사용한다.”,YES_CONTEXT_USED,NO_CONTENT_CHANGE,117,61,0.689
network-http,network-http.core.tls.certificate.q2,DESCRIPTIVE,PUBLISHED,MEDIUM,network-http.core.tls.certificate,certificate에 public key는 들어가지만 private key는 들어가지 않는 이유를 TLS 1.3 certificate authentication 관점에서 설명하라.,STRUCTURED_CRITERIA_USEFUL,public certificate key for peer verification | private-key proof via CertificateVerify | ephemeral ECDHE shared-secret/key schedule role,NOT_APPLICABLE,NO_CONTENT_CHANGE,316,126,0.568
network-http,network-http.core.tls.certificate.q3,SCENARIO,PUBLISHED,MEDIUM,network-http.core.tls.certificate,만료된 certificate를 배포한 service가 TLS handshake에서 실패하는 이유와 예방을 설명하라.,MODEL_ANSWER_SUFFICIENT,하나의 중심 판단으로 수렴해 모델답변·설명으로 직접 대조 가능: “client가 validity period를 검사해 신뢰하지 않는다. 자동 갱신·사전 만료 알림·staged rotation과 chain 검증을 운영한다.”,YES_CONTEXT_USED,NO_CONTENT_CHANGE,86,47,0.698
network-http,network-http.core.tls.pki.q2,DESCRIPTIVE,PUBLISHED,MEDIUM,network-http.core.tls.pki,trust store가 certificate 검증에 쓰이는 방식을 설명하라.,MODEL_ANSWER_SUFFICIENT,"하나의 중심 판단으로 수렴해 모델답변·설명으로 직접 대조 가능: “trust store의 root trust anchor를 기준으로 client가 server certificate와 intermediate의 서명·validity·usage path를 검증한다. 이 chain이 신뢰돼도 요청 hostname이 leaf certificate identity와 일치하는지, application…”",NOT_APPLICABLE,NO_CONTENT_CHANGE,213,108,0.676
network-http,network-http.core.tls.pki.q3,SCENARIO,PUBLISHED,MEDIUM,network-http.core.tls.pki,사설 CA certificate를 client trust store에 넣지 않고 내부 HTTPS를 호출할 때 실패하는 이유를 설명하라.,MODEL_ANSWER_SUFFICIENT,하나의 중심 판단으로 수렴해 모델답변·설명으로 직접 대조 가능: “chain의 root를 신뢰할 anchor가 없어 certificate 검증이 실패한다. 올바른 trust store를 배포하되 모든 certificate를 무조건 trust하는 우회는 피한다.”,YES_CONTEXT_USED,NO_CONTENT_CHANGE,108,58,0.701
network-http,network-http.core.tls.hostname-verification.q2,DESCRIPTIVE,PUBLISHED,MEDIUM,network-http.core.tls.hostname-verification,certificate chain이 valid해도 hostname verification이 필요한 이유를 설명하라.,MODEL_ANSWER_SUFFICIENT,하나의 중심 판단으로 수렴해 모델답변·설명으로 직접 대조 가능: “신뢰된 CA는 여러 domain의 certificate를 발급할 수 있으므로 chain 검증만으로는 내가 요청한 service라는 뜻이 아니다. URI의 reference identifier와 SAN 등 certificate identity를 별도로 비교해야 한다.”,NOT_APPLICABLE,NO_CONTENT_CHANGE,148,84,0.323
network-http,network-http.core.tls.hostname-verification.q3,SCENARIO,PUBLISHED,HARD,network-http.core.tls.hostname-verification,내부 IP로 연결하면서 public hostname certificate를 쓰는 client의 검증 경계를 분석하라.,MODEL_ANSWER_SUFFICIENT,하나의 중심 판단으로 수렴해 모델답변·설명으로 직접 대조 가능: “TLS client가 IP literal을 reference identifier로 검증하면 certificate의 public DNS identity와 맞지 않을 수 있다. public DNS name으로 연결하거나 그 내부 이름/IP를 SAN에 포함한 certificate를 사용하고 검증을 끄지 않는다. SNI·HTTP…”,YES_CONTEXT_USED,NO_CONTENT_CHANGE,209,112,0.685
network-http,network-http.core.tls.tls-handshake.q2,DESCRIPTIVE,PUBLISHED,MEDIUM,network-http.core.tls.tls-handshake,TLS handshake 뒤 application data가 symmetric traffic key를 사용하는 이유와 key가 만들어지는 경계를 설명하라.,MODEL_ANSWER_SUFFICIENT,하나의 중심 판단으로 수렴해 모델답변·설명으로 직접 대조 가능: “symmetric AEAD는 대량 application data 보호에 효율적이다. TLS 1.3 handshake는 key agreement와 transcript 기반 key schedule을 통해 방향별 traffic secret과 key material을 파생하므로 하나의 임의 session key를 평문으로 전달하거나 모든…”,NOT_APPLICABLE,NO_CONTENT_CHANGE,214,46,0.361
network-http,network-http.core.tls.tls-handshake.q3,SCENARIO,PUBLISHED,HARD,network-http.core.tls.tls-handshake,proxy가 client TLS는 종료하지만 backend TLS는 생략한 deployment의 trust boundary를 설명하라.,MODEL_ANSWER_SUFFICIENT,하나의 중심 판단으로 수렴해 모델답변·설명으로 직접 대조 가능: “client-proxy 구간만 암호화되고 proxy-backend는 평문이 될 수 있다. 내부 network를 신뢰할 수 있는지 판단하고 end-to-end TLS와 별도 certificate를 적용한다.”,YES_CONTEXT_USED,NO_CONTENT_CHANGE,114,64,0.723
network-http,network-http.core.tls.key-agreement.q2,DESCRIPTIVE,PUBLISHED,MEDIUM,network-http.core.tls.key-agreement,TLS 1.3의 일반적인 certificate-based ECDHE에서 key agreement와 certificate authentication이 서로 다른 책임인 이유를 설명하라.,MODEL_ANSWER_SUFFICIENT,하나의 중심 판단으로 수렴해 모델답변·설명으로 직접 대조 가능: “ephemeral ECDHE key shares는 shared secret과 handshake key material을 만드는 역할을 한다. certificate와 CertificateVerify는 certificate private key 소유를 증명하고 handshake transcript를 인증하며…”,NOT_APPLICABLE,NO_CONTENT_CHANGE,296,78,0.416
network-http,network-http.core.tls.key-agreement.q3,SCENARIO,PUBLISHED,MEDIUM,network-http.core.tls.key-agreement,암호화된 channel이지만 client가 server identity를 검증하지 않는 경우 MITM이 가능한 이유를 설명하라.,MODEL_ANSWER_SUFFICIENT,하나의 중심 판단으로 수렴해 모델답변·설명으로 직접 대조 가능: “attacker와 client가 별도 key agreement를 성공시켜 암호화 channel을 만들 수 있어도 client가 그 상대가 의도한 server인지 인증하지 않으면 MITM을 배제할 수 없다. certificate path와 hostname/service identity 검증을 함께 수행한다.”,YES_CONTEXT_USED,NO_CONTENT_CHANGE,171,56,0.511
network-http,network-http.core.tls.symmetric-session-key.q2,DESCRIPTIVE,PUBLISHED,MEDIUM,network-http.core.tls.symmetric-session-key,session key가 connection별로 달라질 수 있는 이점을 설명하라.,MODEL_ANSWER_SUFFICIENT,하나의 중심 판단으로 수렴해 모델답변·설명으로 직접 대조 가능: “traffic key를 connection과 handshake 문맥에 묶으면 한 session의 key compromise가 다른 독립 connection이나 tenant의 payload로 곧바로 확장되는 blast radius를 줄일 수 있다. key update·nonce·rotation과 endpoint 로그 노출은 별도의…”,NOT_APPLICABLE,NO_CONTENT_CHANGE,201,137,0.813
network-http,network-http.core.tls.symmetric-session-key.q3,SCENARIO,PUBLISHED,HARD,network-http.core.tls.symmetric-session-key,"개발팀이 TLS termination proxy에서 한 connection의 application traffic key와 IV를 추출해 여러 backend tunnel에 그대로 복사하고, 각 tunnel의 record sequence도 0부터 다시 시작하도록 custom 암호화 계층을 만들려 한다. TLS key lifecycle 관점에서 왜 위험한 설계인지 설명하라.",MODEL_ANSWER_SUFFICIENT,하나의 중심 판단으로 수렴해 모델답변·설명으로 직접 대조 가능: “TLS 1.3 traffic key와 IV는 handshake에서 만들어진 connection-specific traffic secret에서 파생되고 record nonce도 그 key/IV와 sequence number에 연결된다. 동일한 key·IV를 여러 독립 tunnel에서 재사용하면서 sequence를 다시 시작하면 같은…”,YES_CONTEXT_USED,NO_CONTENT_CHANGE,443,155,0.224
network-http,network-http.core.tls.tls-termination.q2,DESCRIPTIVE,PUBLISHED,MEDIUM,network-http.core.tls.tls-termination,reverse proxy TLS termination 뒤 backend TLS를 선택할 때 고려할 것을 설명하라.,STRUCTURED_CRITERIA_USEFUL,client-to-proxy trust/certificate boundary | independent proxy-to-backend encryption and identity | forwarded client metadata trust scope,NOT_APPLICABLE,explanationMarkdown,251,169,0.300
network-http,network-http.core.tls.tls-termination.q3,SCENARIO,PUBLISHED,HARD,network-http.core.tls.tls-termination,proxy에서 TLS를 종료한 뒤 backend가 원래 client의 secure scheme을 잘못 판단하는 문제를 해결하라.,MODEL_ANSWER_SUFFICIENT,하나의 중심 판단으로 수렴해 모델답변·설명으로 직접 대조 가능: “termination 경계의 scheme metadata가 전달되지 않거나 untrusted forwarded header를 신뢰한 것이다. trusted proxy가 canonical scheme을 전달하고 backend는 신뢰 범위를 제한한다.”,YES_CONTEXT_USED,NO_CONTENT_CHANGE,138,59,0.599
network-http,network-http.core.udp.udp-datagram.q2,DESCRIPTIVE,PUBLISHED,MEDIUM,network-http.core.udp.udp-datagram,UDP datagram과 TCP byte stream을 구분하라.,STRUCTURED_CRITERIA_USEFUL,UDP datagram message boundary and no built-in recovery | TCP ordered reliable byte stream without write boundaries,NOT_APPLICABLE,NO_CONTENT_CHANGE,185,101,0.521
network-http,network-http.core.udp.udp-datagram.q3,SCENARIO,PUBLISHED,MEDIUM,network-http.core.udp.udp-datagram,한 UDP datagram에 너무 큰 payload를 넣어 path에서 drop되는 문제를 해결하라.,MODEL_ANSWER_SUFFICIENT,하나의 중심 판단으로 수렴해 모델답변·설명으로 직접 대조 가능: “MTU와 fragmentation·loss 위험을 고려하지 않은 것이다. payload를 작게 분할하거나 application fragmentation과 size limit을 설계한다.”,YES_CONTEXT_USED,NO_CONTENT_CHANGE,103,62,0.766
network-http,network-http.core.udp.delivery-order-guarantee.q2,DESCRIPTIVE,PUBLISHED,MEDIUM,network-http.core.udp.delivery-order-guarantee,UDP application이 sequence number를 넣는 이유를 설명하라.,MODEL_ANSWER_SUFFICIENT,하나의 중심 판단으로 수렴해 모델답변·설명으로 직접 대조 가능: “수신자가 datagram의 상대적 순서를 복원하고 missing 또는 duplicate를 판정하기 위해서다. sequence만 추가해도 재전송·ACK·timeout이 자동으로 생기는 것은 아니며 필요한 delivery contract를 별도로 구현해야 한다.”,NOT_APPLICABLE,NO_CONTENT_CHANGE,144,115,0.353
network-http,network-http.core.udp.delivery-order-guarantee.q3,SCENARIO,PUBLISHED,MEDIUM,network-http.core.udp.delivery-order-guarantee,UDP telemetry가 순서 뒤바뀐 sample을 그대로 최신 값으로 반영하는 버그를 설명하라.,MODEL_ANSWER_SUFFICIENT,하나의 중심 판단으로 수렴해 모델답변·설명으로 직접 대조 가능: “UDP에는 ordering이 없어 늦은 sample이 새 값을 덮을 수 있다. sequence·timestamp와 stale sample rejection을 application에 둔다.”,YES_CONTEXT_USED,NO_CONTENT_CHANGE,104,60,0.763
network-http,network-http.core.udp.checksum.q2,DESCRIPTIVE,PUBLISHED,MEDIUM,network-http.core.udp.checksum,checksum과 reliability를 구분하라.,STRUCTURED_CRITERIA_USEFUL,checksum detects corruption/misdelivery limits | loss/duplicate/reorder reliability recovery | checksum versus cryptographic authenticity,NOT_APPLICABLE,NO_CONTENT_CHANGE,175,72,0.306
network-http,network-http.core.udp.checksum.q3,SCENARIO,PUBLISHED,MEDIUM,network-http.core.udp.checksum,"IPv4 기반 UDP sensor protocol에서 sender가 checksum field를 0으로 보내 checksum 생성을 비활성화했고, collector는 받은 payload를 별도 무결성 검증 없이 바로 저장한다. 이 설계의 위험과 checksum·application reliability의 역할을 구분해 개선하라.",STRUCTURED_CRITERIA_USEFUL,IPv4 zero checksum behavior and lost corruption detection | application MAC/signature/schema integrity | sequence/ACK/retransmission reliability as separate contract,YES_CONTEXT_USED,NO_CONTENT_CHANGE,352,120,0.291
network-http,network-http.core.udp.udp-use-case.q2,DESCRIPTIVE,PUBLISHED,MEDIUM,network-http.core.udp.udp-use-case,UDP가 TCP보다 빠르다고 일반화하면 안 되는 이유를 설명하라.,MODEL_ANSWER_SUFFICIENT,"하나의 중심 판단으로 수렴해 모델답변·설명으로 직접 대조 가능: “UDP가 handshake와 stream reliability 비용을 줄여도, loss recovery·ordering·congestion/rate control·NAT traversal을 application이 추가하면 전체 비용이 달라진다. 실제 지연 시간과 처리량은 path loss, message size, 상위…”",NOT_APPLICABLE,NO_CONTENT_CHANGE,219,136,0.781
network-http,network-http.core.udp.udp-use-case.q3,SCENARIO,PUBLISHED,MEDIUM,network-http.core.udp.udp-use-case,게임 상태 전송에 UDP를 사용했지만 loss가 발생할 때 화면이 오래된 상태로 남는 문제를 완화하라.,MODEL_ANSWER_SUFFICIENT,하나의 중심 판단으로 수렴해 모델답변·설명으로 직접 대조 가능: “모든 packet의 delivery보다 최신 상태가 중요할 수 있다. sequence로 stale update를 버리고 periodic full snapshot·rate limit·loss-tolerant interpolation을 사용한다.”,YES_CONTEXT_USED,NO_CONTENT_CHANGE,135,96,0.847
network-http,network-http.core.udp.application-reliability.q2,DESCRIPTIVE,PUBLISHED,MEDIUM,network-http.core.udp.application-reliability,UDP retry에서 요청 id와 deduplication이 필요한 이유를 설명하라.,MODEL_ANSWER_SUFFICIENT,"하나의 중심 판단으로 수렴해 모델답변·설명으로 직접 대조 가능: “ACK 자체가 유실되면 sender는 server가 command를 처리했는지 모른 채 같은 요청을 재전송할 수 있다. 요청 ID와 deduplication state를 사용하면 server가 같은 logical command의 effect를 중복 적용하지 않도록 하고, 그 state의 보존·만료와 DB transaction을 함께…”",NOT_APPLICABLE,NO_CONTENT_CHANGE,196,66,0.500
network-http,network-http.core.udp.application-reliability.q3,SCENARIO,PUBLISHED,MEDIUM,network-http.core.udp.application-reliability,UDP 결제 command가 timeout마다 재실행되어 중복 결제되는 장애를 해결하라.,MODEL_ANSWER_SUFFICIENT,하나의 중심 판단으로 수렴해 모델답변·설명으로 직접 대조 가능: “transport retry만 있고 application idempotency가 없다. unique 요청 id·server dedup store·ACK 재전송과 retry deadline을 함께 둔다.”,YES_CONTEXT_USED,NO_CONTENT_CHANGE,112,63,0.708
operating-systems,operating-systems.core.deadlock.deadlock.q2,DESCRIPTIVE,PUBLISHED,MEDIUM,operating-systems.core.deadlock.deadlock,긴 lock wait와 deadlock을 구분하려면 어떤 dependency를 확인해야 하는지 설명하라.,MODEL_ANSWER_SUFFICIENT,하나의 중심 판단으로 수렴해 모델답변·설명으로 직접 대조 가능: “누가 어떤 resource를 보유하고 어떤 resource를 기다리는지 owner/waiter dependency를 추적해야 한다. 단순히 오래 기다렸다는 사실보다 참여 execution들이 서로가 보유한 resource를 기다리는 cycle을 이루어 스스로 progress할 수 없는지가 핵심이다.”,NOT_APPLICABLE,NO_CONTENT_CHANGE,167,197,0.199
operating-systems,operating-systems.core.deadlock.deadlock.q3,SCENARIO,PUBLISHED,HARD,operating-systems.core.deadlock.deadlock,"다음 cross-layer 상태를 생각하자.

```text
T1: holds JVM mutex A → waits for DB row R
T2: holds DB row R   → waits for callback that needs A
```

Deadlock dependency를 표현하고, 구조적으로 어떤 해결 방향을 검토해야 하는지 설명하라.",STRUCTURED_CRITERIA_USEFUL,JVM monitor owner/wait edge | DB row owner/wait edge | cross-layer cycle and release/order redesign,YES_CONTEXT_USED,NO_CONTENT_CHANGE,203,230,0.225
operating-systems,operating-systems.core.deadlock.deadlock.q4,DESCRIPTIVE,PUBLISHED,MEDIUM,operating-systems.core.deadlock.deadlock,Lock timeout을 3초로 추가했더니 요청이 영원히 멈추지는 않지만 같은 충돌이 반복된다. 왜 timeout만으로 deadlock 설계를 해결했다고 볼 수 없는가?,MODEL_ANSWER_SUFFICIENT,"하나의 중심 판단으로 수렴해 모델답변·설명으로 직접 대조 가능: “Timeout은 waiting execution을 실패/recovery 경로로 보낼 수 있지만 circular acquisition structure 자체를 제거하지 않는다. Timeout 뒤 held resource release와 rollback/abort가 필요하며, 같은 순서와 timing으로 즉시 retry하면 다시 충돌하거나…”",NOT_APPLICABLE,NO_CONTENT_CHANGE,208,203,0.353
operating-systems,operating-systems.core.deadlock.coffman-conditions.q3,SCENARIO,PUBLISHED,MEDIUM,operating-systems.core.deadlock.coffman-conditions,"다음 상태에서 네 Coffman 조건이 각각 어떻게 성립하는지 설명하라.

```text
T1: holds A → waits for B
T2: holds B → waits for A
```

A와 B는 한 번에 한 thread만 소유할 수 있고 다른 thread가 owner에게서 강제로 회수할 수 없다고 가정한다.",STRUCTURED_CRITERIA_USEFUL,mutual exclusion premise | hold-and-wait allocation | no-preemption premise | circular wait graph cycle,YES_CONTEXT_USED,NO_CONTENT_CHANGE,196,134,0.146
operating-systems,operating-systems.core.deadlock.resource-allocation-graph.q3,DESCRIPTIVE,PUBLISHED,MEDIUM,operating-systems.core.deadlock.resource-allocation-graph,Resource type에 여러 instance가 있을 때 graph cycle만으로 deadlock을 확정하면 안 되는 이유를 설명하라.,MODEL_ANSWER_SUFFICIENT,"하나의 중심 판단으로 수렴해 모델답변·설명으로 직접 대조 가능: “Cycle 안의 요청이 같은 resource type의 다른 available instance로 만족될 수 있고, 어떤 process가 완료해 allocation을 반환하면 다른 process도 진행할 수 있기 때문이다. Available, Allocation, 요청/Need 수량까지 보아 실제 completion 가능성을 판단해야 한다.”",NOT_APPLICABLE,NO_CONTENT_CHANGE,190,185,0.251
operating-systems,operating-systems.core.deadlock.resource-allocation-graph.q4,DESCRIPTIVE,PUBLISHED,HARD,operating-systems.core.deadlock.resource-allocation-graph,"다음 두 관측 결과만 얻었다.

- JVM thread dump: T1이 monitor A를 기다린다.
- DB lock view: T2 transaction이 row R을 보유한다.

Cross-layer deadlock graph를 확정하려면 어떤 관계를 더 연결해야 하는가?",STRUCTURED_CRITERIA_USEFUL,JVM waiter's requested DB resource | DB transaction's held resource and callback wait | monitor owner and cross-layer cycle completion,NOT_APPLICABLE,NO_CONTENT_CHANGE,195,210,0.215
operating-systems,operating-systems.core.deadlock.deadlock-prevention.q2,DESCRIPTIVE,PUBLISHED,MEDIUM,operating-systems.core.deadlock.deadlock-prevention,모든 code path가 `L1 < L2 < L3` 순서로만 lock을 획득하면 circular wait가 생길 수 없는 이유를 설명하라.,MODEL_ANSWER_SUFFICIENT,"하나의 중심 판단으로 수렴해 모델답변·설명으로 직접 대조 가능: “Dependency edge가 항상 낮은 lock에서 높은 lock 방향으로만 만들어지므로, 높은 lock을 보유한 execution이 다시 낮은 lock을 기다리는 역방향 edge를 만들 수 없다. 따라서 acquisition dependency로 cycle을 구성할 수 없다.”",NOT_APPLICABLE,NO_CONTENT_CHANGE,156,151,0.066
operating-systems,operating-systems.core.deadlock.deadlock-prevention.q3,SCENARIO,PUBLISHED,HARD,operating-systems.core.deadlock.deadlock-prevention,"Service 코드는 `L1 → L2` 순서를 지킨다. 그런데 L2를 보유한 채 호출한 callback이 다시 L1을 acquire한다.

이때 prevention 규칙이 왜 깨지는지와 대응 방향을 설명하라.",MODEL_ANSWER_SUFFICIENT,"하나의 중심 판단으로 수렴해 모델답변·설명으로 직접 대조 가능: “Callback까지 포함한 전체 call graph에서는 L2→L1 acquisition이 생겨 global order가 깨진다. Callback 호출 전에 lock을 release할 수 있는지 검토하거나 callback contract에서 lock acquisition을 제한하고, lock dependency graph를 리뷰하거나…”",YES_CONTEXT_USED,NO_CONTENT_CHANGE,218,175,0.253
operating-systems,operating-systems.core.deadlock.deadlock-prevention.q4,DESCRIPTIVE,PUBLISHED,MEDIUM,operating-systems.core.deadlock.deadlock-prevention,`모든 lock acquire에 5초 timeout을 두었으므로 deadlock prevention을 구현했다`는 주장에 어떤 문제가 있는가?,MODEL_ANSWER_SUFFICIENT,하나의 중심 판단으로 수렴해 모델답변·설명으로 직접 대조 가능: “Timeout만으로 Coffman condition이나 circular acquisition structure가 사라지지 않는다. Timeout 후 operation abort와 held-resource release로 recovery는 가능할 수 있지만 이는 prevention과 구분해야 한다.”,NOT_APPLICABLE,NO_CONTENT_CHANGE,166,149,0.238
operating-systems,operating-systems.core.deadlock.deadlock-avoidance.q2,DESCRIPTIVE,PUBLISHED,MEDIUM,operating-systems.core.deadlock.deadlock-avoidance,Unsafe state와 현재 deadlock state가 같은 개념이 아닌 이유를 설명하라.,MODEL_ANSWER_SUFFICIENT,하나의 중심 판단으로 수렴해 모델답변·설명으로 직접 대조 가능: “Unsafe state에서도 현재 process들이 아직 실행 중이고 circular wait가 형성되지 않았을 수 있다. 다만 각 process가 선언한 최대 claim까지 추가 요청할 경우 모든 process의 완료를 보장하는 safe sequence가 없다는 뜻이다.”,NOT_APPLICABLE,NO_CONTENT_CHANGE,152,175,0.141
operating-systems,operating-systems.core.deadlock.deadlock-avoidance.q3,SCENARIO,PUBLISHED,HARD,operating-systems.core.deadlock.deadlock-avoidance,"Resource 한 종류가 총 10개이고 현재 상태가 다음과 같다.

| Process | Allocation | Max |
| --- | ---: | ---: |
| P1 | 3 | 7 |
| P2 | 2 | 4 |
| P3 | 2 | 5 |

`Available = 3`이다. 각 `Need = Max - Allocation`을 계산하고 가능한 safe sequence 하나를 제시하라.",STRUCTURED_CRITERIA_USEFUL,each process Need calculation | current Available/Work feasibility | completion sequence and released allocation,YES_CONTEXT_USED,NO_CONTENT_CHANGE,161,200,0.225
operating-systems,operating-systems.core.deadlock.deadlock-avoidance.q4,DESCRIPTIVE,PUBLISHED,MEDIUM,operating-systems.core.deadlock.deadlock-avoidance,일반적인 backend 요청 처리에 Banker's-style avoidance를 그대로 적용하기 어려운 이유를 설명하라.,MODEL_ANSWER_SUFFICIENT,"하나의 중심 판단으로 수렴해 모델답변·설명으로 직접 대조 가능: “각 요청이 앞으로 필요로 할 DB connection, memory, lock 등의 최대 claim을 정확히 미리 알기 어렵고, 동적인 resource/요청 집합에서 매 승인마다 safe-state 계산 비용이 들기 때문이다. Timeout이나 lease는 별도 liveness/recovery 정책이지 이를 곧바로 Banker…”",NOT_APPLICABLE,NO_CONTENT_CHANGE,205,200,0.141
operating-systems,operating-systems.core.deadlock.deadlock-detection-recovery.q2,DESCRIPTIVE,PUBLISHED,MEDIUM,operating-systems.core.deadlock.deadlock-detection-recovery,Deadlock detection을 너무 자주 수행하는 것과 너무 드물게 수행하는 것의 trade-off를 설명하라.,STRUCTURED_CRITERIA_USEFUL,high detection frequency compute/graph overhead | low frequency deadlock hold-time/waiter impact,NOT_APPLICABLE,NO_CONTENT_CHANGE,142,172,0.274
operating-systems,operating-systems.core.deadlock.deadlock-detection-recovery.q3,DESCRIPTIVE,PUBLISHED,MEDIUM,operating-systems.core.deadlock.deadlock-detection-recovery,Cycle을 발견한 뒤 mutex를 owner에게서 강제로 빼앗아 다른 thread에 주는 방식이 위험한 이유를 설명하라.,MODEL_ANSWER_SUFFICIENT,하나의 중심 판단으로 수렴해 모델답변·설명으로 직접 대조 가능: “Owner가 protected state를 중간 mutation 상태로 두었을 수 있어 lock만 회수하면 invariant가 깨진다. Transaction abort/rollback이나 process restart처럼 state recovery boundary가 명확한 방법이 필요하다.”,NOT_APPLICABLE,NO_CONTENT_CHANGE,161,191,0.278
operating-systems,operating-systems.core.deadlock.deadlock-detection-recovery.q4,SCENARIO,PUBLISHED,HARD,operating-systems.core.deadlock.deadlock-detection-recovery,매번 같은 long-running transaction을 deadlock victim으로 선택했더니 해당 작업이 반복 rollback되어 완료되지 않는다. 어떤 liveness 문제가 생겼고 victim 정책을 어떻게 개선할 수 있는가?,MODEL_ANSWER_SUFFICIENT,"하나의 중심 판단으로 수렴해 모델답변·설명으로 직접 대조 가능: “Recovery 정책이 해당 transaction의 starvation을 만들었다. 이미 소비한 work, age, retry count, rollback cost, priority 등을 고려해 victim을 선택하고 반복 victim에 대한 priority 보정이나 retry/backoff 정책을 둘 수 있다.”",YES_CONTEXT_USED,NO_CONTENT_CHANGE,175,222,0.280
operating-systems,operating-systems.core.deadlock.livelock.q2,DESCRIPTIVE,PUBLISHED,MEDIUM,operating-systems.core.deadlock.livelock,Deadlock과 livelock을 **activity와 useful progress** 관점에서 비교하라.,STRUCTURED_CRITERIA_USEFUL,deadlock blocked/no useful progress activity | livelock active retries/state changes with no useful progress,NOT_APPLICABLE,NO_CONTENT_CHANGE,178,136,0.341
operating-systems,operating-systems.core.deadlock.livelock.q3,SCENARIO,PUBLISHED,HARD,operating-systems.core.deadlock.livelock,"두 worker가 conflict 때마다 즉시 rollback하고 같은 delay 없이 재시도한다.

```text
W1: conflict → rollback → retry → conflict → ...
W2: conflict → rollback → retry → conflict → ...
```

초당 retry는 수천 회인데 성공은 거의 없다. 개선책과 그 이유를 설명하라.",MODEL_ANSWER_SUFFICIENT,"하나의 중심 판단으로 수렴해 모델답변·설명으로 직접 대조 가능: “동일한 retry timing의 symmetry가 계속 충돌을 재현할 수 있다. Randomized/exponential backoff와 jitter, retry budget 또는 우선순위 변화를 적용해 한쪽이 progress할 기회를 만들고 terminal 실패도 정의해야 한다.”",YES_CONTEXT_USED,NO_CONTENT_CHANGE,157,188,0.307
operating-systems,operating-systems.core.deadlock.starvation.q2,DESCRIPTIVE,PUBLISHED,MEDIUM,operating-systems.core.deadlock.starvation,Reader-preference read-write lock에서 writer starvation이 생길 수 있는 이유를 설명하라.,MODEL_ANSWER_SUFFICIENT,하나의 중심 판단으로 수렴해 모델답변·설명으로 직접 대조 가능: “Writer가 기다리는 중에도 새 reader를 계속 허용하는 정책이라면 reader stream이 끊이지 않아 writer가 exclusive ownership을 얻을 시점이 오지 않을 수 있다. Fair/writer-preference 정책은 이를 줄일 수 있지만 reader 지연 시간과 처리량 trade-off가 있다.”,NOT_APPLICABLE,NO_CONTENT_CHANGE,182,151,0.273
operating-systems,operating-systems.core.deadlock.starvation.q3,SCENARIO,PUBLISHED,HARD,operating-systems.core.deadlock.starvation,"Low-priority batch L이 1시간째 ready 상태인데 high-priority 요청은 계속 정상 처리되고 있다.

이 상태는 deadlock, livelock, starvation 중 무엇에 가장 가깝고 어떤 지표와 완화책을 검토해야 하는가?",MODEL_ANSWER_SUFFICIENT,"하나의 중심 판단으로 수렴해 모델답변·설명으로 직접 대조 가능: “Starvation에 가장 가깝다. System 전체는 progress하지만 L만 service를 못 받는다. Oldest task age, max/tail wait time, class별 service share를 확인하고 aging, quota, weighted/fair scheduling, minimum service…”",YES_CONTEXT_USED,NO_CONTENT_CHANGE,200,179,0.072
operating-systems,operating-systems.core.deadlock.starvation.q4,DESCRIPTIVE,PUBLISHED,MEDIUM,operating-systems.core.deadlock.starvation,Priority inheritance가 일반적인 scheduling starvation의 직접 해결책이라고 보기 어려운 이유를 설명하라.,STRUCTURED_CRITERIA_USEFUL,priority inheritance handles owner-caused priority inversion | general scheduling starvation requires fairness/aging/quota,NOT_APPLICABLE,NO_CONTENT_CHANGE,231,188,0.321
operating-systems,operating-systems.core.filesystem.file-abstraction.q2,DESCRIPTIVE,PUBLISHED,MEDIUM,operating-systems.core.filesystem.file-abstraction,열려 있는 file을 rename한 뒤 기존 descriptor로 계속 읽을 수 있는 이유를 설명하라.,MODEL_ANSWER_SUFFICIENT,하나의 중심 판단으로 수렴해 모델답변·설명으로 직접 대조 가능: “descriptor는 pathname 문자열을 매번 다시 찾는 것이 아니라 이미 열린 kernel object/open-file state를 참조한다. rename은 namespace의 이름 연결을 바꾸지만 기존 open reference를 자동으로 무효화하지 않는다.”,NOT_APPLICABLE,NO_CONTENT_CHANGE,150,149,0.468
operating-systems,operating-systems.core.filesystem.file-abstraction.q3,SCENARIO,PUBLISHED,MEDIUM,operating-systems.core.filesystem.file-abstraction,application이 `write()` 성공만 확인하고 중요 artifact를 DURABLE 상태로 표시한다. 어떤 계층 오해가 있는지 설명하라.,MODEL_ANSWER_SUFFICIENT,"하나의 중심 판단으로 수렴해 모델답변·설명으로 직접 대조 가능: “write 성공은 bytes가 kernel/file state에 전달된 것과 persistent storage durability를 동일시한 것이다. page cache와 write-back, fsync 및 필요한 metadata durability를 요구사항에 맞게 별도로 확인해야 한다.”",YES_CONTEXT_USED,NO_CONTENT_CHANGE,162,176,0.574
operating-systems,operating-systems.core.filesystem.file-descriptor.q2,DESCRIPTIVE,PUBLISHED,MEDIUM,operating-systems.core.filesystem.file-descriptor,로그에 `fd=7`만 남기면 장시간 실행 service에서 object identity를 복원하기 어려운 이유를 설명하라.,MODEL_ANSWER_SUFFICIENT,"하나의 중심 판단으로 수렴해 모델답변·설명으로 직접 대조 가능: “fd는 process-local이고 close 후 같은 숫자가 다른 object에 재사용될 수 있다. process/lifecycle, object type/path/connection 등 추가 context가 없으면 서로 다른 시점의 fd 7을 구분하기 어렵다.”",NOT_APPLICABLE,NO_CONTENT_CHANGE,147,164,0.362
operating-systems,operating-systems.core.filesystem.file-descriptor.q3,SCENARIO,PUBLISHED,HARD,operating-systems.core.filesystem.file-descriptor,subprocess를 종료했는데 pipe reader가 EOF를 받지 못한다. descriptor lifetime 관점에서 먼저 확인할 것은?,STRUCTURED_CRITERIA_USEFUL,inherited/duplicated pipe write-end lifetime | all write references close before reader can observe EOF,YES_CONTEXT_USED,NO_CONTENT_CHANGE,143,177,0.424
operating-systems,operating-systems.core.filesystem.open-file-table.q3,SCENARIO,PUBLISHED,HARD,operating-systems.core.filesystem.open-file-table,두 worker가 같은 shared open-file description에서 `seek → read`를 독립 작업처럼 수행한다. 어떤 race가 생길 수 있는가?,MODEL_ANSWER_SUFFICIENT,"하나의 중심 판단으로 수렴해 모델답변·설명으로 직접 대조 가능: “shared offset을 서로 변경해 한 worker의 seek와 다른 worker의 read가 교차할 수 있다. positional I/O나 독립 open handle, 필요한 synchronization으로 offset ownership을 명확히 한다.”",YES_CONTEXT_USED,NO_CONTENT_CHANGE,144,179,0.345
operating-systems,operating-systems.core.filesystem.open-file-table.q4,DESCRIPTIVE,PUBLISHED,MEDIUM,operating-systems.core.filesystem.open-file-table,같은 inode를 가리키는 두 file descriptor가 서로 독립적으로 open되었다면 `offset이 독립적이다`와 `content가 독립적이다` 중 어느 설명이 맞는가? 이유도 설명하라.,MODEL_ANSWER_SUFFICIENT,하나의 중심 판단으로 수렴해 모델답변·설명으로 직접 대조 가능: “별도 open-file description이라면 offset은 독립적일 수 있지만 underlying file content는 같은 object이므로 write 영향은 공유될 수 있다. open stream state와 file object state를 분리해야 한다.”,NOT_APPLICABLE,NO_CONTENT_CHANGE,151,167,0.472
operating-systems,operating-systems.core.filesystem.directory-path.q2,DESCRIPTIVE,PUBLISHED,MEDIUM,operating-systems.core.filesystem.directory-path,`/var/app/a` pathname lookup이 component별로 진행되는 흐름을 설명하라.,MODEL_ANSWER_SUFFICIENT,"하나의 중심 판단으로 수렴해 모델답변·설명으로 직접 대조 가능: “root에서 `var` directory entry를 찾고 그 directory에서 `app`, 다시 `a`를 찾는다. 각 중간 component의 존재, directory 여부, permission과 symlink/mount semantics가 최종 resolution에 영향을 줄 수 있다.”",NOT_APPLICABLE,NO_CONTENT_CHANGE,164,180,0.362
operating-systems,operating-systems.core.filesystem.directory-path.q3,SCENARIO,PUBLISHED,MEDIUM,operating-systems.core.filesystem.directory-path,file의 마지막 pathname을 unlink했는데 process가 열린 fd로 계속 읽을 수 있다. 이 현상을 namespace와 object lifetime으로 설명하라.,MODEL_ANSWER_SUFFICIENT,하나의 중심 판단으로 수렴해 모델답변·설명으로 직접 대조 가능: “unlink는 directory entry라는 이름 연결을 제거한다. 열린 descriptor/reference가 underlying object를 계속 참조하면 object와 data는 해당 reference가 끝날 때까지 유지될 수 있다.”,YES_CONTEXT_USED,NO_CONTENT_CHANGE,135,163,0.535
operating-systems,operating-systems.core.filesystem.inode.q2,DESCRIPTIVE,PUBLISHED,MEDIUM,operating-systems.core.filesystem.inode,`a`와 `b`가 같은 inode의 hard link이고 link count가 2다. `unlink(a)` 직후 `b`로 data를 읽을 수 있는 이유를 설명하라.,MODEL_ANSWER_SUFFICIENT,하나의 중심 판단으로 수렴해 모델답변·설명으로 직접 대조 가능: “a directory entry만 제거되고 b가 같은 inode를 계속 참조하므로 underlying file object와 data block이 유지된다. 이름 하나를 제거한 것과 object lifetime 종료는 다르다.”,NOT_APPLICABLE,NO_CONTENT_CHANGE,126,141,0.350
operating-systems,operating-systems.core.filesystem.inode.q3,SCENARIO,PUBLISHED,HARD,operating-systems.core.filesystem.inode,file을 확장하는 동안 data block은 기록됐지만 inode size/mapping metadata가 crash 전에 durable하지 못했다. 어떤 일관성 문제가 생길 수 있는가?,MODEL_ANSWER_SUFFICIENT,하나의 중심 판단으로 수렴해 모델답변·설명으로 직접 대조 가능: “storage에 data가 존재해도 file metadata가 그 block을 참조하지 못하거나 size가 이전 값으로 남을 수 있다. multi-structure persistent update를 journaling/ordering 등으로 crash-consistent하게 다뤄야 한다.”,YES_CONTEXT_USED,NO_CONTENT_CHANGE,161,164,0.214
operating-systems,operating-systems.core.filesystem.filesystem-block.q3,SCENARIO,PUBLISHED,MEDIUM,operating-systems.core.filesystem.filesystem-block,filesystem block이 4KiB라는 이유만으로 4KiB file write가 power-loss atomic하다고 결론낼 수 없는 이유를 설명하라.,MODEL_ANSWER_SUFFICIENT,"하나의 중심 판단으로 수렴해 모델답변·설명으로 직접 대조 가능: “filesystem allocation unit과 device atomic-write/durability unit은 다른 계층의 계약이다. filesystem, block layer, storage device의 ordering/atomicity 보장을 별도로 확인해야 한다.”",YES_CONTEXT_USED,NO_CONTENT_CHANGE,154,149,0.494
operating-systems,operating-systems.core.filesystem.allocation.q2,DESCRIPTIVE,PUBLISHED,MEDIUM,operating-systems.core.filesystem.allocation,linked allocation과 indexed allocation의 random access trade-off를 설명하라.,MODEL_ANSWER_SUFFICIENT,하나의 중심 판단으로 수렴해 모델답변·설명으로 직접 대조 가능: “linked allocation은 흩어진 block을 유연하게 연결하지만 먼 offset까지 pointer를 따라야 할 수 있다. indexed 방식은 별도 index metadata로 위치 lookup을 빠르게 할 수 있지만 index 공간과 추가 metadata access가 필요하다.”,NOT_APPLICABLE,NO_CONTENT_CHANGE,162,146,0.455
operating-systems,operating-systems.core.filesystem.allocation.q3,SCENARIO,PUBLISHED,HARD,operating-systems.core.filesystem.allocation,free-space bitmap에서는 block을 free로 표시했지만 inode mapping은 여전히 그 block을 참조하는 상태로 crash 후 복구됐다. 어떤 위험이 있는가?,MODEL_ANSWER_SUFFICIENT,하나의 중심 판단으로 수렴해 모델답변·설명으로 직접 대조 가능: “allocator가 같은 block을 다른 file에 재할당할 수 있어 두 file이 동일 block을 참조하는 corruption 위험이 생긴다. allocation metadata와 inode update의 crash 일관성을 보장해야 한다.”,YES_CONTEXT_USED,NO_CONTENT_CHANGE,137,169,0.408
operating-systems,operating-systems.core.filesystem.page-cache.q2,DESCRIPTIVE,PUBLISHED,MEDIUM,operating-systems.core.filesystem.page-cache,buffered write가 page cache의 dirty page에 반영된 상태와 durable storage 완료 상태를 구분하라.,MODEL_ANSWER_SUFFICIENT,하나의 중심 판단으로 수렴해 모델답변·설명으로 직접 대조 가능: “dirty page는 kernel memory에 최신 data가 있어 같은 system에서 읽을 수 있을 수 있지만 아직 storage write-back/flush가 끝나지 않았을 수 있다. crash durability는 별도 경계다.”,NOT_APPLICABLE,NO_CONTENT_CHANGE,133,155,0.480
operating-systems,operating-systems.core.filesystem.page-cache.q3,SCENARIO,PUBLISHED,HARD,operating-systems.core.filesystem.page-cache,대규모 one-time scan 직후 interactive file read 지연 시간과 major fault가 증가했다. page cache 관점에서 가능한 원인과 검증 방법을 설명하라.,MODEL_ANSWER_SUFFICIENT,"하나의 중심 판단으로 수렴해 모델답변·설명으로 직접 대조 가능: “scan이 기존 hot file pages를 cache에서 밀어냈을 수 있다. scan 전후 cache residency, storage read, reclaim/fault와 지연 시간을 비교하고 batch access/concurrency를 조절한다.”",YES_CONTEXT_USED,NO_CONTENT_CHANGE,141,211,0.394
operating-systems,operating-systems.core.filesystem.buffering.q2,DESCRIPTIVE,PUBLISHED,MEDIUM,operating-systems.core.filesystem.buffering,작은 write를 user-space buffer에 모으면 성능이 좋아질 수 있는 이유와 trade-off를 설명하라.,MODEL_ANSWER_SUFFICIENT,하나의 중심 판단으로 수렴해 모델답변·설명으로 직접 대조 가능: “여러 작은 operation을 묶어 syscall/요청 수를 줄일 수 있지만 buffer memory와 flush 지연 시간이 늘고 아직 다음 계층으로 전달되지 않은 data의 실패 semantics를 관리해야 한다.”,NOT_APPLICABLE,NO_CONTENT_CHANGE,121,143,0.560
operating-systems,operating-systems.core.filesystem.buffering.q3,SCENARIO,PUBLISHED,MEDIUM,operating-systems.core.filesystem.buffering,export 작업이 Java writer `flush()` 직후 완료 상태를 기록했지만 machine crash 후 file 내용이 사라졌다. 어떤 durability 경계를 빠뜨렸는가?,MODEL_ANSWER_SUFFICIENT,하나의 중심 판단으로 수렴해 모델답변·설명으로 직접 대조 가능: “library buffer flush와 kernel/filesystem/storage durability를 동일시했다. 요구하는 실패 모델에 맞춰 file sync 및 필요 metadata sync를 별도로 정의해야 한다.”,YES_CONTEXT_USED,NO_CONTENT_CHANGE,124,170,0.331
operating-systems,operating-systems.core.filesystem.write-flush-fsync.q2,DESCRIPTIVE,PUBLISHED,MEDIUM,operating-systems.core.filesystem.write-flush-fsync,`write → library flush → fsync`가 각각 다른 경계인 이유를 설명하라.,MODEL_ANSWER_SUFFICIENT,"하나의 중심 판단으로 수렴해 모델답변·설명으로 직접 대조 가능: “write는 kernel로 bytes를 전달하는 I/O 결과, library flush는 user-space buffering 해소, fsync는 filesystem/storage 쪽 persistence를 요청하는 더 강한 경계다. 정확한 보장은 API와 filesystem/storage 계약을 따라야 한다.”",NOT_APPLICABLE,NO_CONTENT_CHANGE,174,127,0.197
operating-systems,operating-systems.core.filesystem.write-flush-fsync.q3,SCENARIO,PUBLISHED,HARD,operating-systems.core.filesystem.write-flush-fsync,"`temp` file에 새 data를 쓰고 file 자체를 fsync한 뒤 `rename(temp, current)` 직후 crash했다. 요구사항이 '재부팅 후 새 이름도 반드시 보인다'라면 무엇을 추가 검토해야 하는가?",MODEL_ANSWER_SUFFICIENT,하나의 중심 판단으로 수렴해 모델답변·설명으로 직접 대조 가능: “file data durability와 rename/directory metadata durability는 별도일 수 있다. 대상 OS/filesystem에서 directory entry 변경을 crash-durable하게 만드는 sync/ordering 계약을 확인해야 한다.”,YES_CONTEXT_USED,NO_CONTENT_CHANGE,155,183,0.451
operating-systems,operating-systems.core.filesystem.write-flush-fsync.q4,SCENARIO,PUBLISHED,HARD,operating-systems.core.filesystem.write-flush-fsync,모든 log record마다 fsync를 호출하자 처리량과 p99가 크게 악화됐다. correctness를 유지하면서 검토할 수 있는 설계 방향을 설명하라.,MODEL_ANSWER_SUFFICIENT,"하나의 중심 판단으로 수렴해 모델답변·설명으로 직접 대조 가능: “각 record가 개별 durable commit을 요구하는지 먼저 확인하고, 허용된다면 batching/group commit으로 여러 write의 durability 비용을 묶을 수 있다. 단 crash 시 잃을 수 있는 범위와 acknowledgement 시점을 명시해야 한다.”",YES_CONTEXT_USED,NO_CONTENT_CHANGE,158,162,0.406
operating-systems,operating-systems.core.io.device-io-kernel-path.q2,DESCRIPTIVE,PUBLISHED,MEDIUM,operating-systems.core.io.device-io-kernel-path,`read syscall → driver request → DMA/device work → completion notification → task wakeup` 흐름에서 DMA와 interrupt/completion notification의 역할 차이를 설명하라.,MODEL_ANSWER_SUFFICIENT,하나의 중심 판단으로 수렴해 모델답변·설명으로 직접 대조 가능: “DMA는 device와 memory 사이 data transfer를 CPU byte-copy 없이 진행하는 메커니즘이고 interrupt/completion notification은 kernel이 progress/completion을 인지하게 하는 메커니즘이다. 둘을 1:1 동일 사건으로 보지 않는다.”,NOT_APPLICABLE,NO_CONTENT_CHANGE,169,163,0.406
operating-systems,operating-systems.core.io.device-io-kernel-path.q3,SCENARIO,PUBLISHED,HARD,operating-systems.core.io.device-io-kernel-path,storage 요청 지연 시간이 커졌는데 application CPU는 낮고 많은 worker가 I/O wait 상태다. 어떤 계층을 추가로 관찰해야 하는가?,MODEL_ANSWER_SUFFICIENT,"하나의 중심 판단으로 수렴해 모델답변·설명으로 직접 대조 가능: “syscall/device queue 지연 시간, storage queue depth, driver/device completion, page cache와 actual I/O를 함께 본다. CPU 부족보다 kernel/device wait가 병목인지 확인한다.”",YES_CONTEXT_USED,NO_CONTENT_CHANGE,145,188,0.403
operating-systems,operating-systems.core.io.blocking-io.q2,DESCRIPTIVE,PUBLISHED,MEDIUM,operating-systems.core.io.blocking-io,blocking socket read가 4096 byte를 요청했는데 700 byte만 반환했다. 이것이 반드시 오류가 아닌 이유를 설명하라.,MODEL_ANSWER_SUFFICIENT,하나의 중심 판단으로 수렴해 모델답변·설명으로 직접 대조 가능: “stream I/O는 요청한 최대 크기보다 적은 현재 available bytes만 성공 반환할 수 있다. application message가 4096 byte 필요하다면 caller가 partial result를 누적해야 한다.”,NOT_APPLICABLE,NO_CONTENT_CHANGE,129,156,0.427
operating-systems,operating-systems.core.io.blocking-io.q3,SCENARIO,PUBLISHED,HARD,operating-systems.core.io.blocking-io,요청 thread 200개와 DB connection 20개인 server에서 모든 요청이 blocking query를 기다리며 thread pool이 가득 찼다. 병목과 개선 방향을 설명하라.,MODEL_ANSWER_SUFFICIENT,"하나의 중심 판단으로 수렴해 모델답변·설명으로 직접 대조 가능: “실제 concurrent DB progress는 20 connection에 제한되지만 훨씬 많은 thread가 wait resource를 점유한다. downstream capacity에 맞는 concurrency bound, queue/deadline, timeout을 적용하고 thread/connection 상태를 측정한다.”",YES_CONTEXT_USED,NO_CONTENT_CHANGE,183,243,0.377
operating-systems,operating-systems.core.io.non-blocking-io.q2,DESCRIPTIVE,PUBLISHED,MEDIUM,operating-systems.core.io.non-blocking-io,non-blocking read에서 `EAGAIN`을 busy loop로 즉시 재시도하면 어떤 문제가 생기며 readiness API가 어떻게 돕는가?,MODEL_ANSWER_SUFFICIENT,하나의 중심 판단으로 수렴해 모델답변·설명으로 직접 대조 가능: “progress 조건이 없는데 계속 syscall을 반복해 CPU를 낭비할 수 있다. readiness API는 다시 read/write를 시도할 가치가 있는 상태 변화가 생길 때까지 효율적으로 기다리게 한다.”,NOT_APPLICABLE,NO_CONTENT_CHANGE,117,142,0.333
operating-systems,operating-systems.core.io.non-blocking-io.q3,SCENARIO,PUBLISHED,MEDIUM,operating-systems.core.io.non-blocking-io,100KiB 요청 본문 중 현재 8KiB만 도착했고 non-blocking read가 8KiB를 반환했다. connection state에 무엇을 보존해야 하는가?,MODEL_ANSWER_SUFFICIENT,"하나의 중심 판단으로 수렴해 모델답변·설명으로 직접 대조 가능: “읽은 buffer/parse position, 남은 body 길이와 protocol state를 보존하고 이후 readiness에서 계속 읽어야 한다. 첫 read 성공을 요청 본문 완료로 기록하면 안 된다.”",YES_CONTEXT_USED,NO_CONTENT_CHANGE,116,154,0.454
operating-systems,operating-systems.core.io.readiness-vs-completion.q2,DESCRIPTIVE,PUBLISHED,MEDIUM,operating-systems.core.io.readiness-vs-completion,socket readable event가 application-level HTTP 요청 전체 완료를 의미하지 않는 이유를 설명하라.,MODEL_ANSWER_SUFFICIENT,하나의 중심 판단으로 수렴해 모델답변·설명으로 직접 대조 가능: “readiness는 현재 일부 bytes를 읽을 수 있다는 상태일 뿐이고 요청 line/header/body 전체가 모두 도착했다는 보장은 아니다. 실제 read와 protocol parser가 message completeness를 판단한다.”,NOT_APPLICABLE,NO_CONTENT_CHANGE,136,149,0.294
operating-systems,operating-systems.core.io.readiness-vs-completion.q3,SCENARIO,PUBLISHED,MEDIUM,operating-systems.core.io.readiness-vs-completion,async read completion이 4096 bytes로 왔지만 protocol frame 길이는 12000 bytes다. completion을 요청 완료로 처리하면 왜 틀리는가?,MODEL_ANSWER_SUFFICIENT,하나의 중심 판단으로 수렴해 모델답변·설명으로 직접 대조 가능: “completion은 제출한 한 read operation의 결과이지 application frame 전체 완료가 아니다. accumulated byte count와 parser state를 확인해 필요한 추가 read를 제출해야 한다.”,YES_CONTEXT_USED,NO_CONTENT_CHANGE,132,139,0.541
operating-systems,operating-systems.core.io.select-poll.q2,DESCRIPTIVE,PUBLISHED,MEDIUM,operating-systems.core.io.select-poll,"10,000 fd 중 매 순간 5개만 active한 workload에서 poll-style full-set 처리가 부담될 수 있는 이유를 설명하라.",MODEL_ANSWER_SUFFICIENT,하나의 중심 판단으로 수렴해 모델답변·설명으로 직접 대조 가능: “wait마다 큰 관심 배열을 전달/검사하고 caller가 결과를 scan해야 할 수 있어 실제 ready 수보다 total watched fd 수의 관리 비용이 커질 수 있다.”,NOT_APPLICABLE,NO_CONTENT_CHANGE,98,169,0.322
operating-systems,operating-systems.core.io.select-poll.q3,SCENARIO,PUBLISHED,HARD,operating-systems.core.io.select-poll,poll이 readable이라고 반환한 직후 다른 thread가 같은 socket data를 먼저 소비했다. event-loop 코드가 blocking read를 수행하면 어떤 위험이 있는가?,MODEL_ANSWER_SUFFICIENT,하나의 중심 판단으로 수렴해 모델답변·설명으로 직접 대조 가능: “readiness 상태가 바뀌어 read가 다시 기다릴 수 있으므로 event loop가 block될 수 있다. non-blocking fd와 EAGAIN 처리를 사용해 readiness를 힌트/상태로 다룬다.”,YES_CONTEXT_USED,NO_CONTENT_CHANGE,117,179,0.438
operating-systems,operating-systems.core.io.epoll.q2,DESCRIPTIVE,PUBLISHED,MEDIUM,operating-systems.core.io.epoll,edge-triggered epoll에서 socket에 16KiB가 있는데 4KiB만 읽고 다시 event를 기다리는 구현이 멈출 수 있는 이유를 설명하라.,MODEL_ANSWER_SUFFICIENT,하나의 중심 판단으로 수렴해 모델답변·설명으로 직접 대조 가능: “남은 data가 계속 readable state여도 새 상태 변화 edge가 생기지 않을 수 있다. non-blocking read를 EAGAIN까지 drain하고 connection parser state를 유지해야 한다.”,NOT_APPLICABLE,NO_CONTENT_CHANGE,125,146,0.411
operating-systems,operating-systems.core.io.epoll.q3,SCENARIO,PUBLISHED,HARD,operating-systems.core.io.epoll,"event-loop handler의 상태는 다음과 같다.

- Connection A: handler가 500ms blocking DB query를 실행한다.
- Connection B/C: 이미 ready event가 있지만 같은 event loop가 처리한다.

질문: B/C의 p99 지연 시간도 함께 올라간 이유를 설명하라.",MODEL_ANSWER_SUFFICIENT,하나의 중심 판단으로 수렴해 모델답변·설명으로 직접 대조 가능: “epoll이 준비된 fd를 알려줘도 실제 handler는 event-loop thread가 실행한다. 그 thread가 blocking되면 같은 loop가 담당하는 다른 ready event 처리가 지연된다. blocking work를 적절히 분리해야 한다.”,YES_CONTEXT_USED,NO_CONTENT_CHANGE,144,193,0.351
operating-systems,operating-systems.core.io.epoll.q4,DESCRIPTIVE,PUBLISHED,MEDIUM,operating-systems.core.io.epoll,epoll을 사용한다는 사실만으로 요청 처리 complexity가 connection 수와 무관한 `O(1)`이라고 말할 수 없는 이유는?,MODEL_ANSWER_SUFFICIENT,"하나의 중심 판단으로 수렴해 모델답변·설명으로 직접 대조 가능: “registration, ready-list/wakeup, event processing, application protocol parsing과 handler 비용이 존재하며 kernel implementation/workload에 따라 달라진다. epoll은 full-set scan 문제를 줄이는 readiness facility이지…”",NOT_APPLICABLE,NO_CONTENT_CHANGE,213,174,0.329
operating-systems,operating-systems.core.io.async-io.q2,DESCRIPTIVE,PUBLISHED,MEDIUM,operating-systems.core.io.async-io,async read를 제출한 직후 destination buffer를 다른 용도로 덮어쓰면 안 될 수 있는 이유를 설명하라.,MODEL_ANSWER_SUFFICIENT,하나의 중심 판단으로 수렴해 모델답변·설명으로 직접 대조 가능: “API/runtime에 따라 outstanding operation이 completion까지 해당 buffer를 참조할 수 있다. buffer lifetime/ownership 계약을 지키지 않으면 data corruption이나 잘못된 result가 생길 수 있다.”,NOT_APPLICABLE,NO_CONTENT_CHANGE,149,172,0.335
operating-systems,operating-systems.core.io.async-io.q3,SCENARIO,PUBLISHED,HARD,operating-systems.core.io.async-io,"device가 초당 5,000 operation만 처리하는데 application이 초당 50,000 async 요청을 무제한 submit한다. 어떤 실패 경로를 예상하는가?",MODEL_ANSWER_SUFFICIENT,하나의 중심 판단으로 수렴해 모델답변·설명으로 직접 대조 가능: “outstanding queue와 buffer memory가 쌓이고 completion 지연 시간이 폭증할 수 있다. max in-flight/queue depth/admission control로 submission rate를 downstream completion capacity에 맞춰야 한다.”,YES_CONTEXT_USED,NO_CONTENT_CHANGE,167,198,0.296
operating-systems,operating-systems.core.io.async-io.q4,DESCRIPTIVE,PUBLISHED,HARD,operating-systems.core.io.async-io,Future timeout이 발생했다고 underlying async I/O도 반드시 중단됐다고 보면 안 되는 이유는?,MODEL_ANSWER_SUFFICIENT,하나의 중심 판단으로 수렴해 모델답변·설명으로 직접 대조 가능: “future/result 사용 포기와 kernel/device operation cancellation은 다른 상태다. cancellation API가 race에서 실패하거나 이미 완료됐을 수 있으므로 completion/resource cleanup을 별도로 처리해야 한다.”,NOT_APPLICABLE,NO_CONTENT_CHANGE,154,200,0.580
operating-systems,operating-systems.core.io.mmap.q2,DESCRIPTIVE,PUBLISHED,MEDIUM,operating-systems.core.io.mmap,MAP_PRIVATE와 MAP_SHARED file mapping의 write 의미를 비교하라.,STRUCTURED_CRITERIA_USEFUL,MAP_PRIVATE write-on-write COW and non-persistence | MAP_SHARED backing content visibility | shared mapping synchronization/durability contracts,NOT_APPLICABLE,NO_CONTENT_CHANGE,173,180,0.683
operating-systems,operating-systems.core.io.mmap.q3,SCENARIO,PUBLISHED,HARD,operating-systems.core.io.mmap,mmap 기반 read-only index가 warm 상태에서는 빠르지만 재시작 직후 p99가 높다. 어떤 OS-level 비용을 의심하고 무엇을 측정할 것인가?,MODEL_ANSWER_SUFFICIENT,"하나의 중심 판단으로 수렴해 모델답변·설명으로 직접 대조 가능: “first-touch page fault와 file page-in/readahead를 의심한다. major/minor faults, storage reads, resident set, access locality와 cold/warm 지연 시간을 함께 측정한다.”",YES_CONTEXT_USED,NO_CONTENT_CHANGE,145,183,0.515
operating-systems,operating-systems.core.io.sendfile-zero-copy.q2,DESCRIPTIVE,PUBLISHED,MEDIUM,operating-systems.core.io.sendfile-zero-copy,sendfile을 '물리적 copy가 항상 0번'이라고 설명하면 안 되는 이유를 설명하라.,MODEL_ANSWER_SUFFICIENT,"하나의 중심 판단으로 수렴해 모델답변·설명으로 직접 대조 가능: “zero-copy는 특정 user/kernel data path의 불필요한 CPU memory copy를 줄인다는 표현이다. device DMA, kernel internals, filesystem/network stack과 offload에 따라 실제 transfer/copy path가 달라질 수 있다.”",NOT_APPLICABLE,NO_CONTENT_CHANGE,170,152,0.414
operating-systems,operating-systems.core.io.sendfile-zero-copy.q3,SCENARIO,PUBLISHED,MEDIUM,operating-systems.core.io.sendfile-zero-copy,1MiB를 보내려 했는데 non-blocking sendfile이 256KiB 성공 반환했다. application은 남은 상태를 어떻게 처리해야 하는가?,MODEL_ANSWER_SUFFICIENT,하나의 중심 판단으로 수렴해 모델답변·설명으로 직접 대조 가능: “partial transfer이므로 file offset/남은 768KiB를 보존하고 output이 다시 writable할 때 계속 전송해야 한다. 최종 byte 수가 완료되기 전에 응답 완료로 기록하면 안 된다.”,YES_CONTEXT_USED,NO_CONTENT_CHANGE,119,127,0.418
operating-systems,operating-systems.core.io.sendfile-zero-copy.q4,DESCRIPTIVE,PUBLISHED,MEDIUM,operating-systems.core.io.sendfile-zero-copy,파일을 그대로 전달하는 다운로드와 bytes를 동적으로 압축·변환하는 응답에서 sendfile 후보 적합성이 다른 이유를 설명하라.,MODEL_ANSWER_SUFFICIENT,하나의 중심 판단으로 수렴해 모델답변·설명으로 직접 대조 가능: “완성된 file을 그대로 전송하면 application이 content를 user space에서 처리할 필요가 적어 optimized kernel transfer가 적합할 수 있다. 변환이 필요하면 application/runtime가 bytes를 처리해야 하므로 같은 path를 그대로 사용할 수 없을 수 있다.”,NOT_APPLICABLE,NO_CONTENT_CHANGE,175,162,0.375
operating-systems,operating-systems.core.ipc.pipe.q2,DESCRIPTIVE,PUBLISHED,MEDIUM,operating-systems.core.ipc.pipe,pipe에서 EOF가 관찰되는 조건을 설명하라.,MODEL_ANSWER_SUFFICIENT,하나의 중심 판단으로 수렴해 모델답변·설명으로 직접 대조 가능: “해당 pipe의 모든 write-end reference가 닫혀 더 이상 data를 쓸 수 없다고 kernel이 판단할 때 reader가 EOF를 관찰한다. parent나 상속된 process가 write end를 열어 두면 실제 producer가 끝나도 EOF가 지연될 수 있다.”,NOT_APPLICABLE,NO_CONTENT_CHANGE,157,152,0.343
operating-systems,operating-systems.core.ipc.pipe.q3,SCENARIO,PUBLISHED,MEDIUM,operating-systems.core.ipc.pipe,parent가 pipe write end를 닫지 않아 child reader가 계속 block되는 이유를 설명하라.,MODEL_ANSWER_SUFFICIENT,하나의 중심 판단으로 수렴해 모델답변·설명으로 직접 대조 가능: “kernel은 아직 write end가 존재하므로 future data가 올 수 있다고 본다. 각 process가 사용하지 않는 pipe end를 즉시 닫아 EOF와 backpressure를 올바르게 만든다.”,YES_CONTEXT_USED,NO_CONTENT_CHANGE,116,146,0.271
operating-systems,operating-systems.core.ipc.signal.q2,DESCRIPTIVE,PUBLISHED,MEDIUM,operating-systems.core.ipc.signal,signal handler에서 복잡한 작업을 바로 수행하면 안 되는 이유를 설명하라.,MODEL_ANSWER_SUFFICIENT,하나의 중심 판단으로 수렴해 모델답변·설명으로 직접 대조 가능: “handler는 정상 instruction flow를 비동기적으로 중단한 시점에 실행될 수 있고 모든 호출이 async-signal-safe하지 않다. lock·memory allocation·logger 같은 작업은 reentrancy나 deadlock을 만들 수 있으므로 작은 flag 설정 뒤 정상 흐름에서 처리하는 편이 안전하다.”,NOT_APPLICABLE,NO_CONTENT_CHANGE,188,159,0.493
operating-systems,operating-systems.core.ipc.signal.q3,SCENARIO,PUBLISHED,MEDIUM,operating-systems.core.ipc.signal,signal을 queue처럼 사용해 모든 event payload를 전달하려는 설계의 한계를 설명하라.,MODEL_ANSWER_SUFFICIENT,하나의 중심 판단으로 수렴해 모델답변·설명으로 직접 대조 가능: “signal은 coalescing·순서·payload 제한이 있어 event를 잃거나 중복 처리할 수 있다. pipe·message queue와 durable event log를 목적에 맞게 사용한다.”,YES_CONTEXT_USED,NO_CONTENT_CHANGE,112,161,0.342
operating-systems,operating-systems.core.ipc.shared-memory.q2,DESCRIPTIVE,PUBLISHED,MEDIUM,operating-systems.core.ipc.shared-memory,shared memory가 빠르지만 synchronization을 별도로 요구하는 이유를 설명하라.,MODEL_ANSWER_SUFFICIENT,하나의 중심 판단으로 수렴해 모델답변·설명으로 직접 대조 가능: “같은 physical page를 두 process가 직접 읽고 써도 update 순서와 memory visibility는 자동으로 정해지지 않는다. mutex·semaphore·atomic protocol을 함께 설계한다.”,NOT_APPLICABLE,NO_CONTENT_CHANGE,124,129,0.396
operating-systems,operating-systems.core.ipc.shared-memory.q3,SCENARIO,PUBLISHED,HARD,operating-systems.core.ipc.shared-memory,공유 ring buffer가 producer와 consumer의 속도 차이에서 data를 덮어쓰는 문제를 해결하라.,STRUCTURED_CRITERIA_USEFUL,producer/consumer head-tail full/empty invariant | atomic synchronization of slot ownership | capacity backpressure and crash stale-owner recovery,YES_CONTEXT_USED,NO_CONTENT_CHANGE,119,179,0.398
operating-systems,operating-systems.core.ipc.message-queue.q2,DESCRIPTIVE,PUBLISHED,MEDIUM,operating-systems.core.ipc.message-queue,message queue와 pipe의 payload semantics 차이를 설명하라.,STRUCTURED_CRITERIA_USEFUL,queue API preserves discrete message boundaries | pipe is byte stream and needs separate framing/parser,NOT_APPLICABLE,NO_CONTENT_CHANGE,151,138,0.530
operating-systems,operating-systems.core.ipc.message-queue.q3,SCENARIO,PUBLISHED,MEDIUM,operating-systems.core.ipc.message-queue,message queue가 가득 찬 뒤 producer가 무한히 block되는 service의 backpressure를 개선하라.,MODEL_ANSWER_SUFFICIENT,하나의 중심 판단으로 수렴해 모델답변·설명으로 직접 대조 가능: “bounded queue가 downstream capacity를 드러낸다. timeout·reject·dead-letter·retry 정책을 명시하고 producer가 queue 압력을 관측하게 한다.”,YES_CONTEXT_USED,NO_CONTENT_CHANGE,112,159,0.282
operating-systems,operating-systems.core.ipc.unix-domain-socket.q2,DESCRIPTIVE,PUBLISHED,MEDIUM,operating-systems.core.ipc.unix-domain-socket,Unix-domain socket이 TCP loopback과 비교해 가질 수 있는 이점을 설명하라.,MODEL_ANSWER_SUFFICIENT,"하나의 중심 판단으로 수렴해 모델답변·설명으로 직접 대조 가능: “같은 host 범위에서 local endpoint namespace와 peer credential을 활용하고 IP routing을 거치지 않아 일부 network protocol/address overhead를 줄일 수 있다. 하지만 stream framing, lifecycle, permission과 실제 workload 성능은…”",NOT_APPLICABLE,NO_CONTENT_CHANGE,198,170,0.523
operating-systems,operating-systems.core.ipc.unix-domain-socket.q3,SCENARIO,PUBLISHED,HARD,operating-systems.core.ipc.unix-domain-socket,socket path permission을 검사하지 않고 local admin service를 열었을 때 생기는 보안 문제를 설명하라.,MODEL_ANSWER_SUFFICIENT,하나의 중심 판단으로 수렴해 모델답변·설명으로 직접 대조 가능: “같은 host의 권한 없는 process가 command를 주입하거나 민감한 응답을 읽을 수 있다. path·owner·mode와 peer credential을 함께 검증한다.”,YES_CONTEXT_USED,NO_CONTENT_CHANGE,98,161,0.238
operating-systems,operating-systems.core.ipc.network-socket-ipc.q2,DESCRIPTIVE,PUBLISHED,MEDIUM,operating-systems.core.ipc.network-socket-ipc,process 간 socket protocol에서 message framing이 필요한 이유를 설명하라.,MODEL_ANSWER_SUFFICIENT,"하나의 중심 판단으로 수렴해 모델답변·설명으로 직접 대조 가능: “stream socket의 read는 write 호출 단위와 무관하게 임의 크기로 반환될 수 있다. 따라서 length prefix, delimiter, fixed-size record 같은 규칙으로 bytes를 application message 경계로 복원해야 한다.”",NOT_APPLICABLE,NO_CONTENT_CHANGE,151,152,0.453
operating-systems,operating-systems.core.ipc.network-socket-ipc.q3,SCENARIO,PUBLISHED,HARD,operating-systems.core.ipc.network-socket-ipc,local client가 연결된 뒤 서버가 중간에 재시작될 수 있는 socket IPC의 오류 처리를 설명하라.,MODEL_ANSWER_SUFFICIENT,"하나의 중심 판단으로 수렴해 모델답변·설명으로 직접 대조 가능: “연결 단절·partial write·중복 retry를 정상 실패로 모델링한다. 요청 id와 idempotency, reconnect backoff로 재시작 후 중복 처리를 막는다.”",YES_CONTEXT_USED,NO_CONTENT_CHANGE,100,144,0.190
operating-systems,operating-systems.core.ipc.ipc-tradeoff.q2,DESCRIPTIVE,PUBLISHED,MEDIUM,operating-systems.core.ipc.ipc-tradeoff,shared memory와 socket을 고를 때 isolation과 copy 비용을 비교하라.,STRUCTURED_CRITERIA_USEFUL,shared memory low-copy latency with shared crash/race synchronization | socket isolation/serialization and process boundary,NOT_APPLICABLE,NO_CONTENT_CHANGE,122,164,0.443
operating-systems,operating-systems.core.ipc.ipc-tradeoff.q3,SCENARIO,PUBLISHED,HARD,operating-systems.core.ipc.ipc-tradeoff,대용량 local content를 가장 빠르게 전달하려 shared memory를 택했지만 producer crash가 consumer state를 망가뜨리는 문제를 조정하라.,MODEL_ANSWER_SUFFICIENT,하나의 중심 판단으로 수렴해 모델답변·설명으로 직접 대조 가능: “copy 최적화가 ownership·recovery 비용을 키웠다. process 격리와 재생 가능한 message 또는 crash-safe ring protocol을 사용하고 실제 처리량과 recovery를 함께 평가한다.”,YES_CONTEXT_USED,NO_CONTENT_CHANGE,125,218,0.266
operating-systems,operating-systems.core.isolation.process-isolation.q2,DESCRIPTIVE,PUBLISHED,MEDIUM,operating-systems.core.isolation.process-isolation,process isolation이 thread isolation보다 강한 이유를 설명하라.,MODEL_ANSWER_SUFFICIENT,하나의 중심 판단으로 수렴해 모델답변·설명으로 직접 대조 가능: “별도 process는 virtual address space와 kernel access check를 분리하므로 한 process의 잘못된 user-memory access가 다른 process를 직접 덮지 못한다. thread는 같은 process의 heap·global state를 공유하므로 같은 오류가 다른 thread에 바로…”,NOT_APPLICABLE,NO_CONTENT_CHANGE,195,153,0.290
operating-systems,operating-systems.core.isolation.process-isolation.q3,SCENARIO,PUBLISHED,HARD,operating-systems.core.isolation.process-isolation,plugin을 host process에 동적 library로 로드했을 때 isolation이 약해지는 이유와 대안을 설명하라.,MODEL_ANSWER_SUFFICIENT,하나의 중심 판단으로 수렴해 모델답변·설명으로 직접 대조 가능: “같은 address space와 권한을 공유해 pointer·global state·crash가 host를 훼손할 수 있다. 별도 process와 제한된 IPC 또는 sandbox를 사용한다.”,YES_CONTEXT_USED,NO_CONTENT_CHANGE,107,169,0.338
operating-systems,operating-systems.core.isolation.user-group-permission.q2,DESCRIPTIVE,PUBLISHED,MEDIUM,operating-systems.core.isolation.user-group-permission,least privilege가 file access에 적용되는 방법을 설명하라.,MODEL_ANSWER_SUFFICIENT,"하나의 중심 판단으로 수렴해 모델답변·설명으로 직접 대조 가능: “process에 실제로 필요한 user/group identity와 read·write·execute 권한만 부여하고 나머지 path/object 접근은 거부한다. directory traversal 권한, supplementary group, mount와 ACL/capability 같은 추가 정책도 함께 확인해 권한을 넓히는 대신…”",NOT_APPLICABLE,NO_CONTENT_CHANGE,207,153,0.367
operating-systems,operating-systems.core.isolation.user-group-permission.q3,SCENARIO,PUBLISHED,MEDIUM,operating-systems.core.isolation.user-group-permission,service가 모든 file을 777로 만들어 동작하게 한 배포의 위험을 설명하라.,MODEL_ANSWER_SUFFICIENT,하나의 중심 판단으로 수렴해 모델답변·설명으로 직접 대조 가능: “임의 user와 process가 content를 변조하거나 실행해 권한 상승이 가능하다. owner·group·mode를 최소 권한으로 설정하고 실패 원인을 별도 수정한다.”,YES_CONTEXT_USED,NO_CONTENT_CHANGE,96,143,0.270
operating-systems,operating-systems.core.isolation.namespace.q2,DESCRIPTIVE,PUBLISHED,MEDIUM,operating-systems.core.isolation.namespace,PID namespace 안의 process가 host PID를 그대로 보지 않는 이유를 설명하라.,MODEL_ANSWER_SUFFICIENT,"하나의 중심 판단으로 수렴해 모델답변·설명으로 직접 대조 가능: “Linux PID namespace가 process identifier와 process tree view를 namespace별로 virtualize하기 때문이다. 같은 process가 namespace 내부와 host에서 서로 다른 PID로 관찰될 수 있지만, 이것이 CPU·memory capacity를 제한하거나 별도 kernel을…”",NOT_APPLICABLE,NO_CONTENT_CHANGE,200,145,0.391
operating-systems,operating-systems.core.isolation.namespace.q3,SCENARIO,PUBLISHED,HARD,operating-systems.core.isolation.namespace,mount namespace만 분리하고 host path를 writable로 bind mount한 container의 위험을 설명하라.,MODEL_ANSWER_SUFFICIENT,하나의 중심 판단으로 수렴해 모델답변·설명으로 직접 대조 가능: “view는 분리되어도 공유 writable mount를 통해 host file을 수정할 수 있다. mount source·read-only·propagation과 권한을 함께 제한한다.”,YES_CONTEXT_USED,NO_CONTENT_CHANGE,103,144,0.305
operating-systems,operating-systems.core.isolation.cgroup.q2,DESCRIPTIVE,PUBLISHED,MEDIUM,operating-systems.core.isolation.cgroup,namespace와 cgroup의 책임 차이를 설명하라.,STRUCTURED_CRITERIA_USEFUL,namespace resource visibility/name isolation | cgroup usage accounting and capacity/quota enforcement,NOT_APPLICABLE,NO_CONTENT_CHANGE,194,109,0.225
operating-systems,operating-systems.core.isolation.cgroup.q3,SCENARIO,PUBLISHED,MEDIUM,operating-systems.core.isolation.cgroup,container가 host memory를 모두 소비해 다른 서비스가 죽는 문제를 cgroup으로 완화하라.,MODEL_ANSWER_SUFFICIENT,하나의 중심 판단으로 수렴해 모델답변·설명으로 직접 대조 가능: “container process를 memory cgroup에 넣어 hard limit·reclaim·OOM policy를 적용하고 usage를 관찰한다. limit 초과 시 해당 workload만 실패하게 한다.”,YES_CONTEXT_USED,NO_CONTENT_CHANGE,118,168,0.226
operating-systems,operating-systems.core.isolation.resource-limit.q2,DESCRIPTIVE,PUBLISHED,MEDIUM,operating-systems.core.isolation.resource-limit,limit과 quota의 차이를 설명하라.,STRUCTURED_CRITERIA_USEFUL,limit as maximum simultaneous/total resource bound | quota as allocated budget over scope/period | rlimit/CPU/memory/disk enforcement and overrun differences,NOT_APPLICABLE,NO_CONTENT_CHANGE,190,122,0.335
operating-systems,operating-systems.core.isolation.resource-limit.q3,SCENARIO,PUBLISHED,MEDIUM,operating-systems.core.isolation.resource-limit,file descriptor limit을 올리는 것만으로 connection leak 문제를 해결할 수 없는 이유를 설명하라.,MODEL_ANSWER_SUFFICIENT,하나의 중심 판단으로 수렴해 모델답변·설명으로 직접 대조 가능: “상한을 높이면 고갈 시점만 늦추고 leak은 남는다. close ownership·pool timeout·usage metric과 bounded limit을 함께 고친다.”,YES_CONTEXT_USED,NO_CONTENT_CHANGE,95,138,0.346
operating-systems,operating-systems.core.isolation.container-process-model.q2,DESCRIPTIVE,PUBLISHED,MEDIUM,operating-systems.core.isolation.container-process-model,container 안의 PID 1이 특별한 책임을 가질 수 있는 이유를 설명하라.,MODEL_ANSWER_SUFFICIENT,"하나의 중심 판단으로 수렴해 모델답변·설명으로 직접 대조 가능: “namespace 안에서 초기 process이자 PID 1 역할을 하므로 signal을 child에게 전달하고 orphan child를 reap하는 책임을 가질 수 있다. 이를 구현하지 않으면 graceful shutdown, zombie 정리와 child lifecycle이 깨질 수 있다.”",NOT_APPLICABLE,NO_CONTENT_CHANGE,163,188,0.340
operating-systems,operating-systems.core.isolation.container-process-model.q3,SCENARIO,PUBLISHED,MEDIUM,operating-systems.core.isolation.container-process-model,main process가 종료했는데 container 안의 child cleanup이 누락되는 문제를 분석하라.,MODEL_ANSWER_SUFFICIENT,"하나의 중심 판단으로 수렴해 모델답변·설명으로 직접 대조 가능: “container lifecycle과 PID 1의 signal·reap 책임을 구현하지 않은 것이다. graceful shutdown, child reaping, timeout kill을 명시한다.”",YES_CONTEXT_USED,NO_CONTENT_CHANGE,110,158,0.509
operating-systems,operating-systems.core.isolation.host-kernel-sharing.q2,DESCRIPTIVE,PUBLISHED,MEDIUM,operating-systems.core.isolation.host-kernel-sharing,host kernel sharing이 VM과 다른 보안 경계를 만드는 이유를 설명하라.,MODEL_ANSWER_SUFFICIENT,하나의 중심 판단으로 수렴해 모델답변·설명으로 직접 대조 가능: “container는 kernel syscall surface와 kernel vulnerability를 공유해 isolation이 kernel boundary에 의존한다. VM은 guest kernel 경계를 추가하지만 더 큰 overhead가 있다.”,NOT_APPLICABLE,NO_CONTENT_CHANGE,139,149,0.527
operating-systems,operating-systems.core.isolation.host-kernel-sharing.q3,SCENARIO,PUBLISHED,HARD,operating-systems.core.isolation.host-kernel-sharing,container에 host kernel 특권 capability를 광범위하게 부여한 배포의 위험을 설명하라.,MODEL_ANSWER_SUFFICIENT,하나의 중심 판단으로 수렴해 모델답변·설명으로 직접 대조 가능: “process가 namespace 밖 resource나 kernel operation에 접근해 host compromise로 이어질 수 있다. capability·seccomp·read-only mount를 최소화하고 강한 격리가 필요하면 VM을 사용한다.”,YES_CONTEXT_USED,NO_CONTENT_CHANGE,143,172,0.278
operating-systems,operating-systems.core.kernel-boundary.os-resource-manager.q2,DESCRIPTIVE,PUBLISHED,MEDIUM,operating-systems.core.kernel-boundary.os-resource-manager,`Spring thread pool → Java thread → scheduler → CPU core` 흐름에서 application policy와 OS resource-management 책임을 구분해 설명하라.,MODEL_ANSWER_SUFFICIENT,하나의 중심 판단으로 수렴해 모델답변·설명으로 직접 대조 가능: “Thread pool size는 application이 동시에 수행할 작업 수를 제한하는 정책이다. Java thread의 실제 CPU 실행 기회는 JVM/runtime 아래에서 OS scheduler가 runnable task들과 CPU core를 조정해 제공한다. Pool size가 CPU core를 직접 소유하거나 생성하는 것은…”,NOT_APPLICABLE,NO_CONTENT_CHANGE,192,169,0.303
operating-systems,operating-systems.core.kernel-boundary.os-resource-manager.q3,SCENARIO,PUBLISHED,HARD,operating-systems.core.kernel-boundary.os-resource-manager,한 backend process가 file descriptor를 계속 열고 닫지 않아 결국 새 socket을 만들지 못한다. 이 문제를 `resource allocation → protection/limit → reclamation` 관점에서 분석하라.,STRUCTURED_CRITERIA_USEFUL,kernel-assigned per-process descriptor resource | protection/limit boundary | close/lifecycle reclamation and limit-only mitigation ceiling,YES_CONTEXT_USED,NO_CONTENT_CHANGE,285,229,0.405
operating-systems,operating-systems.core.kernel-boundary.os-resource-manager.q4,DESCRIPTIVE,PUBLISHED,MEDIUM,operating-systems.core.kernel-boundary.os-resource-manager,요청 지연 시간 500 ms 중 Java CPU 실행은 25 ms이고 나머지는 scheduler 대기와 I/O wait가 대부분이었다. CPU 연산 최적화만으로 전체 지연 시간이 크게 줄기 어려운 이유를 설명하라.,MODEL_ANSWER_SUFFICIENT,하나의 중심 판단으로 수렴해 모델답변·설명으로 직접 대조 가능: “Elapsed 지연 시간에는 application이 CPU에서 실제 실행한 시간뿐 아니라 OS scheduler가 실행 기회를 주지 않은 시간과 I/O completion을 기다린 시간이 포함된다. CPU work 25 ms만 줄여서는 나머지 wait가 그대로이므로 종단 간 지연 시간 개선 상한이 작다.”,NOT_APPLICABLE,NO_CONTENT_CHANGE,170,172,0.458
operating-systems,operating-systems.core.kernel-boundary.user-kernel-mode.q3,DESCRIPTIVE,PUBLISHED,MEDIUM,operating-systems.core.kernel-boundary.user-kernel-mode,Java code가 socket read를 호출하는 흐름을 `Java/JVM → OS → hardware` 층으로 설명하라.,MODEL_ANSWER_SUFFICIENT,하나의 중심 판단으로 수렴해 모델답변·설명으로 직접 대조 가능: “Java API는 JVM/native runtime의 구현을 거쳐 필요할 때 system-call interface로 kernel에 I/O를 요청한다. Kernel network stack과 driver가 NIC 등 hardware resource를 다룬다. Java process가 NIC register를 직접 제어하는 구조가 아니다.”,NOT_APPLICABLE,NO_CONTENT_CHANGE,189,217,0.402
operating-systems,operating-systems.core.kernel-boundary.user-kernel-mode.q4,SCENARIO,PUBLISHED,MEDIUM,operating-systems.core.kernel-boundary.user-kernel-mode,User process가 임의의 kernel 주소로 jump하기만 하면 kernel privilege를 얻을 수 있는 CPU를 가정하자. Process isolation에 어떤 문제가 생기는가?,MODEL_ANSWER_SUFFICIENT,"하나의 중심 판단으로 수렴해 모델답변·설명으로 직접 대조 가능: “Controlled entry가 무너지면 application이 kernel code/state에 임의로 진입해 높은 privilege operation을 실행할 수 있으므로 다른 process memory와 device, kernel state를 보호할 수 없다. CPU privilege mechanism은 정해진 entry와…”",YES_CONTEXT_USED,NO_CONTENT_CHANGE,205,225,0.329
operating-systems,operating-systems.core.kernel-boundary.privilege-protection.q2,DESCRIPTIVE,PUBLISHED,MEDIUM,operating-systems.core.kernel-boundary.privilege-protection,왜 `present bit` 같은 특정 PTE 이름을 모든 architecture의 공통 memory-protection 계약처럼 설명하면 안 되는가?,MODEL_ANSWER_SUFFICIENT,"하나의 중심 판단으로 수렴해 모델답변·설명으로 직접 대조 가능: “Page-table entry의 bit 이름과 semantics는 architecture별로 다를 수 있다. 일반 개념에서는 mapping/translation과 read-write-execute permission 같은 역할을 설명하고, present/valid/accessed 등 구체 bit는 특정 ISA/OS 구현 범위를 명시해야…”",NOT_APPLICABLE,NO_CONTENT_CHANGE,192,162,0.293
operating-systems,operating-systems.core.kernel-boundary.privilege-protection.q3,DESCRIPTIVE,PUBLISHED,MEDIUM,operating-systems.core.kernel-boundary.privilege-protection,"System call이 `(userPointer, length)`를 받는다. Kernel이 최소한 어떤 종류의 입력 검증을 해야 하는지 설명하라.",STRUCTURED_CRITERIA_USEFUL,user pointer range/ownership check | direction-specific permission check | address+length overflow validation,NOT_APPLICABLE,NO_CONTENT_CHANGE,171,163,0.432
operating-systems,operating-systems.core.kernel-boundary.privilege-protection.q4,SCENARIO,PUBLISHED,HARD,operating-systems.core.kernel-boundary.privilege-protection,HTTP `ADMIN` role 검사는 통과했지만 Linux process가 `/etc/secret`을 읽을 OS permission은 없다. 요청 결과와 두 permission 층의 관계를 설명하라.,MODEL_ANSWER_SUFFICIENT,하나의 중심 판단으로 수렴해 모델답변·설명으로 직접 대조 가능: “Application authorization과 OS file permission은 독립된 층이다. ADMIN role이 business policy를 통과시켜도 process UID/GID/capability가 file access를 허용하지 않으면 OS에서 거부될 수 있다. 반대 방향으로 OS access 가능성이…”,YES_CONTEXT_USED,NO_CONTENT_CHANGE,216,201,0.393
operating-systems,operating-systems.core.kernel-boundary.system-call.q2,DESCRIPTIVE,PUBLISHED,MEDIUM,operating-systems.core.kernel-boundary.system-call,Library function 호출 수와 system call 수가 1:1이라고 볼 수 없는 이유를 설명하라.,MODEL_ANSWER_SUFFICIENT,"하나의 중심 판단으로 수렴해 모델답변·설명으로 직접 대조 가능: “일부 library function은 user space에서만 실행되고, buffering은 여러 library call을 하나의 syscall로 모을 수 있으며, 하나의 고수준 API가 여러 syscall을 사용할 수도 있다. Library abstraction과 kernel interface 단위는 다르다.”",NOT_APPLICABLE,NO_CONTENT_CHANGE,174,216,0.457
operating-systems,operating-systems.core.kernel-boundary.system-call.q3,DESCRIPTIVE,PUBLISHED,MEDIUM,operating-systems.core.kernel-boundary.system-call,"`read(fd, buf, 4096)`이 정상적으로 1024를 반환했다. 반드시 오류인가? 이유를 설명하라.",MODEL_ANSWER_SUFFICIENT,하나의 중심 판단으로 수렴해 모델답변·설명으로 직접 대조 가능: “반드시 오류는 아니다. I/O interface는 요청한 길이보다 적은 partial result를 정상적으로 반환할 수 있다. Caller는 return value를 확인해 실제 처리된 byte 수와 EOF/error contract를 구분해야 한다.”,NOT_APPLICABLE,NO_CONTENT_CHANGE,141,169,0.510
operating-systems,operating-systems.core.kernel-boundary.system-call.q4,SCENARIO,PUBLISHED,HARD,operating-systems.core.kernel-boundary.system-call,서로 다른 CPU architecture에서 Linux system call entry를 구현할 때 동일하게 유지해야 할 것과 달라질 수 있는 것을 구분하라.,STRUCTURED_CRITERIA_USEFUL,stable user-visible service/OS ABI semantics | architecture-specific entry instruction/argument registers/syscall ABI mechanics,YES_CONTEXT_USED,NO_CONTENT_CHANGE,228,226,0.426
operating-systems,operating-systems.core.kernel-boundary.system-call-flow.q2,DESCRIPTIVE,PUBLISHED,MEDIUM,operating-systems.core.kernel-boundary.system-call-flow,Blocking I/O system call이 resource를 기다려야 할 때 현재 task와 CPU에는 어떤 일이 일어날 수 있는지 설명하라.,MODEL_ANSWER_SUFFICIENT,하나의 중심 판단으로 수렴해 모델답변·설명으로 직접 대조 가능: “현재 task가 wait/sleep 상태가 되어 runnable하지 않게 될 수 있고 scheduler는 다른 runnable task에 CPU를 줄 수 있다. Event/completion 후 task가 다시 runnable이 되고 이후 실행 기회를 얻어 syscall return path를 이어간다.”,NOT_APPLICABLE,NO_CONTENT_CHANGE,170,185,0.619
operating-systems,operating-systems.core.kernel-boundary.system-call-flow.q3,DESCRIPTIVE,PUBLISHED,MEDIUM,operating-systems.core.kernel-boundary.system-call-flow,System call 진입과 동시에 무조건 context switch가 발생한다고 설명하는 것이 틀린 이유를 서술하라.,STRUCTURED_CRITERIA_USEFUL,system call privilege entry and same-task return | scheduler context switch to another execution context | blocking as possible but non-equivalent event,NOT_APPLICABLE,NO_CONTENT_CHANGE,221,207,0.443
operating-systems,operating-systems.core.kernel-boundary.system-call-flow.q4,SCENARIO,PUBLISHED,HARD,operating-systems.core.kernel-boundary.system-call-flow,Socket read가 300 ms 걸렸지만 profiler상 해당 Java thread의 CPU 사용 시간은 매우 작다. System-call flow와 scheduler 관점에서 가능한 상태를 분석하라.,MODEL_ANSWER_SUFFICIENT,"하나의 중심 판단으로 수렴해 모델답변·설명으로 직접 대조 가능: “Thread가 kernel에 read를 요청한 뒤 data가 준비될 때까지 block/sleep해 CPU를 사용하지 않았을 수 있다. Scheduler는 그동안 다른 task를 실행하고, I/O event 후 해당 task가 다시 runnable이 되어 return한다. Elapsed 300 ms를 곧 CPU execution 300…”",YES_CONTEXT_USED,NO_CONTENT_CHANGE,202,206,0.309
operating-systems,operating-systems.core.kernel-boundary.interrupt-exception-system-call.q2,DESCRIPTIVE,PUBLISHED,MEDIUM,operating-systems.core.kernel-boundary.interrupt-exception-system-call,Timer interrupt와 illegal-instruction exception을 동기성 및 원인 관점에서 비교하라.,STRUCTURED_CRITERIA_USEFUL,asynchronous timer interrupt independent of current instruction | synchronous illegal-instruction exception caused by current instruction,NOT_APPLICABLE,NO_CONTENT_CHANGE,159,173,0.594
operating-systems,operating-systems.core.kernel-boundary.interrupt-exception-system-call.q3,DESCRIPTIVE,PUBLISHED,MEDIUM,operating-systems.core.kernel-boundary.interrupt-exception-system-call,Page fault는 exception이지만 항상 fatal application bug라고 볼 수 없는 이유를 설명하라.,MODEL_ANSWER_SUFFICIENT,하나의 중심 판단으로 수렴해 모델답변·설명으로 직접 대조 가능: “Exception은 현재 instruction과 연관된 동기 사건이라는 분류이지 반드시 복구 불가능한 오류라는 뜻이 아니다. Demand paging에서는 필요한 page를 준비한 뒤 faulting access를 재개할 수 있다. Protection violation처럼 복구하지 못하는 경우와 구분해야 한다.”,NOT_APPLICABLE,NO_CONTENT_CHANGE,174,173,0.545
operating-systems,operating-systems.core.kernel-boundary.interrupt-exception-system-call.q4,SCENARIO,PUBLISHED,HARD,operating-systems.core.kernel-boundary.interrupt-exception-system-call,RISC-V `ECALL`을 이용한 system call을 `Application semantics → OS ABI → ISA mechanism` 세 층으로 설명하라.,MODEL_ANSWER_SUFFICIENT,하나의 중심 판단으로 수렴해 모델답변·설명으로 직접 대조 가능: “Application은 kernel service를 요청한다는 system-call 의미를 가진다. OS ABI는 syscall number와 argument 전달/return 규칙을 정한다. RISC-V ISA에서는 ECALL이 environment-call exception을 발생시켜 trap handler로 controlled…”,YES_CONTEXT_USED,NO_CONTENT_CHANGE,270,272,0.036
operating-systems,operating-systems.core.kernel-boundary.interrupt-exception-system-call.q5,SCENARIO,PUBLISHED,HARD,operating-systems.core.kernel-boundary.interrupt-exception-system-call,공통 trap-entry code가 timer interrupt와 page fault를 모두 받을 수 있다고 하자. Handler가 cause를 구분하지 않으면 어떤 문제가 생길 수 있는가?,STRUCTURED_CRITERIA_USEFUL,timer source/scheduler handler state | page-fault address/mapping and retry state | cause-specific trap dispatch and return semantics,YES_CONTEXT_USED,NO_CONTENT_CHANGE,277,219,0.475
operating-systems,operating-systems.core.process.program-vs-process.q2,DESCRIPTIVE,PUBLISHED,MEDIUM,operating-systems.core.process.program-vs-process,`execve`가 성공한 경우를 '항상 새 PID의 process를 하나 더 만든다'고 설명하면 안 되는 이유를 설명하라.,MODEL_ANSWER_SUFFICIENT,"하나의 중심 판단으로 수렴해 모델답변·설명으로 직접 대조 가능: “Unix-like 모델에서 execve는 성공하면 호출한 현재 process의 program image를 새 executable image로 대체한다. 새 process 생성은 fork 같은 creation 단계와 구분해야 하며, exec 자체를 새 PID 생성과 동일시하면 안 된다.”",NOT_APPLICABLE,NO_CONTENT_CHANGE,159,177,0.369
operating-systems,operating-systems.core.process.program-vs-process.q3,SCENARIO,PUBLISHED,MEDIUM,operating-systems.core.process.program-vs-process,같은 Spring Boot JAR를 두 process로 실행했는데 서로 다른 결과를 보였다. Program 파일이 같아도 process behavior가 달라질 수 있는 runtime state를 네 가지 이상 제시하라.,STRUCTURED_CRITERIA_USEFUL,PID/address space identity | environment/arguments/working-directory/credentials | open resource and scheduler state across equal executable instances,YES_CONTEXT_USED,NO_CONTENT_CHANGE,227,199,0.514
operating-systems,operating-systems.core.process.process-address-space.q2,DESCRIPTIVE,PUBLISHED,MEDIUM,operating-systems.core.process.process-address-space,Address-space 그림의 code/data/heap/stack 배치를 모든 OS와 ABI의 고정 physical layout처럼 해석하면 안 되는 이유를 설명하라.,MODEL_ANSWER_SUFFICIENT,"하나의 중심 판단으로 수렴해 모델답변·설명으로 직접 대조 가능: “그 그림은 역할과 virtual mapping을 이해하기 위한 모델이다. 실제 virtual address 배치는 architecture, loader, ABI, ASLR, runtime에 따라 달라질 수 있고 physical page 배치는 별도 translation으로 결정된다.”",NOT_APPLICABLE,NO_CONTENT_CHANGE,158,162,0.414
operating-systems,operating-systems.core.process.process-address-space.q3,SCENARIO,PUBLISHED,MEDIUM,operating-systems.core.process.process-address-space,JVM process RSS가 커졌지만 Java heap 사용률은 낮다. Process address space 관점에서 추가로 확인할 영역을 설명하라.,STRUCTURED_CRITERIA_USEFUL,Java heap usage vs full process RSS | thread stacks/direct/native/metaspace mappings | JVM/process-level memory evidence,YES_CONTEXT_USED,NO_CONTENT_CHANGE,194,231,0.459
operating-systems,operating-systems.core.process.process-address-space.q4,DESCRIPTIVE,PUBLISHED,MEDIUM,operating-systems.core.process.process-address-space,Virtual address에 mapping이 존재한다는 사실만으로 그 page가 현재 physical RAM에 resident한다고 단정할 수 없는 이유를 설명하라.,MODEL_ANSWER_SUFFICIENT,"하나의 중심 판단으로 수렴해 모델답변·설명으로 직접 대조 가능: “Demand paging, file-backed mapping, copy-on-write 등에서는 mapping과 physical residency가 분리될 수 있다. 실제 frame은 접근 시 page fault를 통해 준비되거나 다른 mapping과 공유될 수 있다.”",NOT_APPLICABLE,NO_CONTENT_CHANGE,151,197,0.364
operating-systems,operating-systems.core.process.pcb.q2,DESCRIPTIVE,PUBLISHED,MEDIUM,operating-systems.core.process.pcb,Task A에서 B로 context switch할 때 kernel이 보존·복원해야 하는 state의 종류를 세 가지 이상 설명하라.,STRUCTURED_CRITERIA_USEFUL,CPU execution context for resume | scheduler state/accounting | address-space/task identity/resource references,NOT_APPLICABLE,NO_CONTENT_CHANGE,196,193,0.316
operating-systems,operating-systems.core.process.pcb.q3,SCENARIO,PUBLISHED,MEDIUM,operating-systems.core.process.pcb,Java thread dump에서 RUNNABLE로 보이는 thread를 '현재 물리 CPU core에서 반드시 실행 중'이라고 결론 내리면 안 되는 이유를 OS task state와 연결해 설명하라.,MODEL_ANSWER_SUFFICIENT,하나의 중심 판단으로 수렴해 모델답변·설명으로 직접 대조 가능: “JVM thread state와 OS scheduler가 보는 실제 running/runnable 상태는 동일한 abstraction이 아니다. Runnable thread라도 CPU core보다 runnable task가 많으면 scheduler queue에서 기다릴 수 있다. JVM 관찰과 OS CPU/scheduler…”,YES_CONTEXT_USED,NO_CONTENT_CHANGE,199,203,0.477
operating-systems,operating-systems.core.process.process-state.q2,DESCRIPTIVE,PUBLISHED,MEDIUM,operating-systems.core.process.process-state,`running → ready`와 `waiting → ready` 전이가 각각 어떤 종류의 사건으로 발생할 수 있는지 비교하라.,STRUCTURED_CRITERIA_USEFUL,running-to-ready preemption/timer cause | waiting-to-ready awaited I/O/event completion cause,NOT_APPLICABLE,NO_CONTENT_CHANGE,158,149,0.297
operating-systems,operating-systems.core.process.process-state.q3,SCENARIO,PUBLISHED,MEDIUM,operating-systems.core.process.process-state,4-core 서버에서 runnable task가 100개이고 CPU 사용률도 매우 높다. '100개 task가 동시에 CPU에서 실행 중'이라는 해석이 왜 틀린지 설명하라.,STRUCTURED_CRITERIA_USEFUL,hardware-limited actually running task count | runnable-but-queued state | scheduler distinction under 100 tasks/4 cores,YES_CONTEXT_USED,NO_CONTENT_CHANGE,156,167,0.490
operating-systems,operating-systems.core.process.process-state.q4,DESCRIPTIVE,PUBLISHED,MEDIUM,operating-systems.core.process.process-state,Backend worker 100개가 느릴 때 `runnable queue 증가`와 `대부분 socket I/O wait`가 서로 다른 진단을 요구하는 이유를 설명하라.,MODEL_ANSWER_SUFFICIENT,하나의 중심 판단으로 수렴해 모델답변·설명으로 직접 대조 가능: “Runnable queue 증가는 CPU contention/scheduling delay 가능성을 시사하지만 I/O wait는 task가 event completion을 기다려 CPU를 더 줘도 즉시 진행하지 못할 수 있음을 뜻한다. CPU metric과 wait reason을 함께 봐야 한다.”,NOT_APPLICABLE,NO_CONTENT_CHANGE,166,146,0.266
operating-systems,operating-systems.core.process.process-create.q2,DESCRIPTIVE,PUBLISHED,MEDIUM,operating-systems.core.process.process-create,Copy-on-write가 `fork 시 모든 physical page를 즉시 복사하지 않아도 된다`는 설명과 어떻게 연결되는지 설명하라.,MODEL_ANSWER_SUFFICIENT,하나의 중심 판단으로 수렴해 모델답변·설명으로 직접 대조 가능: “Fork 직후 parent/child는 논리적으로 독립된 address space를 갖지만 아직 write되지 않은 physical page를 공유할 수 있다. 한쪽이 write할 때 필요한 page를 복사해 독립성을 유지하므로 초기 전체 physical copy 비용을 미룰 수 있다.”,NOT_APPLICABLE,NO_CONTENT_CHANGE,160,184,0.409
operating-systems,operating-systems.core.process.process-create.q3,SCENARIO,PUBLISHED,MEDIUM,operating-systems.core.process.process-create,"다음 fork 결과를 생각하자.

- Parent의 fd 3 ─┐
- Child의 fd 3  ─┴→ 같은 underlying open file description

질문: 이 사실이 descriptor가 완전 독립 복사라는 설명과 충돌하는 이유를 설명하라.",STRUCTURED_CRITERIA_USEFUL,separate parent/child descriptor-table entries | shared open-file description offset/status | resource-specific fork copy/share contract,YES_CONTEXT_USED,NO_CONTENT_CHANGE,187,176,0.567
operating-systems,operating-systems.core.process.process-create.q4,DESCRIPTIVE,PUBLISHED,MEDIUM,operating-systems.core.process.process-create,Parent가 child를 만든 직후 child가 먼저 실행되면 깨지는 코드가 있다. 무엇이 잘못된 가정인지 설명하라.,MODEL_ANSWER_SUFFICIENT,"하나의 중심 판단으로 수렴해 모델답변·설명으로 직접 대조 가능: “Fork 이후 parent와 child는 별도의 scheduling 대상이며 별도 synchronization 없이 누가 먼저 실행될지 가정하면 안 된다. 실행 순서가 필요하면 pipe, wait, shared synchronization 등 명시적 coordination을 사용해야 한다.”",NOT_APPLICABLE,NO_CONTENT_CHANGE,162,166,0.356
operating-systems,operating-systems.core.process.process-terminate.q2,DESCRIPTIVE,PUBLISHED,MEDIUM,operating-systems.core.process.process-terminate,Process exit code와 application의 durable side effect를 같은 것으로 보면 안 되는 이유를 설명하라.,MODEL_ANSWER_SUFFICIENT,하나의 중심 판단으로 수렴해 모델답변·설명으로 직접 대조 가능: “Exit status는 process-level 종료 결과다. Process가 종료되기 전에 DB write나 외부 API 호출이 이미 반영됐을 수 있어 exit 실패가 모든 domain effect rollback을 뜻하지 않는다. Durable checkpoint/idempotency는 process lifecycle 밖에서…”,NOT_APPLICABLE,NO_CONTENT_CHANGE,193,195,0.410
operating-systems,operating-systems.core.process.process-terminate.q3,SCENARIO,PUBLISHED,HARD,operating-systems.core.process.process-terminate,Batch worker가 강제 종료된 뒤 단순히 같은 job을 처음부터 재실행한다. 어떤 중복 effect 위험이 있고 어떤 state를 process 밖에 보존해야 하는지 설명하라.,MODEL_ANSWER_SUFFICIENT,"하나의 중심 판단으로 수렴해 모델답변·설명으로 직접 대조 가능: “이전 process가 일부 item을 이미 commit했을 수 있으므로 재실행 시 duplicate write/message가 생길 수 있다. Stable job/item key, checkpoint, idempotency state 등 durable progress를 process memory 밖에 보존하고 재시도 semantics를…”",YES_CONTEXT_USED,NO_CONTENT_CHANGE,197,210,0.470
operating-systems,operating-systems.core.process.parent-child.q2,DESCRIPTIVE,PUBLISHED,MEDIUM,operating-systems.core.process.parent-child,Pipe의 write end가 child 종료 후에도 다른 process에 열려 있으면 reader가 EOF를 받지 못할 수 있는 이유를 descriptor lifecycle과 연결해 설명하라.,MODEL_ANSWER_SUFFICIENT,하나의 중심 판단으로 수렴해 모델답변·설명으로 직접 대조 가능: “Pipe EOF는 모든 relevant writer reference가 닫혔다는 조건과 연결된다. Fork로 inherited descriptor가 다른 process에 남아 있으면 한 writer process가 종료돼도 kernel은 write endpoint가 아직 열려 있다고 볼 수 있어 reader가 EOF를 기다릴 수 있다.”,NOT_APPLICABLE,NO_CONTENT_CHANGE,188,195,0.534
operating-systems,operating-systems.core.process.parent-child.q3,SCENARIO,PUBLISHED,MEDIUM,operating-systems.core.process.parent-child,Backend parent process가 종료됐는데 child subprocess가 계속 살아 있다. '부모가 죽으면 child도 반드시 즉시 죽는다'는 가정이 왜 안전하지 않은지 설명하라.,MODEL_ANSWER_SUFFICIENT,하나의 중심 판단으로 수렴해 모델답변·설명으로 직접 대조 가능: “Parent와 child는 별도 process lifecycle을 갖고 parent termination과 child termination은 동일 사건이 아니다. Linux에서는 orphan이 nearest living child subreaper 또는 init 역할의 process로 reparent될 수 있다. Shutdown 시에는…”,YES_CONTEXT_USED,NO_CONTENT_CHANGE,253,289,0.371
operating-systems,operating-systems.core.process.wait-reap.q2,DESCRIPTIVE,PUBLISHED,MEDIUM,operating-systems.core.process.wait-reap,Blocking `wait`에서 child가 아직 실행 중이면 parent state가 어떻게 달라질 수 있는지 설명하라.,MODEL_ANSWER_SUFFICIENT,하나의 중심 판단으로 수렴해 모델답변·설명으로 직접 대조 가능: “Parent는 child의 relevant state change를 기다리며 sleep/wait 상태가 될 수 있다. Child가 종료하면 parent가 다시 runnable이 되고 scheduler가 실행시킨 뒤 wait가 termination status를 반환하며 reap을 진행한다.”,NOT_APPLICABLE,NO_CONTENT_CHANGE,162,180,0.573
operating-systems,operating-systems.core.process.wait-reap.q3,SCENARIO,PUBLISHED,MEDIUM,operating-systems.core.process.wait-reap,Long-running server가 subprocess를 반복 생성하지만 종료 후 wait/reap을 하지 않는다. 시간이 지나며 어떤 OS-level 문제가 생기는가?,MODEL_ANSWER_SUFFICIENT,하나의 중심 판단으로 수렴해 모델답변·설명으로 직접 대조 가능: “종료 child에 대한 zombie metadata가 누적되어 process table/PID 관련 resource를 소비할 수 있다. Zombie가 CPU를 계속 쓰는 문제가 아니라 parent가 termination metadata를 회수하지 않는 lifecycle leak이다.”,YES_CONTEXT_USED,NO_CONTENT_CHANGE,158,210,0.447
operating-systems,operating-systems.core.process.wait-reap.q4,SCENARIO,PUBLISHED,HARD,operating-systems.core.process.wait-reap,"상황:
- Child stdout pipe를 parent가 충분히 읽지 않아 pipe buffer가 가득 찬다.
- Parent는 child 종료만 blocking wait하고 있다.

질문: 이 상태에서 발생 가능한 교착성 대기 흐름을 설명하라.",STRUCTURED_CRITERIA_USEFUL,child write blocked by full pipe before exit | parent wait blocked on child exit | concurrent output draining and process-wait ordering,YES_CONTEXT_USED,NO_CONTENT_CHANGE,182,250,0.355
operating-systems,operating-systems.core.race-critical-section.shared-mutable-state.q2,DESCRIPTIVE,PUBLISHED,MEDIUM,operating-systems.core.race-critical-section.shared-mutable-state,`balance`와 `version`이 하나의 invariant인데 각 필드를 서로 다른 lock/protocol로 독립 보호하고 두 값을 함께 읽는 공통 보호가 없다면 어떤 문제가 가능한가?,STRUCTURED_CRITERIA_USEFUL,balance and version protected as a single logical snapshot | cross-lock mixed-version observation | invariant-scoped synchronization boundary,NOT_APPLICABLE,NO_CONTENT_CHANGE,173,163,0.152
operating-systems,operating-systems.core.race-critical-section.shared-mutable-state.q3,SCENARIO,PUBLISHED,HARD,operating-systems.core.race-critical-section.shared-mutable-state,공유 mutable object를 없애고 immutable message를 queue로 전달하도록 바꾸면 사라지는 비용과 새로 생기는 비용을 비교하라.,STRUCTURED_CRITERIA_USEFUL,shared mutable owner/lock/race costs removed by immutable messages | message copy/allocation/queue cost | queue backpressure and lifecycle ownership,YES_CONTEXT_USED,NO_CONTENT_CHANGE,134,232,0.483
operating-systems,operating-systems.core.race-critical-section.interleaving.q2,DESCRIPTIVE,PUBLISHED,MEDIUM,operating-systems.core.race-critical-section.interleaving,"같은 `counter++` 두 번이 어떤 실행에서는 2, 어떤 실행에서는 1이 될 수 있는 timeline을 각각 설명하라.",STRUCTURED_CRITERIA_USEFUL,serialized read-modify-write producing 2 | overlapping stale reads and lost update producing 1,NOT_APPLICABLE,NO_CONTENT_CHANGE,104,141,0.270
operating-systems,operating-systems.core.race-critical-section.interleaving.q3,SCENARIO,PUBLISHED,MEDIUM,operating-systems.core.race-critical-section.interleaving,single-core 환경에서도 lost update가 가능한 이유를 설명하라.,MODEL_ANSWER_SUFFICIENT,하나의 중심 판단으로 수렴해 모델답변·설명으로 직접 대조 가능: “실제 같은 순간에 두 instruction이 실행되지 않아도 scheduler가 read와 write 사이에서 thread를 교대하면 위험한 interleaving이 만들어질 수 있다. parallelism은 필수 조건이 아니다.”,YES_CONTEXT_USED,NO_CONTENT_CHANGE,128,174,0.415
operating-systems,operating-systems.core.race-critical-section.interleaving.q4,DESCRIPTIVE,PUBLISHED,MEDIUM,operating-systems.core.race-critical-section.interleaving,"동시성 테스트를 10,000번 통과했다는 사실만으로 race가 없다고 증명할 수 없는 이유를 설명하라.",MODEL_ANSWER_SUFFICIENT,하나의 중심 판단으로 수렴해 모델답변·설명으로 직접 대조 가능: “테스트 실행 동안 scheduler가 위험한 interleaving을 선택하지 않았을 수 있다. correctness는 특정 timing에 기대지 않고 가능한 interleaving에서 invariant가 유지되는지 synchronization protocol로 보장해야 한다.”,NOT_APPLICABLE,NO_CONTENT_CHANGE,155,171,0.584
operating-systems,operating-systems.core.race-critical-section.race-condition.q2,DESCRIPTIVE,PUBLISHED,MEDIUM,operating-systems.core.race-critical-section.race-condition,넓은 race condition과 language memory model의 data race를 같은 의미로 사용하면 안 되는 이유를 설명하라.,MODEL_ANSWER_SUFFICIENT,"하나의 중심 판단으로 수렴해 모델답변·설명으로 직접 대조 가능: “race condition은 file creation, 요청 ordering, check-then-act처럼 shared memory가 없어도 timing에 따라 invariant가 깨지는 상황을 포함할 수 있다. Java의 data race는 같은 variable에 대한 conflicting access가 happens-before로…”",NOT_APPLICABLE,NO_CONTENT_CHANGE,235,206,0.468
operating-systems,operating-systems.core.race-critical-section.race-condition.q3,SCENARIO,PUBLISHED,HARD,operating-systems.core.race-critical-section.race-condition,"두 HTTP 요청이 다음 순서로 실행된다.

- 요청 A: 같은 unique key가 존재하지 않음을 확인 → insert 시도
- 요청 B: 같은 unique key가 존재하지 않음을 확인 → insert 시도

질문: application lock보다 DB unique constraint가 중요한 이유를 설명하라.",STRUCTURED_CRITERIA_USEFUL,check-then-insert race window across requests | process-local lock scope across instances | DB unique constraint as canonical invariant,YES_CONTEXT_USED,NO_CONTENT_CHANGE,168,228,0.394
operating-systems,operating-systems.core.race-critical-section.race-condition.q4,DESCRIPTIVE,PUBLISHED,MEDIUM,operating-systems.core.race-critical-section.race-condition,`value`가 초기화 이후 더 이상 변경되지 않고 T1과 T2가 읽기만 한다. 이 두 read의 상대적 순서만으로 lost update가 생기지 않는 이유를 설명하라.,MODEL_ANSWER_SUFFICIENT,하나의 중심 판단으로 수렴해 모델답변·설명으로 직접 대조 가능: “두 thread 모두 state를 변경하지 않으므로 한 thread의 update를 다른 thread가 덮어쓰는 transition 자체가 없다. 따라서 두 read의 순서만으로 lost update는 생기지 않는다. 다만 안전한 publication이나 다른 shared invariant는 별도 문제다.”,NOT_APPLICABLE,NO_CONTENT_CHANGE,171,186,0.219
operating-systems,operating-systems.core.race-critical-section.critical-section.q2,DESCRIPTIVE,PUBLISHED,MEDIUM,operating-systems.core.race-critical-section.critical-section,"mutual exclusion, progress, bounded waiting을 각각 설명하라.",STRUCTURED_CRITERIA_USEFUL,"mutual exclusion: simultaneous entry exclusion | progress: next entrant selection cannot stall indefinitely | bounded waiting: finite overtaking bound, distinct from a time SLA",NOT_APPLICABLE,NO_CONTENT_CHANGE,280,166,0.384
operating-systems,operating-systems.core.race-critical-section.critical-section.q3,SCENARIO,PUBLISHED,HARD,operating-systems.core.race-critical-section.critical-section,mutex를 잡은 채 500ms DB query를 수행하는 코드가 높은 contention에서 어떤 영향을 만드는지 설명하라.,MODEL_ANSWER_SUFFICIENT,하나의 중심 판단으로 수렴해 모델답변·설명으로 직접 대조 가능: “DB I/O를 기다리는 동안 lock도 유지되어 다른 thread가 shared invariant에 접근하지 못하고 queue 지연 시간이 전파된다. DB 호출을 lock 밖으로 옮길 수 있는지 검토하되 stale snapshot으로 correctness가 깨지지 않는지도 확인해야 한다.”,YES_CONTEXT_USED,NO_CONTENT_CHANGE,161,217,0.248
operating-systems,operating-systems.core.race-critical-section.atomic-operation.q2,DESCRIPTIVE,PUBLISHED,MEDIUM,operating-systems.core.race-critical-section.atomic-operation,atomicity와 visibility/ordering을 구분해야 하는 이유를 설명하라.,STRUCTURED_CRITERIA_USEFUL,operation indivisibility | cross-thread visibility | ordering of surrounding memory accesses,NOT_APPLICABLE,NO_CONTENT_CHANGE,151,193,0.320
operating-systems,operating-systems.core.race-critical-section.atomic-operation.q3,SCENARIO,PUBLISHED,HARD,operating-systems.core.race-critical-section.atomic-operation,atomic counter 하나로 `balance 감소 + ledger insert + status 변경` 전체를 exactly-once로 만들 수 없는 이유를 설명하라.,MODEL_ANSWER_SUFFICIENT,하나의 중심 판단으로 수렴해 모델답변·설명으로 직접 대조 가능: “counter의 한 변수 transition만 atomic할 뿐 여러 state가 함께 만족해야 하는 application invariant 전체를 보호하지 않는다. 더 큰 lock/transaction/idempotency protocol 등 해당 invariant 범위의 atomicity가 필요하다.”,YES_CONTEXT_USED,NO_CONTENT_CHANGE,170,196,0.400
operating-systems,operating-systems.core.race-critical-section.atomic-operation.q4,DESCRIPTIVE,PUBLISHED,MEDIUM,operating-systems.core.race-critical-section.atomic-operation,source code 한 줄이라는 사실만으로 operation이 atomic하다고 결론내릴 수 없는 이유를 설명하라.,MODEL_ANSWER_SUFFICIENT,하나의 중심 판단으로 수렴해 모델답변·설명으로 직접 대조 가능: “compiler/runtime/CPU에서 여러 load·compute·store step으로 분해될 수 있고 다른 execution이 그 사이에 interleave할 수 있기 때문이다. atomicity는 문법 줄 수가 아니라 primitive와 memory-model 계약으로 판단한다.”,NOT_APPLICABLE,NO_CONTENT_CHANGE,161,151,0.364
operating-systems,operating-systems.core.race-critical-section.spin-vs-block.q2,DESCRIPTIVE,PUBLISHED,MEDIUM,operating-systems.core.race-critical-section.spin-vs-block,매우 짧은 wait에서 spin이 blocking보다 유리할 수 있는 이유를 설명하라.,MODEL_ANSWER_SUFFICIENT,하나의 중심 판단으로 수렴해 모델답변·설명으로 직접 대조 가능: “lock이 곧 풀릴 것이고 CPU 여유가 있다면 sleep/wakeup과 scheduler context switch 비용을 지불하는 것보다 잠깐 polling하는 비용이 작을 수 있다.”,NOT_APPLICABLE,NO_CONTENT_CHANGE,104,162,0.338
operating-systems,operating-systems.core.race-critical-section.spin-vs-block.q3,SCENARIO,PUBLISHED,HARD,operating-systems.core.race-critical-section.spin-vs-block,single-core에서 lock owner가 preempt된 상태인데 waiter가 계속 spin하면 왜 특히 비효율적인가?,MODEL_ANSWER_SUFFICIENT,하나의 중심 판단으로 수렴해 모델답변·설명으로 직접 대조 가능: “waiter가 현재 CPU slice를 쓰는 동안 같은 core의 lock owner는 실행되지 못해 lock을 해제할 수 없다. waiter의 busy-wait가 useful CPU time을 소비해 owner가 다시 schedule될 때까지의 대기를 늘릴 수 있다.”,YES_CONTEXT_USED,NO_CONTENT_CHANGE,150,155,0.287
operating-systems,operating-systems.core.scheduling.context-switch.q2,DESCRIPTIVE,PUBLISHED,MEDIUM,operating-systems.core.scheduling.context-switch,mode switch와 context switch가 같은 개념이 아닌 이유를 설명하라.,MODEL_ANSWER_SUFFICIENT,"하나의 중심 판단으로 수렴해 모델답변·설명으로 직접 대조 가능: “mode switch는 같은 실행 흐름이 privilege level만 바꾸어 kernel code를 실행할 수도 있지만, context switch는 CPU가 실행할 흐름 자체를 바꾸면서 register·program counter 등 실행 context를 저장·복원한다. syscall 진입이 곧 다른 process로의 context…”",NOT_APPLICABLE,NO_CONTENT_CHANGE,207,159,0.212
operating-systems,operating-systems.core.scheduling.context-switch.q3,SCENARIO,PUBLISHED,HARD,operating-systems.core.scheduling.context-switch,"관측 결과는 다음과 같다.

- 초당 context switch: 크게 증가
- CPU utilization: 높음
- 처리량: 감소

질문: 가능한 원인과 확인할 지표를 설명하라.",STRUCTURED_CRITERIA_USEFUL,context-switch increase as a symptom | scheduling/cache/TLB overhead as candidate cause | runnable queue and miss/throughput/latency measures to confirm,YES_CONTEXT_USED,NO_CONTENT_CHANGE,210,197,0.313
operating-systems,operating-systems.core.scheduling.context-switch.q4,DESCRIPTIVE,PUBLISHED,MEDIUM,operating-systems.core.scheduling.context-switch,두 thread가 같은 process 안에서 교대하는 경우와 서로 다른 process가 교대하는 경우를 비교하라.,STRUCTURED_CRITERIA_USEFUL,shared address space for same-process threads | address-space state changes across processes | implementation-dependent switching cost,NOT_APPLICABLE,NO_CONTENT_CHANGE,183,198,0.470
operating-systems,operating-systems.core.scheduling.timer-interrupt-preemption.q2,DESCRIPTIVE,PUBLISHED,MEDIUM,operating-systems.core.scheduling.timer-interrupt-preemption,running task가 timer interrupt 후에도 계속 실행될 수 있는 이유를 설명하라.,MODEL_ANSWER_SUFFICIENT,하나의 중심 판단으로 수렴해 모델답변·설명으로 직접 대조 가능: “timer interrupt는 scheduler가 판단할 기회를 제공할 뿐 반드시 다른 task로 전환해야 한다는 뜻은 아니다. 현재 task가 여전히 가장 적합하거나 다른 runnable task가 없다면 handler 이후 같은 task로 복귀할 수 있다.”,NOT_APPLICABLE,NO_CONTENT_CHANGE,145,159,0.332
operating-systems,operating-systems.core.scheduling.timer-interrupt-preemption.q3,SCENARIO,PUBLISHED,HARD,operating-systems.core.scheduling.timer-interrupt-preemption,CPU-bound task A가 계속 실행 중이고 task B가 ready queue에서 기다리고 있다. timer interrupt가 제대로 발생하지만 B가 영원히 실행되지 않는다면 어느 부분을 의심해야 하는가?,MODEL_ANSWER_SUFFICIENT,하나의 중심 판단으로 수렴해 모델답변·설명으로 직접 대조 가능: “timer mechanism 자체보다 scheduling policy·priority·affinity 또는 preemption이 허용되는 상태를 확인해야 한다. interrupt가 scheduling point를 제공해도 policy가 계속 A를 고르거나 B가 해당 CPU에서 실행 불가하면 progress하지 못할 수 있다.”,YES_CONTEXT_USED,NO_CONTENT_CHANGE,182,171,0.294
operating-systems,operating-systems.core.scheduling.scheduler-goals.q2,DESCRIPTIVE,PUBLISHED,MEDIUM,operating-systems.core.scheduling.scheduler-goals,응답 시간과 turnaround time을 구분하라.,STRUCTURED_CRITERIA_USEFUL,time to first CPU response | arrival-to-completion turnaround | interactive versus batch objective,NOT_APPLICABLE,NO_CONTENT_CHANGE,169,144,0.433
operating-systems,operating-systems.core.scheduling.scheduler-goals.q3,SCENARIO,PUBLISHED,MEDIUM,operating-systems.core.scheduling.scheduler-goals,한 정책 변경 후 batch 처리량은 20% 증가했지만 interactive 요청 p99가 두 배가 되었다. 이 결과를 어떻게 해석해야 하는가?,MODEL_ANSWER_SUFFICIENT,"하나의 중심 판단으로 수렴해 모델답변·설명으로 직접 대조 가능: “scheduler goal 사이 trade-off가 발생한 것이다. 처리량 개선만으로 성공이라 할 수 없고 workload별 SLO와 fairness를 함께 봐야 한다. interactive queue의 waiting/응답 시간, batch 처리량, context switch와 CPU utilization을 동시에 비교해 정책을…”",YES_CONTEXT_USED,NO_CONTENT_CHANGE,193,146,0.205
operating-systems,operating-systems.core.scheduling.fcfs.q2,DESCRIPTIVE,PUBLISHED,MEDIUM,operating-systems.core.scheduling.fcfs,"같은 A=8, B=2, C=1에서 FCFS 순서가 A→B→C일 때 각 waiting time과 평균 waiting time을 계산하라.",MODEL_ANSWER_SUFFICIENT,"하나의 중심 판단으로 수렴해 모델답변·설명으로 직접 대조 가능: “A는 0, B는 8, C는 10만큼 기다린다. 평균 waiting time은 (0+8+10)/3=6이다. 긴 A가 앞에 있어 짧은 B와 C가 함께 기다리는 convoy effect를 볼 수 있다.”",NOT_APPLICABLE,NO_CONTENT_CHANGE,109,104,0.528
operating-systems,operating-systems.core.scheduling.fcfs.q3,SCENARIO,PUBLISHED,MEDIUM,operating-systems.core.scheduling.fcfs,"동일한 세 task의 실행 순서를 C→B→A로 바꾸면 평균 waiting time은 얼마이며, 이 결과가 FCFS의 어떤 한계를 보여 주는가?",MODEL_ANSWER_SUFFICIENT,"하나의 중심 판단으로 수렴해 모델답변·설명으로 직접 대조 가능: “C=0, B=1, A=3이므로 평균 waiting time은 4/3이다. 같은 작업 집합이라도 도착/배치 순서에 따라 평균 대기시간이 크게 달라지며, FCFS가 짧은 작업의 응답을 보호하지 못함을 보여 준다.”",YES_CONTEXT_USED,NO_CONTENT_CHANGE,116,124,0.233
operating-systems,operating-systems.core.scheduling.sjf.q2,DESCRIPTIVE,PUBLISHED,MEDIUM,operating-systems.core.scheduling.sjf,"burst A=8, B=2, C=1이 동시에 도착했다. non-preemptive SJF의 실행 순서와 평균 waiting time을 계산하라.",MODEL_ANSWER_SUFFICIENT,"하나의 중심 판단으로 수렴해 모델답변·설명으로 직접 대조 가능: “실행 순서는 C→B→A다. waiting time은 C=0, B=1, A=3이므로 평균은 4/3이다.”",NOT_APPLICABLE,NO_CONTENT_CHANGE,56,125,0.383
operating-systems,operating-systems.core.scheduling.sjf.q3,SCENARIO,PUBLISHED,MEDIUM,operating-systems.core.scheduling.sjf,실제 OS에서 순수한 SJF를 그대로 구현하기 어려운 이유와 긴 task starvation 가능성을 함께 설명하라.,MODEL_ANSWER_SUFFICIENT,"하나의 중심 판단으로 수렴해 모델답변·설명으로 직접 대조 가능: “미래 CPU burst를 정확히 알 수 없어 과거 실행 패턴 등으로 추정해야 하고, 짧은 task가 계속 들어오면 긴 task가 계속 뒤로 밀릴 수 있다. 예측 오차와 starvation을 줄이려면 aging/priority 보정이나 다른 fairness 정책이 필요하다.”",YES_CONTEXT_USED,NO_CONTENT_CHANGE,152,137,0.315
operating-systems,operating-systems.core.scheduling.round-robin.q2,DESCRIPTIVE,PUBLISHED,MEDIUM,operating-systems.core.scheduling.round-robin,A와 B 두 CPU-bound task의 burst가 각각 5이고 quantum이 2다. A가 먼저 실행된다고 할 때 CPU 실행 순서를 quantum 단위로 적어라.,MODEL_ANSWER_SUFFICIENT,하나의 중심 판단으로 수렴해 모델답변·설명으로 직접 대조 가능: “A 2 → B 2 → A 2 → B 2 → A 1 → B 1 순서가 된다. 두 task가 번갈아 CPU를 얻으며 각 quantum 종료 때 아직 남은 task는 다시 runnable queue 뒤로 간다.”,NOT_APPLICABLE,NO_CONTENT_CHANGE,114,106,0.197
operating-systems,operating-systems.core.scheduling.round-robin.q3,SCENARIO,PUBLISHED,HARD,operating-systems.core.scheduling.round-robin,quantum을 10ms에서 0.1ms로 줄였더니 응답 시간이 좋아지지 않고 처리량만 감소했다. 원인을 분석하라.,MODEL_ANSWER_SUFFICIENT,"하나의 중심 판단으로 수렴해 모델답변·설명으로 직접 대조 가능: “quantum이 실제 useful CPU burst와 비교해 지나치게 작아 context switch와 cache locality 손실 비중이 커졌을 수 있다. runnable 수, switch rate, 응답 시간, 처리량을 함께 측정해 적절한 quantum을 선택해야 한다.”",YES_CONTEXT_USED,NO_CONTENT_CHANGE,155,152,0.415
operating-systems,operating-systems.core.scheduling.round-robin.q4,DESCRIPTIVE,PUBLISHED,MEDIUM,operating-systems.core.scheduling.round-robin,I/O-bound task와 CPU-bound task가 섞인 Round Robin에서 I/O-bound task가 quantum을 다 쓰지 않고 block되면 scheduler 관점에서 어떤 일이 일어나는가?,MODEL_ANSWER_SUFFICIENT,하나의 중심 판단으로 수렴해 모델답변·설명으로 직접 대조 가능: “I/O-bound task는 quantum 만료 전에 waiting 상태로 이동하고 CPU를 양보한다. scheduler는 다른 runnable task를 선택한다. I/O가 완료되면 해당 task는 다시 ready가 되므로 CPU-bound task와 동일하게 항상 full quantum을 소비한다고 가정하면 안 된다.”,NOT_APPLICABLE,NO_CONTENT_CHANGE,180,156,0.494
operating-systems,operating-systems.core.scheduling.priority-scheduling.q2,DESCRIPTIVE,PUBLISHED,MEDIUM,operating-systems.core.scheduling.priority-scheduling,일반 scheduling starvation과 lock에 의한 priority inversion을 구분하라.,STRUCTURED_CRITERIA_USEFUL,scheduler-level lack of CPU opportunity | lock/resource dependency inversion | priority inheritance scope,NOT_APPLICABLE,NO_CONTENT_CHANGE,233,170,0.558
operating-systems,operating-systems.core.scheduling.priority-scheduling.q3,SCENARIO,PUBLISHED,MEDIUM,operating-systems.core.scheduling.priority-scheduling,낮은 priority background task가 30분 이상 ready 상태인데 높은 priority task가 계속 들어와 실행되지 않는다. 어떤 정책을 고려할 수 있는가?,MODEL_ANSWER_SUFFICIENT,"하나의 중심 판단으로 수렴해 모델답변·설명으로 직접 대조 가능: “aging이나 dynamic priority boost, minimum service guarantee, quota 등으로 최대 대기시간을 제한할 수 있다. 단순 priority inheritance를 적용하는 상황은 아니며 workload별 priority 의미와 최대 waiting SLO를 명시해야 한다.”",YES_CONTEXT_USED,NO_CONTENT_CHANGE,173,197,0.297
operating-systems,operating-systems.core.scheduling.starvation-aging.q2,DESCRIPTIVE,PUBLISHED,MEDIUM,operating-systems.core.scheduling.starvation-aging,aging이 starvation을 줄이는 기본 원리를 설명하라.,MODEL_ANSWER_SUFFICIENT,하나의 중심 판단으로 수렴해 모델답변·설명으로 직접 대조 가능: “ready queue에서 오래 기다릴수록 effective priority를 점진적으로 높여 결국 선택될 가능성을 키운다. 기다린 시간과 priority 보정 규칙이 함께 정의되어야 한다.”,NOT_APPLICABLE,NO_CONTENT_CHANGE,105,124,0.232
operating-systems,operating-systems.core.scheduling.starvation-aging.q3,SCENARIO,PUBLISHED,MEDIUM,operating-systems.core.scheduling.starvation-aging,aging을 너무 공격적으로 적용했더니 원래 high-priority workload의 지연 시간이 크게 악화되었다. 왜 그런가?,STRUCTURED_CRITERIA_USEFUL,aging rate erases intended priority ordering | high-priority latency impact | rate and cap adjustment,YES_CONTEXT_USED,NO_CONTENT_CHANGE,124,142,0.337
operating-systems,operating-systems.core.scheduling.starvation-aging.q4,DESCRIPTIVE,PUBLISHED,MEDIUM,operating-systems.core.scheduling.starvation-aging,starvation과 deadlock이 둘 다 '진행하지 못한다'고 보이지만 운영 대응이 다른 이유를 설명하라.,MODEL_ANSWER_SUFFICIENT,하나의 중심 판단으로 수렴해 모델답변·설명으로 직접 대조 가능: “starvation은 다른 task들은 계속 진행하면서 특정 task만 scheduling/resource 기회를 잃는 상황일 수 있어 fairness와 priority 정책을 조정한다. deadlock은 참여 task들이 서로의 resource를 기다리는 cycle 등으로 progress하지 못하므로 resource…”,NOT_APPLICABLE,NO_CONTENT_CHANGE,217,149,0.332
operating-systems,operating-systems.core.scheduling.multicore-affinity.q2,DESCRIPTIVE,PUBLISHED,MEDIUM,operating-systems.core.scheduling.multicore-affinity,affinity가 cache locality에는 도움이 되면서 load balancing에는 불리할 수 있는 이유를 설명하라.,STRUCTURED_CRITERIA_USEFUL,cache-locality gain from reduced migration | queue imbalance from constrained placement | idle-core/load-balancing cost,NOT_APPLICABLE,NO_CONTENT_CHANGE,151,147,0.326
operating-systems,operating-systems.core.scheduling.multicore-affinity.q3,SCENARIO,PUBLISHED,HARD,operating-systems.core.scheduling.multicore-affinity,"8-core 시스템에서 worker 8개를 모두 CPU0에 고정했더니 CPU0은 100%, 나머지는 거의 유휴다. 어떤 문제가 있고 어떻게 검증할 것인가?",STRUCTURED_CRITERIA_USEFUL,CPU0 queue bottleneck from affinity | widening eligible CPUs | queue/migration/cache/throughput measures,YES_CONTEXT_USED,NO_CONTENT_CHANGE,161,220,0.326
operating-systems,operating-systems.core.scheduling.multicore-affinity.q4,DESCRIPTIVE,PUBLISHED,MEDIUM,operating-systems.core.scheduling.multicore-affinity,NUMA 환경에서 CPU affinity만 고정하고 memory placement를 고려하지 않으면 성능이 나빠질 수 있는 이유를 설명하라.,MODEL_ANSWER_SUFFICIENT,하나의 중심 판단으로 수렴해 모델답변·설명으로 직접 대조 가능: “task가 고정된 CPU와 실제 memory가 다른 NUMA node에 있으면 remote memory access 비용이 커질 수 있다. CPU affinity와 memory locality를 함께 관찰해야 하며 affinity만으로 locality가 자동 보장되지는 않는다.”,NOT_APPLICABLE,NO_CONTENT_CHANGE,155,170,0.406
operating-systems,operating-systems.core.synchronization.mutex.q2,DESCRIPTIVE,PUBLISHED,MEDIUM,operating-systems.core.synchronization.mutex,mutex의 ownership 의미가 counting semaphore와 다른 점을 설명하라.,MODEL_ANSWER_SUFFICIENT,하나의 중심 판단으로 수렴해 모델답변·설명으로 직접 대조 가능: “전형적인 mutex는 하나의 owner가 critical section을 획득하고 그 owner가 release하는 mutual-exclusion 의미를 가진다. counting semaphore는 N개의 permit나 event handoff를 표현할 수 있어 ownership semantics가 다를 수 있다.”,NOT_APPLICABLE,NO_CONTENT_CHANGE,176,212,0.321
operating-systems,operating-systems.core.synchronization.mutex.q3,SCENARIO,PUBLISHED,MEDIUM,operating-systems.core.synchronization.mutex,mutex를 잡은 채 평균 300ms짜리 외부 API를 호출하고 동일 lock을 50개 요청이 경쟁한다. 어떤 문제가 예상되는가?,MODEL_ANSWER_SUFFICIENT,하나의 중심 판단으로 수렴해 모델답변·설명으로 직접 대조 가능: “외부 API 지연 시간이 lock hold time이 되어 요청들이 직렬화되고 queue 지연 시간이 커진다. 외부 호출을 lock 밖으로 옮길 수 있는지 검토하되 shared invariant가 stale snapshot 때문에 깨지지 않는지도 확인해야 한다.”,YES_CONTEXT_USED,NO_CONTENT_CHANGE,146,214,0.254
operating-systems,operating-systems.core.synchronization.semaphore.q2,DESCRIPTIVE,PUBLISHED,MEDIUM,operating-systems.core.synchronization.semaphore,binary semaphore와 mutex가 항상 완전히 같은 primitive라고 볼 수 없는 이유를 설명하라.,MODEL_ANSWER_SUFFICIENT,하나의 중심 판단으로 수렴해 모델답변·설명으로 직접 대조 가능: “binary semaphore는 count 0/1로 mutual exclusion처럼 쓸 수 있지만 event signaling처럼 한 execution이 wait하고 다른 execution이 post하는 protocol에도 사용할 수 있다. 전형적인 mutex의 owner-release semantics와 같다고 일반화하면 안 된다.”,NOT_APPLICABLE,NO_CONTENT_CHANGE,188,213,0.452
operating-systems,operating-systems.core.synchronization.semaphore.q3,SCENARIO,PUBLISHED,MEDIUM,operating-systems.core.synchronization.semaphore,외부 API 동시 호출을 20개로 제한하는 semaphore에서 exception path가 permit를 release하지 않는다. 시간이 지나면 어떤 장애가 가능한가?,MODEL_ANSWER_SUFFICIENT,"하나의 중심 판단으로 수렴해 모델답변·설명으로 직접 대조 가능: “permit가 누수되어 실제 resource가 비어 있어도 semaphore count가 점점 줄고 결국 모든 caller가 기다릴 수 있다. success, exception, timeout, cancellation 모든 경로에서 permit 반환을 보장해야 한다.”",YES_CONTEXT_USED,NO_CONTENT_CHANGE,149,206,0.305
operating-systems,operating-systems.core.synchronization.semaphore.q4,DESCRIPTIVE,PUBLISHED,MEDIUM,operating-systems.core.synchronization.semaphore,resource capacity가 5인데 잘못된 코드가 semaphore를 과다 release해 available permit가 7이 되었다. 왜 correctness 문제가 되는가?,MODEL_ANSWER_SUFFICIENT,하나의 중심 판단으로 수렴해 모델답변·설명으로 직접 대조 가능: “semaphore count가 실제 resource capacity보다 커져 최대 7개 caller가 통과할 수 있으므로 보호하려던 concurrency invariant가 깨진다. permit 수와 실제 resource lifecycle이 일치해야 한다.”,NOT_APPLICABLE,NO_CONTENT_CHANGE,143,140,0.388
operating-systems,operating-systems.core.synchronization.condition-variable.q2,DESCRIPTIVE,PUBLISHED,MEDIUM,operating-systems.core.synchronization.condition-variable,condition wait를 보통 `if`가 아니라 `while` predicate 검사 안에서 사용하는 이유를 설명하라.,MODEL_ANSWER_SUFFICIENT,하나의 중심 판단으로 수렴해 모델답변·설명으로 직접 대조 가능: “깨어난 뒤 다른 thread가 먼저 resource를 소비했을 수 있고 spurious wakeup을 허용하는 API도 있기 때문에 predicate가 여전히 참인지 lock을 다시 획득한 상태에서 검사해야 한다.”,NOT_APPLICABLE,NO_CONTENT_CHANGE,119,202,0.360
operating-systems,operating-systems.core.synchronization.condition-variable.q3,SCENARIO,PUBLISHED,HARD,operating-systems.core.synchronization.condition-variable,"다음 순서로 두 thread가 실행된다.

1. Consumer가 queue가 비었음을 확인한다.
2. Consumer가 mutex를 풀고 sleep에 들어가려 한다.
3. 그 사이 producer가 item을 넣고 signal한다.

질문: wait가 lock release와 원자적으로 연결되지 않으면 어떤 문제가 생길 수 있는가?",STRUCTURED_CRITERIA_USEFUL,predicate check-to-sleep race | lost signal before waiter registration | atomic mutex-release/wait-registration contract,YES_CONTEXT_USED,NO_CONTENT_CHANGE,137,252,0.455
operating-systems,operating-systems.core.synchronization.condition-variable.q4,DESCRIPTIVE,PUBLISHED,MEDIUM,operating-systems.core.synchronization.condition-variable,condition signal을 받았다는 사실과 predicate가 참이라는 사실이 같지 않은 이유를 설명하라.,MODEL_ANSWER_SUFFICIENT,하나의 중심 판단으로 수렴해 모델답변·설명으로 직접 대조 가능: “signal은 waiter에게 다시 실행해 state를 검사할 기회를 주는 event이지 condition 값 자체를 예약해 주는 것이 아니다. 여러 waiter나 경쟁 thread 때문에 wake 후 predicate가 다시 false일 수 있다.”,NOT_APPLICABLE,NO_CONTENT_CHANGE,139,202,0.318
operating-systems,operating-systems.core.synchronization.monitor.q2,DESCRIPTIVE,PUBLISHED,MEDIUM,operating-systems.core.synchronization.monitor,monitor abstraction이 low-level lock 조합보다 invariant 관리에 도움이 되는 이유를 설명하라.,MODEL_ANSWER_SUFFICIENT,"하나의 중심 판단으로 수렴해 모델답변·설명으로 직접 대조 가능: “shared state와 그 state를 조작하는 operation, lock/condition protocol을 하나의 owner abstraction 안에 두어 caller가 서로 다른 lock 규칙을 조합하다 invariant를 깨는 가능성을 줄일 수 있다.”",NOT_APPLICABLE,NO_CONTENT_CHANGE,147,205,0.361
operating-systems,operating-systems.core.synchronization.monitor.q3,SCENARIO,PUBLISHED,HARD,operating-systems.core.synchronization.monitor,monitor 안에서 외부 callback을 호출했더니 callback이 다시 같은 monitor operation을 호출하거나 오래 block한다. 어떤 위험을 검토해야 하는가?,MODEL_ANSWER_SUFFICIENT,"하나의 중심 판단으로 수렴해 모델답변·설명으로 직접 대조 가능: “reentrancy semantics, lock hold time, unexpected nested state transition과 deadlock 가능성을 검토해야 한다. monitor가 shared invariant를 소유해도 외부 code를 lock 안에서 실행하면 abstraction 밖 behavior가 critical…”",YES_CONTEXT_USED,NO_CONTENT_CHANGE,199,236,0.428
operating-systems,operating-systems.core.synchronization.read-write-lock.q2,DESCRIPTIVE,PUBLISHED,MEDIUM,operating-systems.core.synchronization.read-write-lock,read가 99%라는 사실만으로 read-write lock이 mutex보다 빠르다고 결론낼 수 없는 이유를 설명하라.,MODEL_ANSWER_SUFFICIENT,"하나의 중심 판단으로 수렴해 모델답변·설명으로 직접 대조 가능: “read critical section이 매우 짧으면 reader count와 mode 관리 overhead가 이득보다 클 수 있고 contention 자체가 낮을 수도 있다. thread 수, hold time, writer 지연 시간과 fairness를 실제로 측정해야 한다.”",NOT_APPLICABLE,NO_CONTENT_CHANGE,156,205,0.479
operating-systems,operating-systems.core.synchronization.read-write-lock.q3,SCENARIO,PUBLISHED,MEDIUM,operating-systems.core.synchronization.read-write-lock,reader가 계속 유입되는 reader-preference 정책에서 writer가 오래 실행되지 못한다. 이 현상을 무엇으로 보고 어떤 trade-off를 조정해야 하는가?,STRUCTURED_CRITERIA_USEFUL,writer starvation diagnosis | writer-preference/fairness remedy | added reader latency trade-off,YES_CONTEXT_USED,NO_CONTENT_CHANGE,130,210,0.381
operating-systems,operating-systems.core.synchronization.lock-granularity.q2,DESCRIPTIVE,PUBLISHED,MEDIUM,operating-systems.core.synchronization.lock-granularity,hash table의 global lock을 bucket별 lock으로 쪼갤 때 lookup/update는 빨라질 수 있지만 resize가 어려워지는 이유를 설명하라.,STRUCTURED_CRITERIA_USEFUL,parallel access across buckets | table-wide resize coordination | lock ordering and composite invariant risk,NOT_APPLICABLE,NO_CONTENT_CHANGE,164,231,0.362
operating-systems,operating-systems.core.synchronization.lock-granularity.q3,SCENARIO,PUBLISHED,HARD,operating-systems.core.synchronization.lock-granularity,contention 측정 없이 global lock을 64개 shard lock으로 바꿨더니 bug와 지연 시간이 모두 늘었다. 가능한 원인을 분석하라.,STRUCTURED_CRITERIA_USEFUL,whether global-lock contention existed | cross-shard invariant/lock-order risk | measurements required before sharding,YES_CONTEXT_USED,NO_CONTENT_CHANGE,173,246,0.446
operating-systems,operating-systems.core.synchronization.contention.q2,DESCRIPTIVE,PUBLISHED,MEDIUM,operating-systems.core.synchronization.contention,lock hold time이 길어질수록 같은 arrival rate에서 queueing이 커질 수 있는 이유를 설명하라.,MODEL_ANSWER_SUFFICIENT,하나의 중심 판단으로 수렴해 모델답변·설명으로 직접 대조 가능: “한 owner가 resource를 오래 점유하면 단위 시간당 lock을 통과할 수 있는 service capacity가 줄어들어 arriving waiter가 더 오래 쌓인다. 외부 I/O가 critical section 안에 있으면 그 지연 시간이 hold time으로 전파된다.”,NOT_APPLICABLE,NO_CONTENT_CHANGE,157,190,0.364
operating-systems,operating-systems.core.synchronization.contention.q3,SCENARIO,PUBLISHED,HARD,operating-systems.core.synchronization.contention,lock-free atomic counter로 바꿨는데 CPU core 수를 늘릴수록 scalability가 나빠질 수 있는 이유를 설명하라.,MODEL_ANSWER_SUFFICIENT,하나의 중심 판단으로 수렴해 모델답변·설명으로 직접 대조 가능: “여러 CPU가 같은 cache line의 atomic update를 경쟁하면 cache coherence traffic과 retry가 serialization point가 될 수 있다. lock-free가 contention-free를 의미하지 않는다.”,YES_CONTEXT_USED,NO_CONTENT_CHANGE,141,224,0.374
operating-systems,operating-systems.core.synchronization.contention.q4,DESCRIPTIVE,PUBLISHED,MEDIUM,operating-systems.core.synchronization.contention,동기화 최적화 전에 최소한 어떤 지표를 함께 확인해야 하는가?,STRUCTURED_CRITERIA_USEFUL,hold and wait duration | waiter/block/spin cost | throughput and tail-latency impact,NOT_APPLICABLE,NO_CONTENT_CHANGE,176,231,0.457
operating-systems,operating-systems.core.threads.process-vs-thread.q2,DESCRIPTIVE,PUBLISHED,MEDIUM,operating-systems.core.threads.process-vs-thread,같은 program을 두 process로 실행하는 것과 한 process 안에서 두 thread를 실행하는 것의 isolation 차이를 설명하라.,STRUCTURED_CRITERIA_USEFUL,separate process address-space/lifecycle boundary | shared thread heap/resources | communication versus failure-isolation trade-off,NOT_APPLICABLE,NO_CONTENT_CHANGE,221,184,0.446
operating-systems,operating-systems.core.threads.process-vs-thread.q3,SCENARIO,PUBLISHED,MEDIUM,operating-systems.core.threads.process-vs-thread,신뢰할 수 없는 plugin을 host와 같은 process의 thread로 실행했더니 native memory 오류로 전체 server가 종료되었다. thread 대신 process 경계를 고려할 이유를 설명하라.,STRUCTURED_CRITERIA_USEFUL,same-process memory corruption/crash blast radius | process isolation strength | IPC and operational cost,YES_CONTEXT_USED,NO_CONTENT_CHANGE,183,218,0.650
operating-systems,operating-systems.core.threads.thread-shared-state.q2,DESCRIPTIVE,PUBLISHED,MEDIUM,operating-systems.core.threads.thread-shared-state,같은 process의 thread가 file descriptor를 공유할 때 단순히 '각 thread가 독립 파일을 가진다'고 생각하면 안 되는 이유를 설명하라.,MODEL_ANSWER_SUFFICIENT,하나의 중심 판단으로 수렴해 모델답변·설명으로 직접 대조 가능: “file descriptor와 underlying open resource state가 process 차원에서 공유될 수 있어 여러 thread의 read/write/close가 같은 kernel object와 offset·socket state에 영향을 줄 수 있다. 어떤 state가 공유되는지 OS resource…”,NOT_APPLICABLE,NO_CONTENT_CHANGE,198,222,0.549
operating-systems,operating-systems.core.threads.thread-shared-state.q4,DESCRIPTIVE,PUBLISHED,MEDIUM,operating-systems.core.threads.thread-shared-state,DB transaction 안에서 실행되는 Java 코드라면 같은 singleton field에 대한 thread race도 자동으로 해결된다고 볼 수 있는가? 이유를 설명하라.,MODEL_ANSWER_SUFFICIENT,하나의 중심 판단으로 수렴해 모델답변·설명으로 직접 대조 가능: “아니다. DB transaction은 DB resource의 atomicity/isolation 계약이고 JVM heap의 shared mutable state에 대한 thread synchronization을 자동 제공하지 않는다. Java memory model과 atomicity/lock 계약은 별도로 필요하다.”,NOT_APPLICABLE,NO_CONTENT_CHANGE,178,225,0.261
operating-systems,operating-systems.core.threads.thread-private-state.q2,DESCRIPTIVE,PUBLISHED,MEDIUM,operating-systems.core.threads.thread-private-state,local reference가 thread stack에 있다는 사실만으로 그 reference가 가리키는 object까지 thread-private이라고 할 수 없는 이유를 설명하라.,MODEL_ANSWER_SUFFICIENT,하나의 중심 판단으로 수렴해 모델답변·설명으로 직접 대조 가능: “reference 변수 자체는 각 thread의 stack frame에 있어도 그 값이 가리키는 object는 shared heap에 존재할 수 있다. 다른 thread가 같은 object reference를 얻었다면 object state는 공유된다.”,NOT_APPLICABLE,NO_CONTENT_CHANGE,141,164,0.655
operating-systems,operating-systems.core.threads.thread-private-state.q3,SCENARIO,PUBLISHED,MEDIUM,operating-systems.core.threads.thread-private-state,thread pool worker에 요청 ID를 ThreadLocal로 저장하고 작업 종료 후 clear하지 않았다. 다음 요청에서 이전 ID가 보일 수 있는 이유를 설명하라.,MODEL_ANSWER_SUFFICIENT,하나의 중심 판단으로 수렴해 모델답변·설명으로 직접 대조 가능: “pool은 같은 platform thread를 여러 task에 재사용할 수 있으므로 ThreadLocal lifecycle이 요청이 아니라 worker thread에 묶일 수 있다. task 경계에서 값을 명시적으로 설정·정리하거나 안전한 context propagation 방식을 사용해야 한다.”,YES_CONTEXT_USED,NO_CONTENT_CHANGE,166,167,0.293
operating-systems,operating-systems.core.threads.kernel-thread.q2,DESCRIPTIVE,PUBLISHED,MEDIUM,operating-systems.core.threads.kernel-thread,같은 process의 T1이 blocking I/O로 sleeping 상태가 되어도 T2가 실행될 수 있는 이유를 설명하라.,MODEL_ANSWER_SUFFICIENT,하나의 중심 판단으로 수렴해 모델답변·설명으로 직접 대조 가능: “kernel이 T1과 T2를 별도 scheduling context로 알고 있다면 T1을 waiting/sleeping 상태로 두고 runnable인 T2를 같은 CPU의 다른 실행 구간이나 다른 CPU에 schedule할 수 있다.”,NOT_APPLICABLE,NO_CONTENT_CHANGE,130,158,0.530
operating-systems,operating-systems.core.threads.kernel-thread.q3,SCENARIO,PUBLISHED,MEDIUM,operating-systems.core.threads.kernel-thread,4-core CPU에서 CPU-bound kernel-visible runnable thread를 4개에서 400개로 늘렸다. 실제 CPU parallelism과 예상 overhead 변화를 설명하라.,MODEL_ANSWER_SUFFICIENT,"하나의 중심 판단으로 수렴해 모델답변·설명으로 직접 대조 가능: “동시에 CPU에서 실행되는 parallelism은 CPU resource 제약 때문에 400으로 늘지 않는다. runnable queue와 scheduling/context-switch 경쟁, cache locality 악화 가능성이 증가해 처리량이나 지연 시간이 오히려 나빠질 수 있다.”",YES_CONTEXT_USED,NO_CONTENT_CHANGE,161,180,0.300
operating-systems,operating-systems.core.threads.user-level-thread.q2,DESCRIPTIVE,PUBLISHED,MEDIUM,operating-systems.core.threads.user-level-thread,logical user-level thread 수와 실제 CPU parallelism이 같은 숫자가 아닌 이유를 설명하라.,MODEL_ANSWER_SUFFICIENT,"하나의 중심 판단으로 수렴해 모델답변·설명으로 직접 대조 가능: “runtime은 많은 logical thread를 적은 수의 carrier/kernel thread에 multiplex할 수 있고, 실제 동시에 CPU에서 실행할 수 있는 수는 carrier와 CPU core 같은 execution resource에 제한된다.”",NOT_APPLICABLE,NO_CONTENT_CHANGE,145,186,0.441
operating-systems,operating-systems.core.threads.user-level-thread.q3,SCENARIO,PUBLISHED,HARD,operating-systems.core.threads.user-level-thread,many-to-one runtime에서 하나뿐인 carrier가 runtime이 인식하지 못하는 blocking syscall에 들어갔다. 다른 logical thread에 어떤 영향이 가능한가?,MODEL_ANSWER_SUFFICIENT,"하나의 중심 판단으로 수렴해 모델답변·설명으로 직접 대조 가능: “유일한 carrier가 kernel에서 block되면 그 carrier 위 다른 logical thread도 CPU를 얻지 못할 수 있다. non-blocking integration, blocking 전용 carrier/pool 또는 여러 kernel thread mapping 같은 설계가 필요하다.”",YES_CONTEXT_USED,NO_CONTENT_CHANGE,169,196,0.448
operating-systems,operating-systems.core.threads.user-level-thread.q4,DESCRIPTIVE,PUBLISHED,MEDIUM,operating-systems.core.threads.user-level-thread,'user-level thread 하나가 blocking되면 process 전체가 항상 멈춘다'라는 설명이 일반적으로 부정확한 이유를 설명하라.,MODEL_ANSWER_SUFFICIENT,하나의 중심 판단으로 수렴해 모델답변·설명으로 직접 대조 가능: “runtime mapping과 blocking integration에 따라 결과가 달라진다. 여러 carrier를 쓰거나 blocking-aware runtime이면 다른 logical thread는 계속 실행될 수 있으므로 many-to-one의 단순 모델을 모든 user-level thread 구현에 일반화하면 안 된다.”,NOT_APPLICABLE,NO_CONTENT_CHANGE,182,220,0.217
operating-systems,operating-systems.core.threads.thread-create-switch-cost.q2,DESCRIPTIVE,PUBLISHED,MEDIUM,operating-systems.core.threads.thread-create-switch-cost,매우 짧은 task마다 새 platform thread를 만들 때 thread pool이 유리할 수 있는 이유를 설명하라.,MODEL_ANSWER_SUFFICIENT,하나의 중심 판단으로 수렴해 모델답변·설명으로 직접 대조 가능: “worker와 stack/context를 재사용해 매 task의 creation/start/teardown 비용을 amortize할 수 있고 동시에 active thread 수를 제한할 수 있다.”,NOT_APPLICABLE,NO_CONTENT_CHANGE,109,161,0.464
operating-systems,operating-systems.core.threads.thread-create-switch-cost.q3,SCENARIO,PUBLISHED,HARD,operating-systems.core.threads.thread-create-switch-cost,thread 수를 크게 줄였더니 context switch는 감소했지만 지연 시간이 악화됐다. 가능한 이유를 설명하라.,MODEL_ANSWER_SUFFICIENT,"하나의 중심 판단으로 수렴해 모델답변·설명으로 직접 대조 가능: “worker가 부족해 task가 queue에서 오래 기다리는 병목으로 이동했을 수 있다. context switch만 최적화하지 말고 queue wait, active worker, execution time, 처리량과 downstream wait를 함께 봐야 한다.”",YES_CONTEXT_USED,NO_CONTENT_CHANGE,149,178,0.188
operating-systems,operating-systems.core.threads.concurrency-vs-parallelism.q2,DESCRIPTIVE,PUBLISHED,MEDIUM,operating-systems.core.threads.concurrency-vs-parallelism,I/O-bound server에서 concurrency가 성능에 도움이 되는 이유를 CPU parallelism과 구분해서 설명하라.,STRUCTURED_CRITERIA_USEFUL,overlap other work during I/O wait | CPU simultaneous execution definition | why concurrency need not add CPU parallelism,NOT_APPLICABLE,NO_CONTENT_CHANGE,108,178,0.296
operating-systems,operating-systems.core.threads.concurrency-vs-parallelism.q3,SCENARIO,PUBLISHED,MEDIUM,operating-systems.core.threads.concurrency-vs-parallelism,2-core CPU에서 CPU-bound task 100개를 concurrent하게 만들었지만 처리량이 거의 늘지 않았다. 이유를 설명하라.,MODEL_ANSWER_SUFFICIENT,하나의 중심 판단으로 수렴해 모델답변·설명으로 직접 대조 가능: “100개 task를 동시에 관리할 수 있어도 실제 CPU parallelism은 core resource에 제한된다. 추가 runnable task는 queue와 context switch를 늘릴 수 있어 work partitioning과 적정 parallelism이 필요하다.”,YES_CONTEXT_USED,NO_CONTENT_CHANGE,155,179,0.190
operating-systems,operating-systems.core.threads.thread-count-workload.q2,DESCRIPTIVE,PUBLISHED,MEDIUM,operating-systems.core.threads.thread-count-workload,"한 task가 전체 10ms 중 CPU 1ms, blocking I/O 9ms를 사용한다. 왜 CPU core 수보다 많은 in-flight task가 도움이 될 수 있는가?",MODEL_ANSWER_SUFFICIENT,하나의 중심 판단으로 수렴해 모델답변·설명으로 직접 대조 가능: “한 task가 9ms 동안 waiting일 때 다른 task가 CPU를 사용할 수 있어 대기 시간을 겹칠 수 있기 때문이다. 하지만 실제 유효 동시성은 downstream와 memory/resource limit에 의해 제한된다.”,NOT_APPLICABLE,NO_CONTENT_CHANGE,128,191,0.418
operating-systems,operating-systems.core.threads.thread-count-workload.q3,SCENARIO,PUBLISHED,HARD,operating-systems.core.threads.thread-count-workload,executor는 200 worker인데 DB pool은 20이다. DB-bound 요청이 몰릴 때 worker를 400으로 늘리는 것이 처리량을 두 배로 만들지 못할 수 있는 이유를 설명하라.,MODEL_ANSWER_SUFFICIENT,"하나의 중심 판단으로 수렴해 모델답변·설명으로 직접 대조 가능: “동시에 DB work를 수행하는 capacity는 connection pool 20에 제한되므로 추가 worker는 connection을 기다리는 task만 늘릴 수 있다. DB pool wait, queue, 처리량과 DB saturation을 측정해야 한다.”",YES_CONTEXT_USED,NO_CONTENT_CHANGE,146,207,0.370
operating-systems,operating-systems.core.threads.thread-pool.q2,DESCRIPTIVE,PUBLISHED,MEDIUM,operating-systems.core.threads.thread-pool,unbounded queue가 overload 문제를 해결하는 것이 아니라 지연시키는 이유를 설명하라.,STRUCTURED_CRITERIA_USEFUL,worker creation reuse cost | active thread bound | queueing/throughput trade-off,NOT_APPLICABLE,NO_CONTENT_CHANGE,120,165,0.339
operating-systems,operating-systems.core.threads.thread-pool.q3,SCENARIO,PUBLISHED,HARD,operating-systems.core.threads.thread-pool,"다음 실행 상태를 생각하자.

- Worker 1: A 실행 → child task 제출 → child의 get() 대기
- Worker 2: B 실행 → child task 제출 → child의 get() 대기
- 두 child task: 같은 pool queue에서 대기

질문: 왜 progress가 멈출 수 있는가?",STRUCTURED_CRITERIA_USEFUL,context-switch reduction | queue-wait bottleneck after worker reduction | downstream and service-time measures,YES_CONTEXT_USED,NO_CONTENT_CHANGE,137,192,0.412
operating-systems,operating-systems.core.threads.thread-pool.q4,DESCRIPTIVE,PUBLISHED,MEDIUM,operating-systems.core.threads.thread-pool,bounded queue가 꽉 찼을 때 rejection 정책을 반드시 정의해야 하는 이유를 설명하라.,MODEL_ANSWER_SUFFICIENT,"하나의 중심 판단으로 수렴해 모델답변·설명으로 직접 대조 가능: “capacity 초과 task를 무한 대기시키지 않고 caller에 overload를 드러내기 위해서다. reject, caller-runs, rate limit 등 선택은 upstream backpressure와 지연 시간/error contract에 영향을 준다.”",NOT_APPLICABLE,NO_CONTENT_CHANGE,149,185,0.391
operating-systems,operating-systems.core.threads.java-virtual-thread-boundary.q2,DESCRIPTIVE,PUBLISHED,MEDIUM,operating-systems.core.threads.java-virtual-thread-boundary,"virtual thread 100,000개를 만들었다고 CPU parallelism이 100,000이 되는 것이 아닌 이유를 설명하라.",MODEL_ANSWER_SUFFICIENT,하나의 중심 판단으로 수렴해 모델답변·설명으로 직접 대조 가능: “virtual thread는 JDK scheduler가 carrier platform thread에 mount해 실행하고 실제 CPU execution은 carrier와 CPU resource에 제한된다. 많은 virtual thread는 concurrency를 저렴하게 표현할 수 있지만 CPU core를 추가하지 않는다.”,NOT_APPLICABLE,NO_CONTENT_CHANGE,181,198,0.470
operating-systems,operating-systems.core.threads.java-virtual-thread-boundary.q3,SCENARIO,PUBLISHED,MEDIUM,operating-systems.core.threads.java-virtual-thread-boundary,Java 25에서 `synchronized` block 안의 일반적인 blocking I/O가 항상 carrier pinning을 만든다고 설명하면 왜 잘못인가?,MODEL_ANSWER_SUFFICIENT,하나의 중심 판단으로 수렴해 모델답변·설명으로 직접 대조 가능: “JEP 491이 JDK 24에 반영되면서 monitor 보유 때문에 발생하던 일반적인 synchronized pinning 제약이 제거되었다. Java 25에서는 native/foreign call 등 남은 pinning 또는 carrier 점유 경계를 따로 확인해야 한다.”,YES_CONTEXT_USED,NO_CONTENT_CHANGE,153,223,0.423
operating-systems,operating-systems.core.threads.java-virtual-thread-boundary.q4,SCENARIO,PUBLISHED,HARD,operating-systems.core.threads.java-virtual-thread-boundary,virtual thread를 도입한 뒤 요청 concurrency를 크게 늘렸지만 DB 처리량은 그대로이고 connection wait만 증가했다. 원인을 분석하라.,MODEL_ANSWER_SUFFICIENT,하나의 중심 판단으로 수렴해 모델답변·설명으로 직접 대조 가능: “virtual thread는 blocking concurrency의 thread 비용을 낮추지만 DB connection pool과 database capacity를 늘리지 않는다. downstream capacity가 병목이므로 virtual thread 수와 DB 동시성 budget을 분리하고 backpressure를 유지해야 한다.”,YES_CONTEXT_USED,NO_CONTENT_CHANGE,189,238,0.462
operating-systems,operating-systems.core.virtual-memory.virtual-address-space.q2,DESCRIPTIVE,PUBLISHED,MEDIUM,operating-systems.core.virtual-memory.virtual-address-space,process가 8GiB virtual range를 예약했지만 실제로 300MiB 정도만 resident라면 두 숫자가 다른 이유를 설명하라.,MODEL_ANSWER_SUFFICIENT,"하나의 중심 판단으로 수렴해 모델답변·설명으로 직접 대조 가능: “virtual mapping이나 reservation은 address range를 정의하지만 모든 page가 즉시 physical frame을 차지하는 것은 아니다. demand paging, file mapping, 아직 접근하지 않은 page 때문에 virtual size와 resident set이 다를 수 있다.”",NOT_APPLICABLE,NO_CONTENT_CHANGE,178,177,0.479
operating-systems,operating-systems.core.virtual-memory.virtual-address-space.q3,SCENARIO,PUBLISHED,MEDIUM,operating-systems.core.virtual-memory.virtual-address-space,운영자가 virtual size만 보고 container의 실제 memory pressure를 판단했다. 어떤 지표와 상태를 추가로 확인해야 하는가?,MODEL_ANSWER_SUFFICIENT,"하나의 중심 판단으로 수렴해 모델답변·설명으로 직접 대조 가능: “RSS/resident set, anonymous/file-backed memory, page fault와 reclaim, JVM heap/native/direct memory, container limit을 함께 본다. virtual reservation 자체는 physical residency와 동일하지 않다.”",YES_CONTEXT_USED,NO_CONTENT_CHANGE,176,225,0.440
operating-systems,operating-systems.core.virtual-memory.page-frame.q2,DESCRIPTIVE,PUBLISHED,MEDIUM,operating-systems.core.virtual-memory.page-frame,page size를 4KiB에서 더 크게 만들 때 일반적으로 줄어들 수 있는 비용과 늘어날 수 있는 비용을 각각 설명하라.,STRUCTURED_CRITERIA_USEFUL,page-table/TLB overhead reduction | internal fragmentation increase | unnecessary page-in/fault cost,NOT_APPLICABLE,NO_CONTENT_CHANGE,169,200,0.366
operating-systems,operating-systems.core.virtual-memory.page-frame.q3,SCENARIO,PUBLISHED,MEDIUM,operating-systems.core.virtual-memory.page-frame,16KiB page를 사용하는 시스템에서 100KiB의 독립적인 mapping이 page 단위로만 frame을 소비한다면 최소 몇 page가 필요한가? 내부적으로 사용되지 않는 마지막 page 공간도 계산하라.,MODEL_ANSWER_SUFFICIENT,하나의 중심 판단으로 수렴해 모델답변·설명으로 직접 대조 가능: “ceil(100/16)=7 page가 필요해 112KiB가 page 단위로 확보된다. 마지막까지 합쳐 최대 12KiB가 이 단순 계산에서 사용되지 않는 공간이다.”,YES_CONTEXT_USED,NO_CONTENT_CHANGE,90,121,0.342
operating-systems,operating-systems.core.virtual-memory.page-table.q2,DESCRIPTIVE,PUBLISHED,MEDIUM,operating-systems.core.virtual-memory.page-table,page table이 translation뿐 아니라 protection 경계에도 참여하는 이유를 설명하라.,MODEL_ANSWER_SUFFICIENT,하나의 중심 판단으로 수렴해 모델답변·설명으로 직접 대조 가능: “mapping에는 read/write/execute와 privilege 같은 접근 조건이 함께 표현될 수 있다. 같은 virtual page가 mapping되어 있어도 요청한 access가 permission을 위반하면 정상 translation으로 처리하지 않고 fault가 발생할 수 있다.”,NOT_APPLICABLE,NO_CONTENT_CHANGE,164,186,0.373
operating-systems,operating-systems.core.virtual-memory.page-table.q3,SCENARIO,PUBLISHED,HARD,operating-systems.core.virtual-memory.page-table,read-only executable mapping을 writable하게 잘못 설정하고 여러 process가 같은 physical page를 공유한다면 어떤 보호 문제가 생길 수 있는가?,MODEL_ANSWER_SUFFICIENT,하나의 중심 판단으로 수렴해 모델답변·설명으로 직접 대조 가능: “한 process나 bug가 code page를 수정해 실행 내용이나 다른 sharing participant가 보는 상태를 훼손할 수 있다. mapping과 sharing 목적에 맞는 최소 permission을 유지하고 private/shared semantics를 구분해야 한다.”,YES_CONTEXT_USED,NO_CONTENT_CHANGE,158,199,0.269
operating-systems,operating-systems.core.virtual-memory.page-fault.q2,DESCRIPTIVE,PUBLISHED,MEDIUM,operating-systems.core.virtual-memory.page-fault,복구 가능한 page fault의 일반적인 처리 흐름을 순서대로 설명하라.,STRUCTURED_CRITERIA_USEFUL,fault and permission validation | frame/content preparation | mapping update and instruction retry versus invalid-mapping failure,NOT_APPLICABLE,NO_CONTENT_CHANGE,170,228,0.481
operating-systems,operating-systems.core.virtual-memory.page-fault.q3,SCENARIO,PUBLISHED,MEDIUM,operating-systems.core.virtual-memory.page-fault,"배포 직후와 warm 상태에서 전체 page-fault 수는 비슷하지만 지연 시간이 다르다.

질문: Linux 운영 지표에서 두 상태의 어떤 차이를 우선 확인해야 하는가?",STRUCTURED_CRITERIA_USEFUL,minor versus major fault distinction | cold/warm residency and I/O cause | equal counts with different latency cost,YES_CONTEXT_USED,NO_CONTENT_CHANGE,197,186,0.353
operating-systems,operating-systems.core.virtual-memory.page-fault.q4,DESCRIPTIVE,PUBLISHED,MEDIUM,operating-systems.core.virtual-memory.page-fault,COW로 보호된 page에 write할 때 fault handler가 새 frame과 mapping을 준비한 뒤 원래 store instruction을 재시도해야 하는 이유는?,MODEL_ANSWER_SUFFICIENT,하나의 중심 판단으로 수렴해 모델답변·설명으로 직접 대조 가능: “fault는 원래 store가 정상 완료되지 못해 발생한 것이다. handler는 store 자체의 application semantics를 대신 수행하기보다 write 가능한 private translation을 준비하고 저장된 PC/context로 원래 instruction을 다시 실행시켜야 한다.”,NOT_APPLICABLE,NO_CONTENT_CHANGE,169,214,0.360
operating-systems,operating-systems.core.virtual-memory.demand-paging.q2,DESCRIPTIVE,PUBLISHED,MEDIUM,operating-systems.core.virtual-memory.demand-paging,demand paging이 없애는 비용이 아니라 이동시키는 비용이라고 하는 이유를 설명하라.,MODEL_ANSWER_SUFFICIENT,하나의 중심 판단으로 수렴해 모델답변·설명으로 직접 대조 가능: “사용하지 않을 page의 초기 allocation/load는 피하지만 실제 첫 접근 시 fault 처리와 필요하면 page-in 비용을 지불한다. 시작과 first-touch/steady-state 비용의 위치가 달라지는 것이다.”,NOT_APPLICABLE,NO_CONTENT_CHANGE,128,149,0.488
operating-systems,operating-systems.core.virtual-memory.demand-paging.q3,SCENARIO,PUBLISHED,MEDIUM,operating-systems.core.virtual-memory.demand-paging,readiness check 직후 첫 실제 요청만 반복해서 느린 서비스가 있다. demand paging 관점에서 확인하고 개선할 수 있는 방법을 설명하라.,STRUCTURED_CRITERIA_USEFUL,readiness fails to touch hot pages | first-request fault verification | bounded warm-up benefit versus startup memory/load,YES_CONTEXT_USED,NO_CONTENT_CHANGE,134,173,0.517
operating-systems,operating-systems.core.virtual-memory.page-replacement.q3,SCENARIO,PUBLISHED,MEDIUM,operating-systems.core.virtual-memory.page-replacement,재사용 가능성이 비슷한 두 victim 후보 중 하나는 clean file-backed page이고 다른 하나는 dirty page다. eviction 비용 관점에서 무엇을 추가 고려해야 하는가?,MODEL_ANSWER_SUFFICIENT,"하나의 중심 판단으로 수렴해 모델답변·설명으로 직접 대조 가능: “dirty page는 backing store에 write-back이 필요할 수 있어 eviction path가 더 비싸다. policy는 locality뿐 아니라 dirty state와 backing type, write pressure까지 고려해야 한다.”",YES_CONTEXT_USED,NO_CONTENT_CHANGE,144,182,0.479
operating-systems,operating-systems.core.virtual-memory.page-replacement.q4,SCENARIO,PUBLISHED,HARD,operating-systems.core.virtual-memory.page-replacement,"replacement policy를 LRU 근사로 바꿨는데도 fault rate가 거의 줄지 않았다. active working set 10GiB, 실제 확보 가능한 resident budget 4GiB라면 무엇을 의심해야 하는가?",MODEL_ANSWER_SUFFICIENT,하나의 중심 판단으로 수렴해 모델답변·설명으로 직접 대조 가능: “policy 품질보다 capacity 부족이 지배적이다. active working set을 담을 수 없으므로 concurrency/working-set을 줄이거나 memory budget을 늘려야 하며 replacement 미세 조정만으로는 해결하기 어렵다.”,YES_CONTEXT_USED,NO_CONTENT_CHANGE,145,209,0.373
operating-systems,operating-systems.core.virtual-memory.locality-working-set.q2,DESCRIPTIVE,PUBLISHED,MEDIUM,operating-systems.core.virtual-memory.locality-working-set,working set을 시간 구간별로 봐야 하는 이유를 설명하라.,MODEL_ANSWER_SUFFICIENT,하나의 중심 판단으로 수렴해 모델답변·설명으로 직접 대조 가능: “프로그램 phase가 바뀌면 활발히 사용하는 code/data page도 바뀐다. 전체 실행의 모든 page를 한 집합으로 합치면 특정 시점에 실제로 필요한 resident set과 locality를 과대평가할 수 있다.”,NOT_APPLICABLE,NO_CONTENT_CHANGE,123,159,0.436
operating-systems,operating-systems.core.virtual-memory.locality-working-set.q3,SCENARIO,PUBLISHED,MEDIUM,operating-systems.core.virtual-memory.locality-working-set,active working set이 5 page인데 실질적으로 3 frame만 유지할 수 있고 다섯 page를 반복 순회한다. 어떤 fault pattern을 예상하는가?,MODEL_ANSWER_SUFFICIENT,하나의 중심 판단으로 수렴해 모델답변·설명으로 직접 대조 가능: “active page를 모두 유지하지 못해 필요한 page를 계속 eviction하고 다시 fault하는 높은 miss/fault rate가 예상된다. replacement policy보다 frame budget 부족이 핵심일 수 있다.”,YES_CONTEXT_USED,NO_CONTENT_CHANGE,132,169,0.380
operating-systems,operating-systems.core.virtual-memory.thrashing.q2,DESCRIPTIVE,PUBLISHED,MEDIUM,operating-systems.core.virtual-memory.thrashing,memory pressure 때문에 여러 process가 대부분 page-in을 기다려 CPU가 낮게 보이는 상황에서 process 수를 더 늘리면 왜 악화될 수 있는가?,MODEL_ANSWER_SUFFICIENT,하나의 중심 판단으로 수렴해 모델답변·설명으로 직접 대조 가능: “추가 process의 working set이 memory 수요를 더 키워 eviction과 fault를 증가시킨다. CPU가 낮은 원인이 계산 부족이 아니라 paging wait라면 multiprogramming 증가가 오히려 useful 처리량을 낮춘다.”,NOT_APPLICABLE,NO_CONTENT_CHANGE,143,170,0.403
operating-systems,operating-systems.core.virtual-memory.thrashing.q3,SCENARIO,PUBLISHED,HARD,operating-systems.core.virtual-memory.thrashing,"배포 후 `major faults↑`, storage 지연 시간↑, CPU useful work↓, 동시 batch 수↑가 동시에 관찰된다. 우선 적용할 개선 방향과 검증 지표를 설명하라.",MODEL_ANSWER_SUFFICIENT,하나의 중심 판단으로 수렴해 모델답변·설명으로 직접 대조 가능: “동시 batch/admission을 줄여 aggregate working set을 낮추고 fault·page-in·storage 지연 시간·처리량이 회복되는지 본다. 필요하면 memory budget과 application working set도 조정한다.”,YES_CONTEXT_USED,NO_CONTENT_CHANGE,143,223,0.349
operating-systems,operating-systems.core.virtual-memory.copy-on-write.q2,DESCRIPTIVE,PUBLISHED,MEDIUM,operating-systems.core.virtual-memory.copy-on-write,parent와 child가 frame F를 COW로 공유하다 child가 처음 write한다. 필요한 상태 변화를 순서대로 설명하라.,MODEL_ANSWER_SUFFICIENT,하나의 중심 판단으로 수렴해 모델답변·설명으로 직접 대조 가능: “write-protected/COW mapping에서 fault가 발생하고 kernel이 새 frame을 확보해 필요한 내용을 복사한다. child mapping을 새 frame으로 바꾸고 writable하게 만든 뒤 store를 재시도하며 parent는 기존 frame을 유지한다.”,NOT_APPLICABLE,NO_CONTENT_CHANGE,158,187,0.581
operating-systems,operating-systems.core.virtual-memory.copy-on-write.q3,SCENARIO,PUBLISHED,HARD,operating-systems.core.virtual-memory.copy-on-write,"fork 직후 child가 곧 `exec()`하는 workload에서 COW가 특히 유리한 이유와, 반대로 child가 거의 모든 page를 수정할 때의 비용을 비교하라.",STRUCTURED_CRITERIA_USEFUL,unmodified pages avoided before exec | write-heavy copy/fault cost | workload-dependent trade-off,YES_CONTEXT_USED,NO_CONTENT_CHANGE,128,169,0.389
operating-systems,operating-systems.core.virtual-memory.copy-on-write.q4,DESCRIPTIVE,PUBLISHED,MEDIUM,operating-systems.core.virtual-memory.copy-on-write,Java의 immutable object를 수정 시 새 객체로 교체하는 패턴과 OS fork COW가 같은 보장을 제공한다고 보면 안 되는 이유는?,MODEL_ANSWER_SUFFICIENT,하나의 중심 판단으로 수렴해 모델답변·설명으로 직접 대조 가능: “OS COW는 page-table protection과 fault를 이용한 process virtual-memory mapping 동작이고 Java object copy/immutability는 language/runtime data-structure 정책이다. thread-safety와 visibility 보장도 별도 층에서 결정된다.”,NOT_APPLICABLE,NO_CONTENT_CHANGE,189,193,0.442
operating-systems,operating-systems.core.virtual-memory.stack-heap-mapping.q2,DESCRIPTIVE,PUBLISHED,MEDIUM,operating-systems.core.virtual-memory.stack-heap-mapping,Java heap OOM과 StackOverflowError를 같은 memory 실패로만 처리하면 안 되는 이유를 설명하라.,MODEL_ANSWER_SUFFICIENT,"하나의 중심 판단으로 수렴해 모델답변·설명으로 직접 대조 가능: “heap은 dynamic object lifetime과 GC/heap budget에 연결되고 stack은 thread별 call depth/frame과 stack limit에 연결된다. 회수 주체와 개선 방법이 다르므로 heap, thread 수, recursion/stack 상태를 분리해 본다.”",NOT_APPLICABLE,NO_CONTENT_CHANGE,166,180,0.529
operating-systems,operating-systems.core.virtual-memory.stack-heap-mapping.q3,SCENARIO,PUBLISHED,HARD,operating-systems.core.virtual-memory.stack-heap-mapping,container memory limit 안에서 JVM heap을 크게 늘린 뒤 direct buffer와 mapped file workload의 지연 시간이 악화됐다. 어떤 memory 영역 경쟁을 점검해야 하는가?,MODEL_ANSWER_SUFFICIENT,"하나의 중심 판단으로 수렴해 모델답변·설명으로 직접 대조 가능: “Java heap 외에 native/direct memory, thread stack, file-backed resident pages가 같은 physical/container budget에 압력을 줄 수 있다. heap 사용량만 보지 말고 RSS, native allocation, mapped pages, fault/reclaim을…”",YES_CONTEXT_USED,NO_CONTENT_CHANGE,194,241,0.457
performance-observability-operations,performance.core.measurement.latency-throughput.q2,SCENARIO,PUBLISHED,MEDIUM,performance.core.measurement.latency-throughput,"관측 결과는 다음과 같다.

| Signal | 변화 |
| --- | --- |
| 평균 지연 시간 | 100ms로 유지 |
| p99 지연 시간 | 2초로 증가 |
| Timeout | 증가 |

어떤 현상을 의심하고 어떤 추가 지표를 확인해야 하는가?",STRUCTURED_CRITERIA_USEFUL,"mean latency hides tail regression | queue/downstream stall hypotheses | percentile, concurrency, retry/error and measurement-boundary checks",YES_CONTEXT_USED,NO_CONTENT_CHANGE,202,51,0.089
performance-observability-operations,performance.core.measurement.latency-throughput.q3,DESCRIPTIVE,PUBLISHED,HARD,performance.core.measurement.latency-throughput,"처리량을 두 배로 높인 뒤 다음 변화가 관측되었다.

- 처리량: 증가
- p99 지연 시간: 악화
- Error rate: 악화

이를 성능 개선이라고 단정하면 안 되는 이유와 판단 기준을 설명하라.",STRUCTURED_CRITERIA_USEFUL,successful throughput versus attempts/retries | latency/error/capacity trade-off | user SLO and same-workload success criterion,NOT_APPLICABLE,NO_CONTENT_CHANGE,219,36,0.060
performance-observability-operations,performance.core.measurement.saturation-queueing.q2,SCENARIO,PUBLISHED,MEDIUM,performance.core.measurement.saturation-queueing,"DB connection pool에서 다음 결과가 함께 관측된다.

| Signal | 관측 결과 |
| --- | --- |
| Utilization | 70% |
| Connection wait time | 급증 |
| API p99 지연 시간 | 급증 |

Utilization만 보고 정상이라고 말할 수 없는 이유는?",STRUCTURED_CRITERIA_USEFUL,"average utilization hides burst/wait distributions | pool versus database bottleneck | connection, query/lock, queue and timeout evidence",YES_CONTEXT_USED,NO_CONTENT_CHANGE,213,37,0.071
performance-observability-operations,performance.core.measurement.saturation-queueing.q3,DESCRIPTIVE,PUBLISHED,HARD,performance.core.measurement.saturation-queueing,무제한 queue를 두면 순간적인 overload를 흡수할 수 있다는 설계의 위험과 bounded queue·load shedding의 운영 계약을 설명하라.,STRUCTURED_CRITERIA_USEFUL,"unbounded queue memory/age failure modes | bounded admission, shedding/backpressure policy | deadline, retry and user-state contract",NOT_APPLICABLE,NO_CONTENT_CHANGE,197,46,0.052
performance-observability-operations,performance.core.measurement.profiling-load-testing.q2,SCENARIO,PUBLISHED,MEDIUM,performance.core.measurement.profiling-load-testing,"변경 전후 load test에서 다음 결과를 얻었다.

- 새 version의 p99 지연 시간은 개선되었다.
- 새 version만 cache가 warm인 상태에서 측정되었다.

결과를 신뢰하기 전에 무엇을 보완해야 하는가?",STRUCTURED_CRITERIA_USEFUL,production sampling overhead and data protection | controlled load-test reproducibility | hot-path finding cross-check and before/after validation,YES_CONTEXT_USED,NO_CONTENT_CHANGE,193,58,0.137
performance-observability-operations,performance.core.measurement.profiling-load-testing.q3,DESCRIPTIVE,PUBLISHED,HARD,performance.core.measurement.profiling-load-testing,"Production의 JFR 같은 sampling recording과 별도 load test를 함께 사용할 때 다음 조건을 어떻게 관리할지 설명하라.

- Recording overhead
- 민감 데이터
- 실험 재현성
- 원인 검증",MODEL_ANSWER_SUFFICIENT,하나의 중심 판단으로 수렴해 모델답변·설명으로 직접 대조 가능: “production recording은 짧은 기간과 낮은 overhead의 sampling으로 범위를 제한하고 파일 접근과 민감 데이터 보존을 통제한다. load test는 version·JVM·resource·dataset·cache·요청 mix·warm-up을 고정해 capacity를 재현한다. profiler가 찾은 hot…”,NOT_APPLICABLE,NO_CONTENT_CHANGE,259,71,0.191
performance-observability-operations,performance.core.observability.signals-context.q2,SCENARIO,PUBLISHED,MEDIUM,performance.core.observability.signals-context,"다음 두 관측 결과가 서로 다르다.

- Error rate metric: 정상
- 고객 경험: timeout 발생

Trace와 log를 연결하기 위해 어떤 context와 측정 경계를 확인해야 하는가?",STRUCTURED_CRITERIA_USEFUL,client/LB/server error-boundary mismatch | trace/log context propagation | downstream evidence and retry-aware metric accounting,YES_CONTEXT_USED,NO_CONTENT_CHANGE,228,49,0.143
performance-observability-operations,performance.core.observability.signals-context.q3,DESCRIPTIVE,PUBLISHED,HARD,performance.core.observability.signals-context,모든 요청 body를 log로 남기는 대신 metric·trace·log를 조합해 오류 분석 가능성을 유지하는 telemetry 설계를 설명하라.,STRUCTURED_CRITERIA_USEFUL,bounded-cardinality metric dimensions | sampled trace/log correlation | body/secret redaction and error-aware sampling/retention,NOT_APPLICABLE,NO_CONTENT_CHANGE,296,60,0.061
performance-observability-operations,performance.core.observability.sli-slo-error-budget.q2,SCENARIO,PUBLISHED,MEDIUM,performance.core.observability.sli-slo-error-budget,"최근 release 뒤 관측 결과는 다음과 같다.

| Signal | 변화 |
| --- | --- |
| SLO error budget burn rate | 빠르게 증가 |
| 평균 지연 시간 | 거의 변화 없음 |

어떤 SLI 정의·분모·release 정책을 점검해야 하는가?",STRUCTURED_CRITERIA_USEFUL,tail and valid-response SLI definition | retry/health-check denominator | burn threshold release/rollback action,YES_CONTEXT_USED,NO_CONTENT_CHANGE,212,42,0.100
performance-observability-operations,performance.core.observability.sli-slo-error-budget.q3,DESCRIPTIVE,PUBLISHED,HARD,performance.core.observability.sli-slo-error-budget,"가용성 SLO를 만들 때 다음 측정 계약을 명시해야 하는 이유를 설명하라.

- Numerator와 denominator
- Timeout
- Planned maintenance

또한 error budget을 engineering decision에 연결하는 방법을 설명하라.",STRUCTURED_CRITERIA_USEFUL,good-event numerator and eligible denominator | timeout/maintenance exclusion contract | validated budget-triggered engineering action,NOT_APPLICABLE,NO_CONTENT_CHANGE,274,65,0.232
performance-observability-operations,performance.core.observability.metric-cardinality.q2,SCENARIO,PUBLISHED,MEDIUM,performance.core.observability.metric-cardinality,"다음 순서로 telemetry 문제가 발생했다.

1. 요청 ID를 metric label에 추가한다.
2. Ingestion memory가 급증한다.
3. Query 지연 시간이 급증한다.

원인을 어떻게 확인하고 상세 correlation은 어떻게 보존할 것인가?",STRUCTURED_CRITERIA_USEFUL,per-request series explosion diagnosis | bounded metric labels | request identity moved to trace/log correlation,YES_CONTEXT_USED,NO_CONTENT_CHANGE,209,41,0.088
performance-observability-operations,performance.core.observability.metric-cardinality.q3,DESCRIPTIVE,PUBLISHED,HARD,performance.core.observability.metric-cardinality,"다음 label을 모두 포함한 metric schema를 검토하고 있다.

- `service`
- `version`
- `instance`
- `region`
- `route`
- `status`

Series 수, 실제 운영 질문, 저장·질의 비용을 어떻게 평가할지 설명하라.",STRUCTURED_CRITERIA_USEFUL,label cardinality upper bound | operational query value by dimension | retention/query budget and overflow controls,NOT_APPLICABLE,NO_CONTENT_CHANGE,284,52,0.101
performance-observability-operations,performance.core.operations.alert-runbook.q2,SCENARIO,PUBLISHED,MEDIUM,performance.core.operations.alert-runbook,"현재 alert 상태는 다음과 같다.

| Signal | 관측 결과 |
| --- | --- |
| CPU 90% | 매일 짧게 발생해 on-call이 무시하기 시작함 |
| 간헐적 SLO burn | Paging되지 않음 |

어떤 개선을 우선해야 하는가?",STRUCTURED_CRITERIA_USEFUL,user-impact paging signal versus resource trend | alert severity/routing | historical false-positive/miss and runbook validation,YES_CONTEXT_USED,NO_CONTENT_CHANGE,219,47,0.157
performance-observability-operations,performance.core.operations.alert-runbook.q3,DESCRIPTIVE,PUBLISHED,HARD,performance.core.operations.alert-runbook,SLO burn alert와 resource trend alert를 하나의 paging rule로 합치지 않고 서로 다른 운영 경로로 두는 설계를 설명하라.,STRUCTURED_CRITERIA_USEFUL,"SLO burn page path versus capacity ticket path | separate thresholds/windows | deduplication, recovery and incident-based validation",NOT_APPLICABLE,NO_CONTENT_CHANGE,272,64,0.122
performance-observability-operations,performance.core.operations.incident-response.q2,SCENARIO,PUBLISHED,MEDIUM,performance.core.operations.incident-response,"다음 상태에서 incident가 발생했다.

1. 잘못된 release로 지연 시간이 악화된다.
2. Database migration은 이미 적용되었다.
3. Application rollback을 검토한다.

Rollback만 실행하면 위험할 수 있는 이유와 대응 순서는?",STRUCTURED_CRITERIA_USEFUL,application rollback versus persistent schema/side effects | safe mitigation and compatibility checks | reconciliation after rollback,YES_CONTEXT_USED,NO_CONTENT_CHANGE,255,59,0.169
performance-observability-operations,performance.core.operations.incident-response.q3,DESCRIPTIVE,PUBLISHED,HARD,performance.core.operations.incident-response,"Incident timeline과 blameless postmortem이 재발 방지에 기여하도록 다음 두 범주의 기록을 설명하라.

- 보존해야 할 evidence
- 후속 action의 완료·검증 contract",STRUCTURED_CRITERIA_USEFUL,"timeline and system evidence to preserve | contributing-condition analysis | owned, dated, verifiable follow-up actions",NOT_APPLICABLE,NO_CONTENT_CHANGE,264,45,0.079
performance-observability-operations,performance.core.operations.capacity-autoscaling.q2,SCENARIO,PUBLISHED,MEDIUM,performance.core.operations.capacity-autoscaling,"Autoscaling 뒤 다음 변화가 관측되었다.

1. HPA가 queue backlog를 보고 replica를 늘린다.
2. DB connection exhaustion이 발생한다.
3. Timeout이 더 증가한다.

Scale-out이 문제를 해결하지 못한 이유와 필요한 guard는?",STRUCTURED_CRITERIA_USEFUL,"replica-driven downstream connection amplification | true bottleneck diagnosis | per-pod budget, admission and database guardrails",YES_CONTEXT_USED,NO_CONTENT_CHANGE,267,47,0.154
performance-observability-operations,performance.core.operations.capacity-autoscaling.q3,DESCRIPTIVE,PUBLISHED,HARD,performance.core.operations.capacity-autoscaling,"Peak·burst·zone 장애를 견디는 capacity와 autoscaling 정책을 다음 관점에서 설계하라.

- Demand와 metric delay
- 시작과 warm-up
- 실패 headroom
- Downstream capacity
- Cost",STRUCTURED_CRITERIA_USEFUL,steady/burst and failure headroom | delayed metrics/startup/cooldown policy | downstream capacity and cost/SLO validation,NOT_APPLICABLE,NO_CONTENT_CHANGE,312,78,0.202
security,security.core.abuse.ssrf.q1,DESCRIPTIVE,PUBLISHED,HARD,security.core.abuse.ssrf,사용자가 제공한 URL을 backend가 fetch하는 기능에서 `https://trusted.example@127.0.0.1/admin` 같은 입력을 단순 startsWith 검사로만 막는 것이 위험한 이유는?,MODEL_ANSWER_SUFFICIENT,하나의 중심 판단으로 수렴해 모델답변·설명으로 직접 대조 가능: “문자열 prefix와 실제 URL parser가 해석하는 host가 다를 수 있다. URL을 canonical parse한 뒤 scheme/host/port를 allowlist와 비교하고 DNS resolution/redirect 후 destination도 private/metadata network로 바뀌지 않는지 통제해야 한다.”,NOT_APPLICABLE,NO_CONTENT_CHANGE,186,40,0.255
security,security.core.abuse.secret-logging.q1,SCENARIO,PUBLISHED,EASY,security.core.abuse.secret-logging,Authorization header를 중앙 log SaaS에 그대로 전송하는 것이 왜 DB에 password를 안전하게 hash한 것과 별개로 큰 위험인가?,MODEL_ANSWER_SUFFICIENT,하나의 중심 판단으로 수렴해 모델답변·설명으로 직접 대조 가능: “bearer token은 원문을 얻은 사람이 유효기간 동안 그대로 인증에 재사용할 수 있다. log는 여러 시스템에 복제되고 더 많은 운영자가 접근할 수 있으므로 credential 원문을 수집하지 않고 redaction/fingerprint를 사용해야 한다.”,YES_CONTEXT_USED,NO_CONTENT_CHANGE,145,28,0.089
security,security.core.abuse.ssrf.q2,SCENARIO,PUBLISHED,HARD,security.core.abuse.ssrf,"SSRF 방어가 다음 단계 중 첫 단계만 검증한다.

1. Initial URL host를 allowlist와 비교한다.
2. Redirect 뒤 destination은 확인하지 않는다.
3. DNS resolution 결과도 확인하지 않는다.

어떤 우회 위험이 생기는가?",STRUCTURED_CRITERIA_USEFUL,initial host allowlist check | redirect destination and DNS resolution revalidation | bounded redirect/response policy,YES_CONTEXT_USED,NO_CONTENT_CHANGE,210,58,0.174
security,security.core.abuse.file-path.q2,DESCRIPTIVE,PUBLISHED,MEDIUM,security.core.abuse.file-path,"파일 업로드 API가 다음 두 조건만 적용한다.

- 확장자가 `jpg`인지 확인한다.
- User filename을 저장 path로 사용한다.

어떤 추가 위험과 방어를 검토해야 하는가?",STRUCTURED_CRITERIA_USEFUL,path traversal/collision and extension spoofing | server-owned storage path and content validation | size/permission/download policy,NOT_APPLICABLE,NO_CONTENT_CHANGE,202,54,0.137
security,security.core.abuse.rate-limit.q2,SCENARIO,PUBLISHED,MEDIUM,security.core.abuse.rate-limit,"Login 실패를 다음 단일 기준으로 제한한다.

- Key: IP 주소 하나
- Limit: 분당 5회

이 정책만으로 공격 방어가 충분하지 않은 이유와 보완할 축을 설명하라.",STRUCTURED_CRITERIA_USEFUL,distributed-IP evasion | per-account targeted attack | privacy-aware signals and distributed counter/window policy,YES_CONTEXT_USED,NO_CONTENT_CHANGE,175,55,0.141
security,security.core.abuse.secret-logging.q2,DESCRIPTIVE,PUBLISHED,MEDIUM,security.core.abuse.secret-logging,access token을 로그에서 앞 8글자만 남기는 redaction도 항상 안전하다고 볼 수 없는 이유는?,MODEL_ANSWER_SUFFICIENT,"하나의 중심 판단으로 수렴해 모델답변·설명으로 직접 대조 가능: “부분값도 다른 로그·요청 id·시간과 결합해 credential을 추측하거나 민감한 사용자 식별자로 악용될 수 있고, token format에 따라 앞부분이 의미를 가질 수 있다. 원문을 수집하지 않는 설계를 우선하고 필요하면 단방향 fingerprint와 접근 제한·retention 정책을 사용한다.”",NOT_APPLICABLE,NO_CONTENT_CHANGE,169,53,0.127
security,security.core.access.ownership.q1,DESCRIPTIVE,PUBLISHED,EASY,security.core.access.ownership,모든 고객이 ROLE_USER이고 주문 조회 API도 ROLE_USER만 확인한다. 이 구조가 다른 사용자의 주문을 막지 못하는 이유와 필요한 검사를 설명하라.,MODEL_ANSWER_SUFFICIENT,하나의 중심 판단으로 수렴해 모델답변·설명으로 직접 대조 가능: “role은 같은 등급 사용자 모두에게 동일하므로 특정 주문의 owner인지 보장하지 않는다. current principal의 memberId와 order owner를 비교하는 resource-level authorization이 필요하다.”,NOT_APPLICABLE,NO_CONTENT_CHANGE,134,41,0.354
security,security.core.access.ownership.q2,SCENARIO,PUBLISHED,HARD,security.core.access.ownership,"주문 조회 흐름은 다음과 같다.

1. `findById(orderId)`로 주문을 조회한다.
2. Controller에서 현재 사용자와 owner를 비교한다.

이 방식의 보안 검토에서 누락되기 쉬운 경계와 보완 방법을 설명하라.",STRUCTURED_CRITERIA_USEFUL,all-path resource authorization coverage | existence/denial response and cache leakage | use-case ownership enforcement including bulk/export,YES_CONTEXT_USED,NO_CONTENT_CHANGE,205,81,0.261
security,security.core.access.bola-idor.q2,DESCRIPTIVE,PUBLISHED,MEDIUM,security.core.access.bola-idor,`GET /users/{userId}/orders/{orderId}`에서 `orderId`가 존재한다는 이유만으로 반환하면 BOLA가 되는 이유와 검사를 설명하라.,MODEL_ANSWER_SUFFICIENT,하나의 중심 판단으로 수렴해 모델답변·설명으로 직접 대조 가능: “identifier를 아는 인증 사용자가 다른 사용자의 object를 직접 요청할 수 있어 object-level authorization이 누락된다. 서버가 현재 principal의 identity와 order의 owner 또는 허용된 relationship을 비교한 뒤 반환해야 한다.”,NOT_APPLICABLE,NO_CONTENT_CHANGE,161,44,0.155
security,security.core.access.vertical.q2,SCENARIO,PUBLISHED,MEDIUM,security.core.access.vertical,일반 사용자 요청이 `role=ADMIN` field를 body에 넣어도 관리자 refund가 실행되면 안 되는 이유를 설명하라.,MODEL_ANSWER_SUFFICIENT,하나의 중심 판단으로 수렴해 모델답변·설명으로 직접 대조 가능: “authorization identity와 privilege는 client가 제출한 mutable field가 아니라 검증된 server-side principal과 정책에서 결정되어야 한다. body의 role을 신뢰하지 말고 관리자 권한 및 action-specific policy를 서버에서 검사해야 한다.”,YES_CONTEXT_USED,NO_CONTENT_CHANGE,174,49,0.230
security,security.core.auth-architecture.manager-provider.q1,DESCRIPTIVE,PUBLISHED,MEDIUM,security.core.auth-architecture.manager-provider,password login과 API key 인증을 하나의 AuthenticationProvider에 거대한 if문으로 넣는 대신 provider를 나눌 때 얻는 핵심 설계 이점은?,MODEL_ANSWER_SUFFICIENT,하나의 중심 판단으로 수렴해 모델답변·설명으로 직접 대조 가능: “각 credential type의 검증 책임과 dependency를 독립 provider로 분리하고 ProviderManager가 token type에 맞춰 위임하게 할 수 있어 변경·테스트·추가가 명확해진다.”,NOT_APPLICABLE,NO_CONTENT_CHANGE,117,53,0.241
security,security.core.auth-architecture.authentication-token.q2,SCENARIO,PUBLISHED,MEDIUM,security.core.auth-architecture.authentication-token,"Authentication token의 상태가 다음 순서로 바뀐다.

1. Login filter가 요청 password를 token에 담는다.
2. Token을 `AuthenticationManager`에 전달한다.
3. Manager가 성공 결과를 반환한다.

3단계 전까지 이 token을 어떤 상태로 취급해야 하는가?",STRUCTURED_CRITERIA_USEFUL,untrusted request credential state | verified authenticated principal transition | password/context exposure controls,YES_CONTEXT_USED,NO_CONTENT_CHANGE,214,72,0.168
security,security.core.auth-architecture.user-details.q2,DESCRIPTIVE,PUBLISHED,MEDIUM,security.core.auth-architecture.user-details,`UserDetailsService.loadUserByUsername`이 사용자 정보를 찾지 못했을 때 raw DB exception을 그대로 login 응답에 노출하면 안 되는 이유는?,MODEL_ANSWER_SUFFICIENT,"하나의 중심 판단으로 수렴해 모델답변·설명으로 직접 대조 가능: “DB schema와 계정 존재 여부가 외부에 노출되어 user enumeration과 내부 구조 추측을 돕고, framework/provider의 authentication 실패 contract도 깨뜨릴 수 있다. 내부 원인은 제한된 audit에 남기고 외부에는 일관된 credential 실패로 번역해야 한다.”",NOT_APPLICABLE,NO_CONTENT_CHANGE,174,63,0.292
security,security.core.authn-authz.authentication.q1,DESCRIPTIVE,PUBLISHED,EASY,security.core.authn-authz.authentication|security.core.authn-authz.authorization,로그인에 성공했다는 사실만으로 다른 회원의 주문 조회까지 허용되는가? authentication과 authorization을 나눠 설명하라.,MODEL_ANSWER_SUFFICIENT,하나의 중심 판단으로 수렴해 모델답변·설명으로 직접 대조 가능: “로그인 성공은 요청 주체가 누구인지 확인된 authentication 결과다. 특정 주문 조회 허용 여부는 별도 authorization 문제이며 ownership/role/policy를 서버에서 검사해야 한다.”,NOT_APPLICABLE,NO_CONTENT_CHANGE,118,43,0.094
security,security.core.authn-authz.identity-principal.q2,SCENARIO,PUBLISHED,MEDIUM,security.core.authn-authz.identity-principal,email을 login identifier로 쓰던 사용자가 email을 변경했다. audit log와 resource ownership을 계속 연결하려면 어떤 identity 설계가 필요한가?,MODEL_ANSWER_SUFFICIENT,하나의 중심 판단으로 수렴해 모델답변·설명으로 직접 대조 가능: “변경 가능한 email과 별도로 lifecycle 동안 유지되는 memberId 같은 stable identity를 principal/domain ownership의 기준으로 사용해야 한다. email은 login·표시용 attribute로 갱신하되 과거 audit와 resource 관계의 key는 바꾸지 않는다.”,YES_CONTEXT_USED,NO_CONTENT_CHANGE,176,49,0.153
security,security.core.authn-authz.authentication.q2,DESCRIPTIVE,PUBLISHED,MEDIUM,security.core.authn-authz.authentication,잘못된 password 로그인에 대해 서버가 ‘email은 존재하지만 password가 틀렸다’고 응답하려 한다. authentication 실패 응답에서 고려할 보안 이유는?,MODEL_ANSWER_SUFFICIENT,"하나의 중심 판단으로 수렴해 모델답변·설명으로 직접 대조 가능: “계정 존재 여부를 응답 차이로 노출하면 공격자가 user enumeration을 할 수 있다. credential 검증 실패를 외부에는 일관된 오류로 표현하고, 내부에는 rate limit·audit에 필요한 증거를 남기는 식으로 신뢰 경계와 관측을 분리한다.”",NOT_APPLICABLE,NO_CONTENT_CHANGE,145,63,0.315
security,security.core.authn-authz.authentication.q3,SCENARIO,PUBLISHED,MEDIUM,security.core.authn-authz.authentication,로그인 filter가 email과 raw password로 unauthenticated token을 만들고 `AuthenticationManager`에 전달했다. user lookup은 성공했다. `PasswordEncoder.matches`가 true인 경우와 false인 경우에 최종 authentication 상태와 `SecurityContext`가 어떻게 달라져야 하는지 설명하라.,MODEL_ANSWER_SUFFICIENT,하나의 중심 판단으로 수렴해 모델답변·설명으로 직접 대조 가능: “matches가 true이면 검증된 principal을 담은 authenticated `Authentication`이 만들어지고 성공 처리에서 `SecurityContext`에 설정된다. false이면 authentication이 실패하므로 authenticated identity를 만들거나 context에 설치해서는 안 된다.…”,YES_CONTEXT_USED,NO_CONTENT_CHANGE,221,190,0.288
security,security.core.browser.same-origin.q1,DESCRIPTIVE,PUBLISHED,MEDIUM,security.core.browser.same-origin|security.core.browser.csrf,SOP가 있으므로 evil.example에서 bank.example으로 state-changing form POST 자체가 절대 전송되지 않아 CSRF가 불가능하다는 설명이 틀린 이유는?,MODEL_ANSWER_SUFFICIENT,하나의 중심 판단으로 수렴해 모델답변·설명으로 직접 대조 가능: “SOP는 cross-origin interaction 전체를 금지하는 것이 아니며 form/navigation 같은 write는 가능한 경우가 있다. 공격자는 응답을 읽지 않아도 browser가 bank cookie를 붙인 state-changing 요청을 성공시키면 CSRF 목적을 달성할 수 있다.”,NOT_APPLICABLE,NO_CONTENT_CHANGE,168,51,0.169
security,security.core.browser.xss.q1,SCENARIO,PUBLISHED,MEDIUM,security.core.browser.xss|security.core.session-cookie.cookie-flags,session cookie가 HttpOnly인데 stored XSS가 발생했다. 공격 script가 cookie 값을 직접 읽지 못하므로 피해가 없다고 볼 수 있는가?,MODEL_ANSWER_SUFFICIENT,하나의 중심 판단으로 수렴해 모델답변·설명으로 직접 대조 가능: “아니다. script는 victim origin에서 실행되므로 browser가 HttpOnly cookie를 자동 첨부하는 same-origin API 요청을 수행하고 화면 데이터 조작/읽기 등을 할 수 있다. HttpOnly는 cookie 탈취 한 경로를 줄일 뿐 XSS 자체를 해결하지 않는다.”,YES_CONTEXT_USED,NO_CONTENT_CHANGE,166,27,0.013
security,security.core.browser.same-origin.q2,SCENARIO,PUBLISHED,MEDIUM,security.core.browser.same-origin,evil.example의 script가 bank.example의 응답 본문을 읽지 못하는데도 form POST로 송금을 유도할 수 있는 이유와 방어 지점을 설명하라.,MODEL_ANSWER_SUFFICIENT,하나의 중심 판단으로 수렴해 모델답변·설명으로 직접 대조 가능: “SOP는 cross-origin 응답 read를 제한하지만 form/navigation 같은 요청 전송까지 모두 막는 것은 아니다. cookie 기반 인증이 자동 첨부되는 state-changing endpoint에는 CSRF token 또는 SameSite 정책과 server-side 검증을 적용해야 한다.”,YES_CONTEXT_USED,NO_CONTENT_CHANGE,173,61,0.190
security,security.core.browser.cors-preflight.q2,DESCRIPTIVE,PUBLISHED,MEDIUM,security.core.browser.cors-preflight,"Cross-origin JSON `POST` 전에 browser가 `OPTIONS` preflight를 보냈다.

다음 두 결과를 구분해 설명하라.

- Preflight가 통과했다.
- 실제 `POST`가 성공했다.",STRUCTURED_CRITERIA_USEFUL,preflight origin/method/header permission | business authorization on actual POST | independent request/result success,NOT_APPLICABLE,NO_CONTENT_CHANGE,188,65,0.213
security,security.core.browser.xss.q2,DESCRIPTIVE,PUBLISHED,HARD,security.core.browser.xss,"사용자 이름을 다음 세 context에 각각 넣으려 한다.

- HTML element text
- HTML attribute
- JavaScript string

하나의 encoding 함수를 세 곳에 공통 적용하면 안 되는 이유는?",STRUCTURED_CRITERIA_USEFUL,HTML text parser context | attribute/JavaScript context | context-specific safe encoding or API,NOT_APPLICABLE,NO_CONTENT_CHANGE,178,55,0.119
security,security.core.context-authz.method-security.q1,DESCRIPTIVE,PUBLISHED,MEDIUM,security.core.context-authz.method-security,`@PreAuthorize`가 붙은 method를 같은 bean의 다른 method가 `this.securedMethod()`로 호출한다. 기본 proxy 기반 method security에서 반드시 interception된다고 가정하면 안 되는 이유는?,MODEL_ANSWER_SUFFICIENT,하나의 중심 판단으로 수렴해 모델답변·설명으로 직접 대조 가능: “같은 target object 내부 호출은 external proxy를 다시 통과하지 않을 수 있어 method security interceptor가 실행되지 않을 수 있다. 실제 proxy boundary를 확인하고 authorization 책임을 호출 구조에 맞게 배치해야 한다.”,NOT_APPLICABLE,NO_CONTENT_CHANGE,159,46,0.181
security,security.core.context-authz.context-holder.q2,SCENARIO,PUBLISHED,MEDIUM,security.core.context-authz.context-holder,SecurityContextHolder가 thread-local이라는 이유만으로 async executor와 요청 thread 사이의 authentication을 안전하게 공유해도 되는가?,MODEL_ANSWER_SUFFICIENT,"하나의 중심 판단으로 수렴해 모델답변·설명으로 직접 대조 가능: “아니다. worker thread가 다르고 재사용되므로 context가 자동 전달되지 않거나 이전 요청 context가 남을 수 있다. 명시적 propagation wrapper와 task 종료 cleanup을 사용하고, 장기 작업에서는 최신 권한을 다시 확인할지 결정해야 한다.”",YES_CONTEXT_USED,NO_CONTENT_CHANGE,156,60,0.312
security,security.core.context-authz.method-security.q2,SCENARIO,PUBLISHED,HARD,security.core.context-authz.method-security,"같은 application service method에 다음 두 호출 경로가 있다.

- Controller: `@PreAuthorize`를 거쳐 호출
- Batch와 message consumer: service method를 직접 호출

어떤 authorization gap을 점검해야 하는가?",STRUCTURED_CRITERIA_USEFUL,controller proxy interception coverage | direct batch/consumer invocation gap | actor/system authority policy at each entry point,YES_CONTEXT_USED,NO_CONTENT_CHANGE,202,56,0.180
security,security.core.context-authz.async-context.q2,DESCRIPTIVE,PUBLISHED,MEDIUM,security.core.context-authz.async-context,"Authentication의 시점이 다음처럼 분리된다.

1. 요청 시점에 Authentication을 캡처한다.
2. 10분 뒤 비동기 refund 작업에 그대로 전달한다.

실행 전에 추가로 판단해야 할 것은?",STRUCTURED_CRITERIA_USEFUL,"captured identity versus execution-time authority | explicit actor/audit identity | reauthorization, cancellation and revocation policy",NOT_APPLICABLE,NO_CONTENT_CHANGE,164,66,0.195
security,security.core.filter-chain.exception-translation.q1,SCENARIO,PUBLISHED,MEDIUM,security.core.filter-chain.exception-translation,REST API의 Spring Security 401/403 응답 형식을 `@ControllerAdvice`만 수정했는데 바뀌지 않았다. 왜 그럴 수 있으며 어디를 커스텀해야 하는가?,MODEL_ANSWER_SUFFICIENT,"하나의 중심 판단으로 수렴해 모델답변·설명으로 직접 대조 가능: “security exception이 DispatcherServlet 전에 filter chain에서 처리되면 MVC ControllerAdvice 경계 밖이다. unauthenticated 실패는 AuthenticationEntryPoint, forbidden 실패는 AccessDeniedHandler 쪽에서 API error…”",YES_CONTEXT_USED,NO_CONTENT_CHANGE,205,53,0.242
security,security.core.filter-chain.servlet-filter.q2,DESCRIPTIVE,PUBLISHED,MEDIUM,security.core.filter-chain.servlet-filter,Servlet Filter가 요청 본문을 먼저 읽고 controller에서 다시 읽으려 할 때 생기는 문제를 security filter 설계 관점에서 무엇과 연결해 볼 수 있는가?,STRUCTURED_CRITERIA_USEFUL,single-consumption request stream boundary | reusable bounded wrapper for downstream parsing | redacted security audit data,NOT_APPLICABLE,NO_CONTENT_CHANGE,200,75,0.241
security,security.core.filter-chain.security-filter-chain.q2,SCENARIO,PUBLISHED,HARD,security.core.filter-chain.security-filter-chain,"Security filter chain을 다음 순서로 구성했다.

1. Broad matcher를 가진 `/api/**` chain을 먼저 등록한다.
2. 그 뒤 `/admin/**` chain을 등록한다.
3. `/admin/report`가 broad chain의 `permitAll` 규칙을 탄다.

무엇을 확인하고 어떻게 수정해야 하는가?",STRUCTURED_CRITERIA_USEFUL,first matching chain and its order | specific-before-broad matcher configuration | per-chain authentication/CSRF/authorization checks,YES_CONTEXT_USED,NO_CONTENT_CHANGE,200,95,0.269
security,security.core.filter-chain.exception-translation.q2,DESCRIPTIVE,PUBLISHED,MEDIUM,security.core.filter-chain.exception-translation,인증되지 않은 요청과 인증됐지만 권한이 없는 요청을 REST API에서 같은 응답으로만 처리할 때 잃는 보안·클라이언트 의미는?,MODEL_ANSWER_SUFFICIENT,"하나의 중심 판단으로 수렴해 모델답변·설명으로 직접 대조 가능: “인증 필요 상태와 authorization 거부 상태를 구분하지 못해 client가 재인증할지 권한 오류로 처리할지 판단하기 어렵다. 보통 unauthenticated는 AuthenticationEntryPoint, forbidden은 AccessDeniedHandler 경계에서 일관된 401/403 error contract로…”",NOT_APPLICABLE,NO_CONTENT_CHANGE,210,65,0.155
security,security.core.foundations.assets-threats.q1,DESCRIPTIVE,PUBLISHED,MEDIUM,security.core.foundations.assets-threats,`GET /orders/{id}`가 로그인만 확인하고 주문 ownership을 확인하지 않는다. 이 문제를 자산·위협·취약점으로 나눠 설명하라.,STRUCTURED_CRITERIA_USEFUL,protected asset identification | actor/threat action | missing server-side ownership control,NOT_APPLICABLE,NO_CONTENT_CHANGE,122,38,0.238
security,security.core.foundations.cia-least.q1,SCENARIO,PUBLISHED,MEDIUM,security.core.foundations.cia-least,애플리케이션 DB 계정이 실제로는 CRUD만 필요하지만 superuser 권한을 갖고 있다. least privilege 관점의 위험을 설명하라.,MODEL_ANSWER_SUFFICIENT,하나의 중심 판단으로 수렴해 모델답변·설명으로 직접 대조 가능: “애플리케이션이 SQL injection/RCE 등으로 침해되면 공격자가 필요 이상의 schema/DB 전체 권한까지 얻게 되어 blast radius가 커진다. 실제 기능에 필요한 최소 DB privilege로 제한해야 한다.”,YES_CONTEXT_USED,NO_CONTENT_CHANGE,126,53,0.230
security,security.core.foundations.assets-threats.q2,DESCRIPTIVE,PUBLISHED,MEDIUM,security.core.foundations.assets-threats,"고객 주문 데이터가 public object storage에 노출되었다. 이 사건을 asset, threat, vulnerability로 나누어 설명하고 첫 방어 검토 지점을 제시하라.",STRUCTURED_CRITERIA_USEFUL,customer data asset | unauthorized reader threat | public ACL/URL vulnerability and first access-control defense,NOT_APPLICABLE,NO_CONTENT_CHANGE,177,55,0.143
security,security.core.foundations.trust-boundary.q2,SCENARIO,PUBLISHED,MEDIUM,security.core.foundations.trust-boundary,브라우저가 `quantity`를 1~10으로 검증했지만 공격자가 직접 `quantity=100000` 요청을 보냈다. 어느 경계에서 무엇을 다시 검증해야 하는가?,STRUCTURED_CRITERIA_USEFUL,browser input remains untrusted | API plus domain/DB invariant validation | reject before state mutation,YES_CONTEXT_USED,NO_CONTENT_CHANGE,142,51,0.219
security,security.core.injection.jpql-native.q1,DESCRIPTIVE,PUBLISHED,MEDIUM,security.core.injection.jpql-native,"JPA를 쓰므로 `ORDER BY "" + requestSort` 같은 JPQL/native query 문자열 결합도 안전하다는 주장이 틀린 이유는?",MODEL_ANSWER_SUFFICIENT,하나의 중심 판단으로 수렴해 모델답변·설명으로 직접 대조 가능: “ORM도 동적으로 조립한 query structure를 실행하므로 untrusted identifier/keyword가 structure에 들어가면 injection 위험이 남는다. value는 parameter binding하고 sort field/direction 같은 structure는 server allowlist/enum으로…”,NOT_APPLICABLE,NO_CONTENT_CHANGE,196,39,0.190
security,security.core.injection.sql-injection.q2,SCENARIO,PUBLISHED,MEDIUM,security.core.injection.sql-injection,"List API가 사용자에게 정렬 column 이름을 받는다.

- Query value: parameter binding 적용
- `ORDER BY` identifier: 요청 문자열을 직접 연결

어떻게 안전하게 설계해야 하는가?",STRUCTURED_CRITERIA_USEFUL,bound query values | allowlisted column identifier | separately constrained sort direction,YES_CONTEXT_USED,NO_CONTENT_CHANGE,187,68,0.292
security,security.core.injection.jpql-native.q2,DESCRIPTIVE,PUBLISHED,MEDIUM,security.core.injection.jpql-native,JPQL에서 사용자 입력을 parameter로 bind했는데도 동적 `ORDER BY` field를 요청 문자열로 조립하면 위험한 이유는?,MODEL_ANSWER_SUFFICIENT,하나의 중심 판단으로 수렴해 모델답변·설명으로 직접 대조 가능: “parameter binding은 literal value를 분리하지만 field·direction 같은 query structure를 검증하지 않는다. ORM을 사용해도 structure는 허용된 field와 direction의 server mapping으로 만들고 값만 parameter로 전달해야 한다.”,NOT_APPLICABLE,NO_CONTENT_CHANGE,172,68,0.284
security,security.core.injection.output-encoding.q2,SCENARIO,PUBLISHED,MEDIUM,security.core.injection.output-encoding,검색어를 HTML text에는 안전하게 출력했지만 HTML attribute와 inline JavaScript에도 같은 방식으로 넣었다. 추가로 확인해야 할 방어 원칙은?,MODEL_ANSWER_SUFFICIENT,"하나의 중심 판단으로 수렴해 모델답변·설명으로 직접 대조 가능: “HTML text, attribute/URL, JavaScript는 서로 다른 parser context이므로 각각에 맞는 encoding과 safe API를 사용해야 한다. 가능하면 inline script를 제거하고 URL은 허용 scheme·parameter를 구조적으로 생성해 context confusion을 줄인다.”",YES_CONTEXT_USED,NO_CONTENT_CHANGE,182,36,0.011
security,security.core.password.work-factor.q1,SCENARIO,PUBLISHED,MEDIUM,security.core.password.work-factor,"Password hash cost를 크게 높인 뒤 다음 현상이 나타났다.

1. 로그인 한 번이 CPU core를 오래 포화시킨다.
2. 공격자가 login endpoint를 반복 호출한다.
3. 정상 사용자 요청도 느려진다.

어떤 trade-off를 재조정해야 하는가?",STRUCTURED_CRITERIA_USEFUL,offline-cracking resistance target | production verification CPU/memory latency budget | separate online abuse rate limiting,YES_CONTEXT_USED,NO_CONTENT_CHANGE,162,52,0.175
security,security.core.password.plaintext.q2,SCENARIO,PUBLISHED,HARD,security.core.password.plaintext,DB backup이 유출되었을 때 plaintext 또는 reversible password storage가 즉시 위험해지는 이유와 reset 방식의 차이를 설명하라.,STRUCTURED_CRITERIA_USEFUL,backup compromise enables credential reuse | one-way adaptive verification storage | reset by new credential rather than plaintext recovery,YES_CONTEXT_USED,NO_CONTENT_CHANGE,143,37,0.085
security,security.core.password.work-factor.q2,DESCRIPTIVE,PUBLISHED,MEDIUM,security.core.password.work-factor,password hashing algorithm의 work factor를 올릴 때 신규 가입만 바꾸고 기존 계정은 영원히 그대로 두는 것보다 login 성공 시 점진적으로 재해시하는 방식을 검토하는 이유는?,MODEL_ANSWER_SUFFICIENT,하나의 중심 판단으로 수렴해 모델답변·설명으로 직접 대조 가능: “사용자가 정상적으로 인증한 순간 기존 hash가 검증되었으므로 더 높은 cost의 hash로 교체할 수 있어 일괄 reset 없이 보안 수준을 점진적으로 올릴 수 있다. 다만 verification 지연 시간과 online abuse rate limit을 측정해 서버 자원 한계를 지켜야 한다.”,NOT_APPLICABLE,NO_CONTENT_CHANGE,164,52,0.192
security,security.core.session-cookie.session-id.q2,SCENARIO,PUBLISHED,HARD,security.core.session-cookie.session-id,"Logout 뒤 다음 상태가 함께 관측된다.

- DB의 session record: 삭제됨
- 탈취된 session cookie: 계속 인증에 성공함

어떤 session state와 revocation 경계를 확인해야 하는가?",STRUCTURED_CRITERIA_USEFUL,deleted DB row versus actual authentication store | cache/replica/cookie residual state | consistent server-side revocation boundary,YES_CONTEXT_USED,NO_CONTENT_CHANGE,210,64,0.215
security,security.core.session-cookie.fixation-expiration.q2,DESCRIPTIVE,PUBLISHED,MEDIUM,security.core.session-cookie.fixation-expiration,session cookie에 `Max-Age=3600`을 설정했다고 사용자가 정확히 한 시간 뒤 반드시 로그아웃된다고 단정할 수 없는 이유는?,MODEL_ANSWER_SUFFICIENT,"하나의 중심 판단으로 수렴해 모델답변·설명으로 직접 대조 가능: “cookie 만료는 browser가 cookie를 보내는 시간을 제한하지만 server-side session idle timeout, absolute lifetime, logout/revocation 정책과는 별도다. 서버에서도 session state의 만료와 재사용 불가를 검사해야 하며 두 시계의 의미를 맞춰야 한다.”",NOT_APPLICABLE,NO_CONTENT_CHANGE,181,74,0.303
security,security.core.tokens-oauth.jwt-lifecycle.q1,SCENARIO,PUBLISHED,MEDIUM,security.core.tokens-oauth.jwt-lifecycle,"사용자 권한 상태가 다음 순서로 바뀌었다.

1. `USER` role로 15분짜리 JWT access token을 발급한다.
2. 사용자 role을 `SUSPENDED`로 변경한다.
3. 기존 token으로 API 호출이 계속 성공한다.

왜 가능하며 어떤 선택지가 있는가?",STRUCTURED_CRITERIA_USEFUL,stale role claim without per-request state lookup | bounded TTL window | immediate revocation stateful alternatives and cost,YES_CONTEXT_USED,NO_CONTENT_CHANGE,180,60,0.279
security,security.core.tokens-oauth.jwt-structure.q2,DESCRIPTIVE,PUBLISHED,MEDIUM,security.core.tokens-oauth.jwt-structure,"JWT에 다음 값이 들어 있어도 resource server가 signature만 확인하면 충분하지 않은 이유는?

- JOSE header: `alg`
- Claims Set: `iss`, `aud`, `exp`",STRUCTURED_CRITERIA_USEFUL,allowed algorithm/key validation | issuer/audience binding | token lifetime claim validation,NOT_APPLICABLE,NO_CONTENT_CHANGE,156,81,0.161
security,security.core.tokens-oauth.jwt-lifecycle.q2,SCENARIO,PUBLISHED,MEDIUM,security.core.tokens-oauth.jwt-lifecycle,access token TTL을 15분에서 5분으로 줄이면 role 변경 후 즉시 권한 회수 문제가 완전히 사라지는가?,MODEL_ANSWER_SUFFICIENT,하나의 중심 판단으로 수렴해 모델답변·설명으로 직접 대조 가능: “아니다. revoke state를 매 요청 확인하지 않는 stateless resource server에서는 최대 5분의 validity window가 남는다. 더 빠른 회수가 필요하면 token version/denylist/introspection 같은 중앙 상태 비용을 도입하고 가용성·지연 시간 trade-off를 검토해야 한다.”,YES_CONTEXT_USED,NO_CONTENT_CHANGE,188,46,0.129
security,security.core.tokens-oauth.oauth-oidc.q2,DESCRIPTIVE,PUBLISHED,MEDIUM,security.core.tokens-oauth.oauth-oidc,OIDC login client가 ID token을 resource API의 bearer credential로 보내려 한다. 어떤 token audience/목적 혼동이 있는가?,MODEL_ANSWER_SUFFICIENT,"하나의 중심 판단으로 수렴해 모델답변·설명으로 직접 대조 가능: “ID token은 client가 authentication 결과와 identity claim을 확인하는 token이고, API 접근은 해당 resource server audience를 가진 access token의 목적이다. token의 audience와 issuer를 검증하고 각 consumer의 contract에 맞는 token만…”",NOT_APPLICABLE,NO_CONTENT_CHANGE,196,70,0.311
spring,spring.core.config.properties-yaml.q2,DESCRIPTIVE,PUBLISHED,MEDIUM,spring.core.config.properties-yaml,`application.yml`에 production API key를 넣고 Git에 commit했다. externalized configuration을 사용했으니 안전하다는 주장이 왜 틀렸는가?,MODEL_ANSWER_SUFFICIENT,하나의 중심 판단으로 수렴해 모델답변·설명으로 직접 대조 가능: “code literal에서 분리했을 뿐 repository에 secret이 남아 접근 권한을 가진 사람/시스템에 노출될 수 있다. secret source와 logging/exposure policy를 별도로 설계해야 한다.”,NOT_APPLICABLE,NO_CONTENT_CHANGE,125,179,0.444
spring,spring.core.config.profiles-precedence.q1,SCENARIO,PUBLISHED,MEDIUM,spring.core.config.profiles-precedence,"다음 property source가 함께 존재한다.

| Property source | `server.port` |
| --- | ---: |
| `application.yml` | 8080 |
| active prod profile 파일 | 9090 |
| environment variable `SERVER_PORT` | 10080 |

질문: 실제 값이 10080이라면 무엇을 설명해야 하는가?",MODEL_ANSWER_SUFFICIENT,하나의 중심 판단으로 수렴해 모델답변·설명으로 직접 대조 가능: “profile-specific source가 후보에 들어와도 더 높은 precedence의 environment property source가 같은 key를 override해 최종 Environment 값이 10080이 될 수 있음을 설명해야 한다.”,YES_CONTEXT_USED,NO_CONTENT_CHANGE,139,181,0.466
spring,spring.core.config.profiles-precedence.q2,DESCRIPTIVE,PUBLISHED,MEDIUM,spring.core.config.profiles-precedence,운영 DB URL이 설정 파일과 다르게 적용됐다. 원인을 좁힐 때 확인할 항목을 세 가지 이상 제시하라.,STRUCTURED_CRITERIA_USEFUL,active profile and source location | environment/CLI override and relaxed binding | masked effective runtime property evidence,NOT_APPLICABLE,NO_CONTENT_CHANGE,171,197,0.658
spring,spring.core.config.configuration-binding.q2,SCENARIO,PUBLISHED,MEDIUM,spring.core.config.configuration-binding,`WorkerProperties.concurrency`는 1~100이어야 한다. production에서 0이 들어왔을 때 요청 처리 중까지 기다리지 않고 시작에서 실패시키려는 이유를 설명하라.,MODEL_ANSWER_SUFFICIENT,하나의 중심 판단으로 수렴해 모델답변·설명으로 직접 대조 가능: “잘못된 environment contract를 deployment/시작 단계에서 즉시 발견해 partially running application을 만들지 않기 위해 binding 검증을 사용한다.”,YES_CONTEXT_USED,NO_CONTENT_CHANGE,110,169,0.265
spring,spring.core.container.bean-definition.q2,SCENARIO,PUBLISHED,MEDIUM,spring.core.container.bean-definition,어떤 `@Lazy` singleton Bean의 constructor가 예외를 던진다. Bean definition 등록은 성공했지만 application 시작은 성공했고 첫 조회에서 실패했다. 이 현상이 가능한 이유를 설명하라.,MODEL_ANSWER_SUFFICIENT,하나의 중심 판단으로 수렴해 모델답변·설명으로 직접 대조 가능: “definition 등록과 instance 생성은 다른 단계다. lazy singleton은 definition이 존재해도 시작에 instance를 만들지 않을 수 있으므로 constructor 예외가 실제 첫 조회/생성 시점까지 지연될 수 있다.”,YES_CONTEXT_USED,NO_CONTENT_CHANGE,138,180,0.625
spring,spring.core.container.application-context.q1,DESCRIPTIVE,PUBLISHED,EASY,spring.core.container.application-context,ApplicationContext를 단순 Bean Map보다 넓은 container로 보는 이유를 두 가지 이상 적어라.,STRUCTURED_CRITERIA_USEFUL,bean creation/dependency/lifecycle assembly | environment/resource/event facilities beyond a map,NOT_APPLICABLE,NO_CONTENT_CHANGE,165,186,0.651
spring,spring.core.container.application-context.q2,SCENARIO,PUBLISHED,MEDIUM,spring.core.container.application-context,"시작 중 `NoUniqueBeanDefinitionException`이 발생했다. 다음 단계 중 어느 문제에 가장 가까운가?

1. configuration file parsing
2. Bean definition 등록
3. dependency resolution
4. Bean method 실행

질문: 해당 단계를 고르고 이유를 설명하라.",MODEL_ANSWER_SUFFICIENT,하나의 중심 판단으로 수렴해 모델답변·설명으로 직접 대조 가능: “dependency resolution 문제에 가깝다. 필요한 type의 Bean definition 후보가 여러 개 존재하지만 어떤 instance를 연결해야 하는지 container가 결정하지 못한 상태다.”,YES_CONTEXT_USED,NO_CONTENT_CHANGE,117,182,0.243
spring,spring.core.container.singleton-identity.q2,SCENARIO,PUBLISHED,HARD,spring.core.container.singleton-identity,singleton `PriceService`에 `private Long currentMemberId;`를 두고 요청마다 값을 저장한다. 동시에 두 요청이 들어왔을 때 어떤 문제가 생길 수 있고 왜 그런가?,MODEL_ANSWER_SUFFICIENT,하나의 중심 판단으로 수렴해 모델답변·설명으로 직접 대조 가능: “두 요청 thread가 같은 singleton instance와 같은 field를 공유하므로 한 요청의 write가 다른 요청 값을 덮거나 다른 memberId를 읽을 수 있다. Spring singleton은 field 접근을 요청별로 격리하거나 synchronize하지 않는다.”,YES_CONTEXT_USED,NO_CONTENT_CHANGE,157,206,0.526
spring,spring.core.data-jpa.repository-abstraction.q2,DESCRIPTIVE,PUBLISHED,MEDIUM,spring.core.data-jpa.repository-abstraction|spring.core.data-jpa.entity-lifecycle,`@Transactional` method에서 repository로 managed Order를 조회한 뒤 `order.complete()`만 호출하고 `save(order)`는 호출하지 않았다. 반드시 DB 변경이 안 된다고 말할 수 없는 이유를 설명하라.,MODEL_ANSWER_SUFFICIENT,하나의 중심 판단으로 수렴해 모델답변·설명으로 직접 대조 가능: “조회된 Order가 현재 persistence context의 managed entity라면 provider가 dirty checking으로 변경을 감지하고 flush/commit 과정에서 UPDATE할 수 있다. save 호출 여부만으로 update 여부를 판단하면 안 된다.”,NOT_APPLICABLE,NO_CONTENT_CHANGE,155,248,0.481
spring,spring.core.data-jpa.entity-lifecycle.q2,SCENARIO,PUBLISHED,MEDIUM,spring.core.data-jpa.entity-lifecycle,transaction이 끝난 뒤 detached Member의 field를 변경했다. 아무 추가 작업 없이 DB가 자동 update된다고 기대하면 왜 틀릴 수 있는가?,MODEL_ANSWER_SUFFICIENT,하나의 중심 판단으로 수렴해 모델답변·설명으로 직접 대조 가능: “detached instance는 현재 persistence context의 dirty checking 관리 대상이 아니다. 변경을 DB에 반영하려면 새 managed instance를 조회해 변경하거나 merge 등 명시적 persistence 경로가 필요하다.”,YES_CONTEXT_USED,NO_CONTENT_CHANGE,147,233,0.494
spring,spring.core.data-jpa.fetch-plan.q2,SCENARIO,PUBLISHED,HARD,spring.core.data-jpa.fetch-plan,"다음 fetch와 pagination 조합을 생각하자.

- Parent: `Order`
- Child: collection `items`
- Page size: 20

질문: collection fetch join이 to-one fetch join과 달리 주의할 이유를 SQL row 관점에서 설명하라.",MODEL_ANSWER_SUFFICIENT,하나의 중심 판단으로 수렴해 모델답변·설명으로 직접 대조 가능: “collection join은 Order 하나가 Item 수만큼 SQL row로 중복되므로 DB LIMIT 20이 parent Order 20개를 의미하지 않을 수 있다. provider가 memory pagination/추가 처리할 수 있어 count/paging query를 분리하거나 batch fetch 등 다른 fetch…”,YES_CONTEXT_USED,NO_CONTENT_CHANGE,199,236,0.568
spring,spring.core.data-jpa.fetch-plan.q3,DESCRIPTIVE,PUBLISHED,MEDIUM,spring.core.data-jpa.fetch-plan,N+1을 발견했을 때 모든 association을 EAGER로 바꾸기 전에 확인할 항목을 세 가지 이상 적어라.,STRUCTURED_CRITERIA_USEFUL,query count and association cardinality | pagination/response shape constraints | fetch-plan alternatives and eager-loading cost,NOT_APPLICABLE,NO_CONTENT_CHANGE,193,217,0.683
spring,spring.core.injection.constructor-injection.q2,DESCRIPTIVE,PUBLISHED,MEDIUM,spring.core.injection.constructor-injection,"한 service constructor가 repository/client/policy 등 12개 dependency를 요구한다. field injection으로 바꾸면 해결되는 문제인지, 먼저 무엇을 검토해야 하는지 설명하라.",MODEL_ANSWER_SUFFICIENT,"하나의 중심 판단으로 수렴해 모델답변·설명으로 직접 대조 가능: “field injection은 dependency 수를 숨길 뿐 줄이지 않는다. service가 너무 많은 책임을 가져 여러 collaborator를 필요로 하는지, orchestration/domain/infrastructure 책임을 나눌 수 있는지 먼저 검토한다.”",NOT_APPLICABLE,NO_CONTENT_CHANGE,150,196,0.504
spring,spring.core.injection.optional-dependency.q2,SCENARIO,PUBLISHED,MEDIUM,spring.core.injection.optional-dependency,알림 기능이 꺼진 환경에서도 주문은 정상 처리되어야 한다. 각 method에 `if (notifier != null)`가 반복된다. 구조를 단순화할 수 있는 대안 하나와 주의점을 설명하라.,STRUCTURED_CRITERIA_USEFUL,optional capability contract for noop substitution | mandatory collaborator failure visibility,YES_CONTEXT_USED,NO_CONTENT_CHANGE,132,180,0.395
spring,spring.core.injection.circular-dependency.q2,SCENARIO,PUBLISHED,MEDIUM,spring.core.injection.circular-dependency,OrderService와 PaymentService가 서로 주입된다. `@Lazy`를 붙이면 시작은 되지만 두 service가 runtime에서도 서로 전체 service를 호출한다. 이 상태에서 추가로 검토해야 할 설계 위험을 설명하라.,STRUCTURED_CRITERIA_USEFUL,lazy proxy defers object construction only | runtime responsibility/transaction cycle remains | orchestration boundary or smaller port redesign,YES_CONTEXT_USED,NO_CONTENT_CHANGE,169,220,0.729
spring,spring.core.mvc.dispatcher-servlet.q2,SCENARIO,PUBLISHED,MEDIUM,spring.core.mvc.dispatcher-servlet,Security filter에서 인증 실패가 발생했다. Controller breakpoint에 도달하지 않는 것이 가능한 이유를 요청 경로로 설명하라.,MODEL_ANSWER_SUFFICIENT,하나의 중심 판단으로 수렴해 모델답변·설명으로 직접 대조 가능: “Servlet Filter/Spring Security chain이 DispatcherServlet보다 앞에서 요청을 처리하므로 인증 단계에서 응답을 끝내면 MVC dispatch와 controller 호출까지 진행하지 않는다.”,YES_CONTEXT_USED,NO_CONTENT_CHANGE,127,215,0.470
spring,spring.core.mvc.controller-service.q2,SCENARIO,PUBLISHED,MEDIUM,spring.core.mvc.controller-service,주문 생성 REST API와 nightly batch가 같은 주문 생성 규칙을 사용해야 한다. Controller 안에 repository save와 domain rule이 모두 들어 있다면 어떤 변경을 우선 검토할지 설명하라.,STRUCTURED_CRITERIA_USEFUL,HTTP parsing/mapping at controller | shared use-case orchestration for REST and batch | intrinsic invariant ownership in domain,YES_CONTEXT_USED,NO_CONTENT_CHANGE,178,238,0.598
spring,spring.core.mvc.argument-resolver.q2,DESCRIPTIVE,PUBLISHED,MEDIUM,spring.core.mvc.argument-resolver,여러 controller가 `SecurityContextHolder`에서 현재 사용자 ID를 직접 parsing한다. custom argument resolver를 도입할 때 얻는 경계 이점과 resolver에 넣지 말아야 할 책임을 설명하라.,MODEL_ANSWER_SUFFICIENT,"하나의 중심 판단으로 수렴해 모델답변·설명으로 직접 대조 가능: “HTTP/security representation을 application-friendly identifier로 바꾸는 반복 코드를 API 경계에 모아 controller/application이 framework context를 직접 읽지 않게 할 수 있다. 그러나 DB transaction, 주문 생성, domain policy 같은…”",NOT_APPLICABLE,NO_CONTENT_CHANGE,222,251,0.330
spring,spring.core.mvc.message-converter.q1,SCENARIO,PUBLISHED,MEDIUM,spring.core.mvc.message-converter,"다음 요청과 controller 경계를 생각하자.

- 요청: `Content-Type: text/plain`, body는 JSON
- Controller target: `@RequestBody CreateOrderRequest`

질문: controller method invocation 전에 실패할 수 있는 이유는?",MODEL_ANSWER_SUFFICIENT,하나의 중심 판단으로 수렴해 모델답변·설명으로 직접 대조 가능: “요청 media type과 target type을 읽을 수 있는 HttpMessageConverter가 선택되어야 하는데 text/plain으로 선언하면 JSON converter가 적용되지 않아 unsupported media type/conversion 단계에서 실패할 수 있다.”,YES_CONTEXT_USED,NO_CONTENT_CHANGE,158,217,0.716
spring,spring.core.mvc.message-converter.q2,DESCRIPTIVE,PUBLISHED,MEDIUM,spring.core.mvc.message-converter,"`quantity`가 int인 DTO에서 `{""quantity"":""abc""}`와 `{""quantity"":0}`이 각각 어떤 단계에서 실패할 수 있는지 구분하라.",STRUCTURED_CRITERIA_USEFUL,deserialization/type-conversion failure boundary | post-conversion Bean Validation failure boundary | controller invocation timing,NOT_APPLICABLE,NO_CONTENT_CHANGE,318,326,0.230
spring,spring.core.production.startup-failure.q2,DESCRIPTIVE,PUBLISHED,MEDIUM,spring.core.production.startup-failure,`@PostConstruct`에서 외부 API 전체 데이터를 다운로드하도록 했더니 외부 API가 느린 날 배포가 계속 실패한다. 무엇이 잘못된 경계인지 설명하라.,MODEL_ANSWER_SUFFICIENT,하나의 중심 판단으로 수렴해 모델답변·설명으로 직접 대조 가능: “애플리케이션이 요청을 받기 전에 반드시 필요한 invariant인지 먼저 판단해야 한다. 캐시 warming처럼 실패 후 재시도 가능한 작업이면 시작 필수 경로에 두지 않는 편이 낫다. 시작에 남겨야 한다면 timeout과 실패 정책을 명확히 해야 한다.”,NOT_APPLICABLE,NO_CONTENT_CHANGE,142,206,0.463
spring,spring.core.production.graceful-shutdown.q1,SCENARIO,PUBLISHED,HARD,spring.core.production.graceful-shutdown,주문 INSERT가 commit된 직후 응답 전송 전에 서버가 종료되어 클라이언트가 timeout을 받았다. graceful shutdown만으로 중복 주문 재시도를 완전히 막을 수 있는가?,MODEL_ANSWER_SUFFICIENT,하나의 중심 판단으로 수렴해 모델답변·설명으로 직접 대조 가능: “아니다. 종료를 부드럽게 해도 commit 이후 응답 손실 같은 결과 불명확 실패는 가능하다. 클라이언트 재시도에 대비해 주문 생성 자체의 idempotency 또는 unique한 요청 identity가 별도로 필요하다.”,YES_CONTEXT_USED,NO_CONTENT_CHANGE,123,192,0.441
spring,spring.core.registration.configuration-bean.q2,DESCRIPTIVE,PUBLISHED,MEDIUM,spring.core.registration.configuration-bean,`@Configuration` class의 `@Bean` method끼리 직접 호출하는 코드를 일반 Java method 호출과 완전히 같다고 보면 위험한 이유를 설명하라.,MODEL_ANSWER_SUFFICIENT,하나의 중심 판단으로 수렴해 모델답변·설명으로 직접 대조 가능: “전형적인 full @Configuration에서는 proxy-based bean method interception으로 직접 호출처럼 보여도 container-managed Bean을 반환할 수 있다. 다만 proxyBeanMethods나 registration 방식에 따라 semantics가 달라질 수 있으므로 container…”,NOT_APPLICABLE,NO_CONTENT_CHANGE,209,253,0.233
spring,spring.core.registration.component-scan.q1,SCENARIO,PUBLISHED,MEDIUM,spring.core.registration.component-scan,`com.shop.order.OrderService`에 `@Service`가 있지만 application main class가 `com.app` 아래에 있고 별도 scan 설정이 없다. 주입 실패 원인으로 가장 먼저 확인할 것은?,MODEL_ANSWER_SUFFICIENT,하나의 중심 판단으로 수렴해 모델답변·설명으로 직접 대조 가능: “OrderService package가 실제 component scan base 범위에 포함되는지 확인한다. stereotype이 있어도 scan 범위 밖이면 BeanDefinition 후보로 발견되지 않을 수 있다.”,YES_CONTEXT_USED,NO_CONTENT_CHANGE,121,219,0.356
spring,spring.core.registration.component-scan.q2,DESCRIPTIVE,PUBLISHED,EASY,spring.core.registration.component-scan,scan base package를 지나치게 넓게 잡을 때 발생할 수 있는 문제를 두 가지 적어라.,MODEL_ANSWER_SUFFICIENT,하나의 중심 판단으로 수렴해 모델답변·설명으로 직접 대조 가능: “원하지 않는 component/configuration/test object까지 등록되어 Bean 충돌이나 시작 side effect가 생길 수 있다. 또한 객체 그래프 후보 집합과 생성 비용이 불필요하게 커져 어떤 Bean이 왜 등록됐는지 추론하기 어려워질 수 있다.”,NOT_APPLICABLE,NO_CONTENT_CHANGE,150,167,0.632
spring,spring.core.registration.primary-qualifier.q2,DESCRIPTIVE,PUBLISHED,MEDIUM,spring.core.registration.primary-qualifier,여러 service에 qualifier 문자열이 광범위하게 퍼져 있을 때 단순히 qualifier를 더 추가하기 전에 검토할 설계 문제를 설명하라.,MODEL_ANSWER_SUFFICIENT,하나의 중심 판단으로 수렴해 모델답변·설명으로 직접 대조 가능: “구현 선택 책임이 caller마다 불필요하게 분산된 것은 아닌지 본다. 환경/제품 정책으로 한 번 선택할 수 있다면 configuration/composition 경계에서 선택하거나 역할별 interface를 분리하는 편이 의도를 더 잘 드러낼 수 있다.”,NOT_APPLICABLE,NO_CONTENT_CHANGE,142,185,0.455
spring,spring.core.scope-lifecycle.scopes.q2,DESCRIPTIVE,PUBLISHED,MEDIUM,spring.core.scope-lifecycle.scopes,prototype Bean이 `AutoCloseable` resource를 소유한다. context 종료 시 Spring이 모든 prototype instance의 `close()`를 자동 호출한다고 가정하면 위험한 이유를 설명하라.,MODEL_ANSWER_SUFFICIENT,하나의 중심 판단으로 수렴해 모델답변·설명으로 직접 대조 가능: “prototype은 container가 생성·injection은 해도 singleton처럼 전체 destruction lifecycle을 추적하지 않는다. 자원 ownership과 cleanup을 caller/별도 관리자가 명시해야 한다.”,NOT_APPLICABLE,NO_CONTENT_CHANGE,133,207,0.491
spring,spring.core.scope-lifecycle.scope-proxy.q2,SCENARIO,PUBLISHED,MEDIUM,spring.core.scope-lifecycle.scope-proxy,scoped proxy를 주입한 singleton이 `@Async` background thread에서 request-scoped target을 호출한다. proxy가 있으니 항상 정상이라는 판단이 왜 틀릴 수 있는가?,MODEL_ANSWER_SUFFICIENT,하나의 중심 판단으로 수렴해 모델답변·설명으로 직접 대조 가능: “proxy는 target lookup을 지연할 뿐 request scope 자체를 새 thread에 자동 생성/전파하지 않는다. background thread에서 active request scope가 없으면 target 조회가 실패하거나 요청 state를 사용할 수 없다. 필요한 값을 명시적으로 전달해야 할 수 있다.”,YES_CONTEXT_USED,NO_CONTENT_CHANGE,180,217,0.767
spring,spring.core.scope-lifecycle.lifecycle-callback.q1,DESCRIPTIVE,PUBLISHED,MEDIUM,spring.core.scope-lifecycle.lifecycle-callback,Bean lifecycle에서 `@PostConstruct`가 constructor보다 뒤에 있는 이유와 적합한 책임을 설명하라.,MODEL_ANSWER_SUFFICIENT,하나의 중심 판단으로 수렴해 모델답변·설명으로 직접 대조 가능: “instance 생성과 dependency 설정이 끝난 뒤 Bean 자체가 사용할 준비를 마치는 초기화 작업을 할 수 있기 때문이다. 객체 invariant를 만드는 constructor와 container integration 이후 resource 준비를 구분한다.”,NOT_APPLICABLE,NO_CONTENT_CHANGE,149,182,0.211
spring,spring.core.scope-lifecycle.lifecycle-callback.q2,SCENARIO,PUBLISHED,MEDIUM,spring.core.scope-lifecycle.lifecycle-callback,공유 `HttpClient`를 여러 Bean에 주입했는데 한 Bean의 `@PreDestroy`에서 그 client를 닫는다. 무엇을 먼저 확인해야 하는가?,MODEL_ANSWER_SUFFICIENT,하나의 중심 판단으로 수렴해 모델답변·설명으로 직접 대조 가능: “그 Bean이 실제 client lifecycle의 owner인지 확인해야 한다. 공유 client를 다른 Bean도 사용하고 container/별도 factory가 lifecycle을 소유한다면 임의 close가 다른 사용자까지 깨뜨릴 수 있다.”,YES_CONTEXT_USED,NO_CONTENT_CHANGE,138,208,0.400
spring,spring.core.testing.slice-test.q2,SCENARIO,PUBLISHED,MEDIUM,spring.core.testing.slice-test,PostgreSQL의 unique/locking/query semantics가 중요한 repository인데 H2 기반 @DataJpaTest만 있다. 어떤 risk가 남고 어떤 test를 추가할 수 있는지 설명하라.,MODEL_ANSWER_SUFFICIENT,하나의 중심 판단으로 수렴해 모델답변·설명으로 직접 대조 가능: “DB dialect/constraint/locking 차이 때문에 production에서만 실패할 수 있다. Testcontainers 등으로 production과 같은 PostgreSQL을 사용하는 persistence integration test를 추가해 mapping/query/constraint를 검증할 수 있다.”,YES_CONTEXT_USED,NO_CONTENT_CHANGE,181,238,0.565
spring,spring.core.testing.mock-boundary.q2,DESCRIPTIVE,PUBLISHED,MEDIUM,spring.core.testing.mock-boundary,service test가 12개 mock과 세밀한 호출 순서 설정을 요구한다. 단순히 Mockito 설정을 더 추가하기 전에 검토할 설계 신호를 설명하라.,MODEL_ANSWER_SUFFICIENT,하나의 중심 판단으로 수렴해 모델답변·설명으로 직접 대조 가능: “service가 너무 많은 collaborator와 책임을 조정하거나 test가 내부 구현 detail에 과도하게 결합되었을 수 있다. observable behavior 중심으로 test를 바꾸고 responsibility/orchestration 분리를 검토한다.”,NOT_APPLICABLE,NO_CONTENT_CHANGE,149,190,0.451
spring,spring.core.testing.test-transaction.q1,SCENARIO,PUBLISHED,MEDIUM,spring.core.testing.test-transaction,`@Transactional` Spring test에서 service가 조회한 lazy collection을 test method가 성공적으로 접근했다. production에서도 controller에서 반드시 성공한다고 결론 내릴 수 없는 이유는?,MODEL_ANSWER_SUFFICIENT,하나의 중심 판단으로 수렴해 모델답변·설명으로 직접 대조 가능: “outer test transaction이 assertion 시점까지 persistence context를 열어 둬 lazy load를 허용할 수 있지만 production에서는 service transaction이 return 시 끝나 controller access 시 detached일 수 있다.”,YES_CONTEXT_USED,NO_CONTENT_CHANGE,168,253,0.569
spring,spring.core.testing.test-transaction.q2,DESCRIPTIVE,PUBLISHED,MEDIUM,spring.core.testing.test-transaction,test rollback이 production commit 경로를 가릴 수 있는 두 가지 예를 적어라.,STRUCTURED_CRITERIA_USEFUL,commit-time constraint failure hidden by rollback | extended outer transaction/lazy-load masking | independently committed asynchronous work,NOT_APPLICABLE,NO_CONTENT_CHANGE,222,236,0.480
spring,spring.core.transaction-aop.transaction-proxy.q2,SCENARIO,PUBLISHED,HARD,spring.core.transaction-aop.transaction-proxy|spring.core.data-jpa.entity-lifecycle,"다음 순서로 작업이 진행된다.

1. `repository.save()` 호출
2. 다음 줄의 로그 출력
3. target method 반환
4. transaction commit 과정에서 UNIQUE constraint violation

질문: `save` 줄을 지났으니 이미 commit됐다는 설명이 왜 틀렸는가?",MODEL_ANSWER_SUFFICIENT,하나의 중심 판단으로 수렴해 모델답변·설명으로 직접 대조 가능: “target method 실행과 transaction completion은 분리되어 있다. JPA flush/DB constraint 확인이 method 종료 또는 commit 과정까지 지연될 수 있고 proxy/interceptor가 target 정상 반환 뒤 commit을 수행하므로 save line 통과만으로 commit 완료를…”,YES_CONTEXT_USED,NO_CONTENT_CHANGE,197,233,0.439
spring,spring.core.transaction-aop.self-invocation.q2,SCENARIO,PUBLISHED,HARD,spring.core.transaction-aop.self-invocation,"다음 호출 관계를 생각하자.

- `batch()`: `REQUIRED` transaction
- `saveOne()`: `REQUIRES_NEW`
- 호출 방식: 같은 Bean 내부 호출
- 기대: item마다 independent transaction

질문: 실제 위험과 가장 읽기 쉬운 해결 방향을 설명하라.",MODEL_ANSWER_SUFFICIENT,하나의 중심 판단으로 수렴해 모델답변·설명으로 직접 대조 가능: “self-invocation이면 saveOne 호출이 proxy를 통과하지 않아 REQUIRES_NEW advice가 적용되지 않고 outer transaction 하나에서 실행될 수 있다. saveOne이 정말 별도 transaction 책임이라면 다른 Bean/use-case boundary로 분리해 proxy를 통한 외부 호출이…”,YES_CONTEXT_USED,NO_CONTENT_CHANGE,206,222,0.507
spring,spring.core.transaction-aop.rollback-rule.q2,DESCRIPTIVE,PUBLISHED,HARD,spring.core.transaction-aop.rollback-rule,"다음 transaction 상태 변화를 생각하자.

1. Inner operation이 참여 중인 transaction을 `rollback-only`로 표시한다.
2. Outer method가 exception을 catch하고 정상 return한다.
3. Completion 시점에 commit을 시도한다.

질문: 이때 rollback 또는 `UnexpectedRollbackException`이 발생할 수 있는 이유를 설명하라.",MODEL_ANSWER_SUFFICIENT,하나의 중심 판단으로 수렴해 모델답변·설명으로 직접 대조 가능: “exception을 catch했다고 이미 표시된 transaction 상태가 정상으로 되돌아가는 것은 아니다. inner 실패가 shared transaction을 rollback-only로 표시했다면 outer가 commit을 요청해도 transaction manager가 rollback하고 caller에게 unexpected…”,NOT_APPLICABLE,NO_CONTENT_CHANGE,203,287,0.365
spring,spring.core.transaction-aop.rollback-rule.q3,SCENARIO,PUBLISHED,HARD,spring.core.transaction-aop.rollback-rule,DB transaction 안에서 외부 결제 API가 성공한 뒤 RuntimeException이 발생했다. DB rollback만으로 결제까지 원복되지 않는 이유와 필요한 추가 설계 방향을 설명하라.,STRUCTURED_CRITERIA_USEFUL,"local DB rollback boundary | already completed remote payment side effect | idempotency, compensation and reconciliation",YES_CONTEXT_USED,NO_CONTENT_CHANGE,194,212,0.763
spring,spring.core.validation-error.bean-validation.q2,SCENARIO,PUBLISHED,HARD,spring.core.validation-error.bean-validation,회원가입에서 `existsByEmail=false`를 확인한 뒤 insert한다. 동시에 두 요청이 같은 email로 들어오면 application 검증만으로 unique를 보장할 수 없는 이유와 보완책을 설명하라.,MODEL_ANSWER_SUFFICIENT,하나의 중심 판단으로 수렴해 모델답변·설명으로 직접 대조 가능: “두 transaction이 사전 조회에서 모두 없음으로 볼 수 있으므로 둘 다 insert를 시도할 수 있다. 친절한 사전 검사는 유지할 수 있지만 최종 동시성 invariant는 DB UNIQUE constraint로 보호하고 violation을 application error로 변환한다.”,YES_CONTEXT_USED,NO_CONTENT_CHANGE,163,188,0.504
spring,spring.core.validation-error.binding-errors.q2,DESCRIPTIVE,PUBLISHED,MEDIUM,spring.core.validation-error.binding-errors,binding error 응답에 rejected password 값을 그대로 포함하는 구현이 위험한 이유와 대안을 설명하라.,MODEL_ANSWER_SUFFICIENT,하나의 중심 판단으로 수렴해 모델답변·설명으로 직접 대조 가능: “오류 응답/log가 secret/PII 유출 경로가 될 수 있다. field/code와 안전한 message만 제공하고 민감한 rejected value는 redaction/omit하며 operator 진단에는 correlation과 안전한 metadata를 사용한다.”,NOT_APPLICABLE,NO_CONTENT_CHANGE,150,180,0.719
spring,spring.core.validation-error.exception-handler.q2,SCENARIO,PUBLISHED,MEDIUM,spring.core.validation-error.exception-handler,전역 `@ExceptionHandler(Exception.class)`가 모든 오류를 400 `INVALID_REQUEST`로 바꾼다. 운영상 어떤 문제가 생길 수 있는지 두 가지 이상 설명하라.,STRUCTURED_CRITERIA_USEFUL,server faults hidden as client 400s | retry/client decision corruption | expected error mapping versus observable 5xx,YES_CONTEXT_USED,NO_CONTENT_CHANGE,201,193,0.644
spring,spring.core.why.object-graph.q2,DESCRIPTIVE,PUBLISHED,MEDIUM,spring.core.why.object-graph,`OrderService`가 `OrderRepository`와 `PaymentGateway`를 생성자로 받는다. 이 구조에서 객체 그래프를 완성하기 위해 서비스 밖에서 추가로 결정해야 할 내용을 두 가지 이상 설명하라.,STRUCTURED_CRITERIA_USEFUL,concrete implementation selection | instance lifetime/scope | configuration and dependency wiring order,NOT_APPLICABLE,NO_CONTENT_CHANGE,140,206,0.429
spring,spring.core.why.coupling.q2,DESCRIPTIVE,PUBLISHED,MEDIUM,spring.core.why.coupling,`OrderService`가 `new Money(...)`를 만드는 것과 `new JpaOrderRepository(...)`를 만드는 것을 결합도 관점에서 왜 다르게 판단할 수 있는지 설명하라.,STRUCTURED_CRITERIA_USEFUL,domain-owned value construction | persistence technology/lifecycle construction | independent change reasons,NOT_APPLICABLE,NO_CONTENT_CHANGE,171,216,0.630
spring,spring.core.why.ioc-di.q2,SCENARIO,PUBLISHED,MEDIUM,spring.core.why.ioc-di,"다음 두 코드 중 constructor DI에 더 가까운 것은 무엇이며 이유는 무엇인가?

A. `repository = context.getBean(OrderRepository.class);`
B. `OrderService(OrderRepository repository)`",MODEL_ANSWER_SUFFICIENT,하나의 중심 판단으로 수렴해 모델답변·설명으로 직접 대조 가능: “B다. 필요한 dependency가 constructor contract에 드러나고 외부 조립자가 전달한다. A는 객체가 locator/container를 직접 호출해 dependency를 찾으므로 Service Locator 성격이 강하다.”,YES_CONTEXT_USED,NO_CONTENT_CHANGE,135,218,0.438
system-design,system-design.core.architecture.sync-async.q2,SCENARIO,PUBLISHED,MEDIUM,system-design.core.architecture.sync-async,"CSV import는 다음 단계를 거치며 수 초 안에 끝나지 않는다.

1. 요청 검증
2. Data import
3. 외부 indexing

API 응답과 operation 상태 model을 어떻게 설계해야 하는가?",STRUCTURED_CRITERIA_USEFUL,durable operation identity/state | worker progress and retry/recovery | polling/notification outcome contract,YES_CONTEXT_USED,NO_CONTENT_CHANGE,231,58,0.131
system-design,system-design.core.architecture.sync-async.q3,DESCRIPTIVE,PUBLISHED,HARD,system-design.core.architecture.sync-async,"한 API 요청에서 다음 작업을 모두 synchronous로 처리하려 한다.

- 결제 승인: 즉시 결과가 필요함
- 검색 indexing: 지연 가능함

이 설계의 문제와 두 작업의 경계를 분리하는 계약을 설명하라.",STRUCTURED_CRITERIA_USEFUL,synchronous payment outcome boundary | asynchronous indexing and freshness contract | timeout/idempotency/replay recovery,NOT_APPLICABLE,NO_CONTENT_CHANGE,313,73,0.149
system-design,system-design.core.architecture.read-write-models.q2,SCENARIO,PUBLISHED,MEDIUM,system-design.core.architecture.read-write-models,"다음 순서로 freshness 문제가 드러났다.

1. 사용자가 quiz를 완료한다.
2. Canonical write는 성공한다.
3. 학습 대시보드 projection은 30초 늦다.
4. 사용자는 방금 완료한 결과를 보지 못한다.

Write correctness를 훼손하지 않고 어떤 선택을 할 수 있는가?",STRUCTURED_CRITERIA_USEFUL,canonical quiz result at write commit | immediate canonical read/pinning option | lag observation and projection rebuild recovery,YES_CONTEXT_USED,NO_CONTENT_CHANGE,234,77,0.213
system-design,system-design.core.architecture.read-write-models.q3,DESCRIPTIVE,PUBLISHED,HARD,system-design.core.architecture.read-write-models,"검색용 denormalized read model을 도입할 때 다음 순서로 무엇을 검토해야 하는지 설명하라.

1. Canonical ownership과 write invariant
2. Query shape와 freshness 목표
3. Projection update 비용과 lag
4. Backfill·rebuildability와 대체 처리",STRUCTURED_CRITERIA_USEFUL,canonical write/invariant ownership | query/freshness and projection lag cost | replay/rebuild and stale-read fallback,NOT_APPLICABLE,NO_CONTENT_CHANGE,324,79,0.127
system-design,system-design.core.architecture.modular-monolith-services.q2,SCENARIO,PUBLISHED,MEDIUM,system-design.core.architecture.modular-monolith-services,"주문 module을 service로 분리했지만 write 상태는 다음과 같다.

| Actor | 동작 |
| --- | --- |
| 기존 application | 주문 table 직접 write |
| 분리된 service | 같은 주문 table 직접 write |

이 분리가 왜 위험하며 다음 단계는 무엇인가?",STRUCTURED_CRITERIA_USEFUL,single canonical write owner | command/API/event instead of shared writes | schema migration and recovery boundary,YES_CONTEXT_USED,NO_CONTENT_CHANGE,262,54,0.151
system-design,system-design.core.architecture.modular-monolith-services.q3,DESCRIPTIVE,PUBLISHED,HARD,system-design.core.architecture.modular-monolith-services,"Modular monolith를 유지할지 service로 분리할지 다음 관점에서 판단하는 방법을 설명하라.

- Team autonomy와 coupling
- 장애 격리
- Deployment·운영 비용
- Data ownership
- Migration과 rollback 위험",STRUCTURED_CRITERIA_USEFUL,"module/data ownership and autonomy | isolation/release benefit versus distributed operations cost | migration, rollback and incident evidence",NOT_APPLICABLE,NO_CONTENT_CHANGE,363,58,0.115
system-design,system-design.core.reliability.failure-budget.q2,SCENARIO,PUBLISHED,MEDIUM,system-design.core.reliability.failure-budget,"Recommendation dependency가 장애 났지만 recommendation을 제외하면 핵심 상품 조회는 계속할 수 있다.

이 대체 처리가 안전하려면 다음 경계를 어떻게 확인해야 하는가?

- 핵심 상품·권한 invariant
- Origin capacity
- Partial 응답 contract
- Degradation 진입·복구",STRUCTURED_CRITERIA_USEFUL,core invariant and authorization under dependency loss | fallback origin capacity/privacy | partial-response and degradation recovery contract,YES_CONTEXT_USED,NO_CONTENT_CHANGE,225,71,0.161
system-design,system-design.core.reliability.failure-budget.q3,DESCRIPTIVE,PUBLISHED,HARD,system-design.core.reliability.failure-budget,"SLO error budget을 다음 architecture policy와 연결하는 설계를 설명하라.

- Graceful degradation의 진입·해제
- Core workflow 보호
- Release 중단·재개
- Projection과 dependency recovery",STRUCTURED_CRITERIA_USEFUL,user SLI/burn trigger and release policy | core workflow protection and dependency degradation | projection reconciliation and staged restoration,NOT_APPLICABLE,NO_CONTENT_CHANGE,297,77,0.179
system-design,system-design.core.reliability.failure-isolation.q2,SCENARIO,PUBLISHED,MEDIUM,system-design.core.reliability.failure-isolation,"Optional report endpoint가 느린 외부 API를 호출하면서 core web 요청과 같은 connection pool을 사용한다.

예상되는 장애 전파와 다음 경계에 둘 guard를 설명하라.

- Report workload
- Shared connection pool
- 외부 API
- Core 요청",STRUCTURED_CRITERIA_USEFUL,"optional report resource occupancy | shared pool/thread blast-radius on core requests | bulkhead, deadline, shedding and downstream budget",YES_CONTEXT_USED,NO_CONTENT_CHANGE,234,79,0.176
system-design,system-design.core.reliability.failure-isolation.q3,DESCRIPTIVE,PUBLISHED,HARD,system-design.core.reliability.failure-isolation,"한 시스템에 다음 보호 기법을 배치하려 한다.

- Timeout
- Rate limit
- Backpressure
- Load shedding

각 기법의 역할과 end-to-end 보호 계약을 설명하라.",STRUCTURED_CRITERIA_USEFUL,"per-operation timeout/rate/backpressure/shedding roles | queue, pool and end-to-end deadline budgets | cancellation/retry amplification guard",NOT_APPLICABLE,NO_CONTENT_CHANGE,344,56,0.158
system-design,system-design.core.reliability.rollout-observability.q2,SCENARIO,PUBLISHED,MEDIUM,system-design.core.reliability.rollout-observability,"새 version의 canary에서 다음 결과가 관측된다.

| Signal | 결과 |
| --- | --- |
| Process health check | 통과 |
| 특정 tenant의 p99 | 증가 |
| Business error | 증가 |

Rollout 판단에서 무엇을 보완해야 하는가?",STRUCTURED_CRITERIA_USEFUL,process health versus tenant-level user impact | canary SLO/business correctness gate | persistent schema/side-effect rollback recovery,YES_CONTEXT_USED,NO_CONTENT_CHANGE,294,79,0.116
system-design,system-design.core.reliability.rollout-observability.q3,DESCRIPTIVE,PUBLISHED,HARD,system-design.core.reliability.rollout-observability,"다음 data contract가 함께 바뀌는 architecture 변경을 progressive rollout하고 rollback하는 계획을 설명하라.

- Schema
- Event contract
- Cache key

배포 순서, 관측 gate, code rollback 뒤 남는 상태의 복구를 포함해야 한다.",STRUCTURED_CRITERIA_USEFUL,backward-compatible schema/event/cache rollout order | cohort SLO/lag/business gate | irreversible side-effect compensation and reconciliation,NOT_APPLICABLE,NO_CONTENT_CHANGE,377,72,0.136
system-design,system-design.core.requirements.functional-nonfunctional.q2,SCENARIO,PUBLISHED,MEDIUM,system-design.core.requirements.functional-nonfunctional,"기획자가 검색을 ""실시간""으로 제공해 달라고 했다.

설계 전에 다음 표현을 어떤 measurable requirement로 바꿀지 설명하라.

- 응답 지연 시간과 peak traffic
- 결과 freshness
- 오류·부분 결과 허용 범위
- 보존·권한·비용",STRUCTURED_CRITERIA_USEFUL,"p95/p99 latency and peak QPS | freshness target | partial/error, retention/authorization and cost acceptance criteria",YES_CONTEXT_USED,NO_CONTENT_CHANGE,194,56,0.063
system-design,system-design.core.requirements.functional-nonfunctional.q3,DESCRIPTIVE,PUBLISHED,HARD,system-design.core.requirements.functional-nonfunctional,"검색 시스템의 다음 요구사항이 서로 충돌한다.

- 지연 시간
- Freshness
- 가용성
- Cost

Hard invariant와 trade-off 가능한 preference를 구분하고 각각의 검증 방법을 설명하라.",STRUCTURED_CRITERIA_USEFUL,security/canonical correctness hard invariant | latency/freshness/availability/cost preferences | workload and outage validation criteria,NOT_APPLICABLE,NO_CONTENT_CHANGE,268,54,0.087
system-design,system-design.core.requirements.capacity-data.q2,SCENARIO,PUBLISHED,MEDIUM,system-design.core.requirements.capacity-data,"API workload는 다음과 같다.

| 항목 | 값 |
| --- | --- |
| 일일 평균 요청 | 100만 건 |
| 캠페인 burst | 평소의 10배 |
| 요청당 DB query | 평균 3회 |
| 요청당 write | 2KB |

Rough estimate에서 어떤 숫자와 배수를 먼저 모델링해야 하는가?",STRUCTURED_CRITERIA_USEFUL,"average-to-peak QPS and burst duration | per-request query/write amplification | concurrency, storage retention and load-test assumptions",YES_CONTEXT_USED,NO_CONTENT_CHANGE,221,69,0.278
system-design,system-design.core.requirements.capacity-data.q3,DESCRIPTIVE,PUBLISHED,HARD,system-design.core.requirements.capacity-data,"Capacity 추정에 다음 시나리오와 불확실성을 포함해야 하는 이유를 설명하라.

- Low
- Base
- High

또한 어떤 조건에서 architecture decision trigger를 둘지 설명하라.",STRUCTURED_CRITERIA_USEFUL,low/base/high workload assumptions | evidence sources and uncertainty | measurable capacity decision trigger and lead time,NOT_APPLICABLE,NO_CONTENT_CHANGE,315,57,0.125
system-design,system-design.core.requirements.ownership-boundaries.q2,SCENARIO,PUBLISHED,MEDIUM,system-design.core.requirements.ownership-boundaries,"주문 상태가 다음 두 저장소에서 모두 수정되고 있다.

- API DB
- Search index

장애 복구 때 서로 다른 상태가 보인다면 ownership boundary를 어떻게 바로잡아야 하는가?",STRUCTURED_CRITERIA_USEFUL,"canonical order state owner | derived search projection via event/outbox | lag, replay/rebuild and stale-result contract",YES_CONTEXT_USED,NO_CONTENT_CHANGE,215,70,0.143
system-design,system-design.core.requirements.ownership-boundaries.q3,DESCRIPTIVE,PUBLISHED,HARD,system-design.core.requirements.ownership-boundaries,"팀별 service 분리를 위한 data ownership boundary를 정할 때 다음 요소를 함께 고려해야 하는 이유를 설명하라.

- Aggregate와 invariant
- API와 write 권한
- Schema migration
- Recovery와 projection rebuild",STRUCTURED_CRITERIA_USEFUL,aggregate/invariant owner | API/write and migration rights | recovery/projection rebuild and cross-boundary workflow consistency,NOT_APPLICABLE,NO_CONTENT_CHANGE,311,62,0.182
